S0140000466173616C466C61736865722E7372656364
S3150800000000000120BD0A00080D0800080F080008B6
S31508000010170800081F080008270800080000000045
S315080000200000000000000000000000002F08000883
S3150800003031080008000000003308000835080008E9
S31508000040050B0008050B0008050B0008050B000842
S31508000050050B00083D080008050B0008050B0008FD
S31508000060050B0008050B0008050B0008050B000822
S31508000070050B0008050B0008050B0008050B000812
S31508000080050B0008050B0008050B0008050B000802
S31508000090050B0008050B0008050B0008050B0008F2
S315080000A0050B0008050B0008050B0008050B0008E2
S315080000B0050B0008050B0008050B0008050B0008D2
S315080000C0050B0008050B0008050B0008050B0008C2
S315080000D0050B0008050B0008050B0008050B0008B2
S315080000E0050B0008050B0008050B0008050B0008A2
S315080000F0050B0008050B0008050B0008050B000892
S31508000100050B0008050B0008050B0008050B000881
S31508000110050B0008050B000841080008050B000838
S31508000120050B0008050B0008050B0008050B000861
S3150800013000000000000000000000000000000000B1
S3150800014000000000000000000000000000000000A1
S315080001500000000000000000000000000000000091
S315080001600000000000000000000000000000000081
S315080001700000000000000000000000000000000071
S315080001800000000000000000000000000000000061
S315080001900000000000000000000000000000000051
S315080001A00000000000000000000000000000000041
S315080001B00000000000000000000000000000000031
S315080001C00000000000000000000000000000000021
S315080001D00000000000000000000000000000000011
S309080001E05FF8E0F1E5
S315080001E410B5054C237833B9044B13B10448AFF35F
S315080001F400800123237010BDE000002000000000E9
S3150800020420C4000808B5034B1BB103490348AFF3E0
S31508000214008008BD00000000E400002020C4000897
S31508000224034613F8012B002AFBD1181A0138704724
S31508000234430803F05533C01A830803F0333300F038
S315080002443330184400EB101000F00F3000EB002098
S3150800025400EB0040000E704708B50548054B0360DF
S3150800026400F06EFD00B908BD00F014F9FBE700BF05
S31508000274FC000020003002400268094B9A4200D074
S31508000284704782B0A3F500535A6942F040025A6196
S315080002945B6903F040030193019B02B0704700BFFA
S315080002A4003002402DE9F04788B0002404940594F0
S315080002B406940794494B9A6942F010029A619A691E
S315080002C402F010020092009A9A6942F020029A619A
S315080002D49A6902F020020192019A9A6942F004028C
S315080002E49A619A6902F004020292029A9A6942F0A1
S315080002F408029A619B6903F008030393039BDFF8DA
S31508000304E08022461021404601F018F8354F22466F
S3150800031441F23811384601F011F8DFF8CC9022463C
S315080003244FF4E051484601F009F840F2FF330493CC
S315080003340325059504A9484600F062FD012604969E
S315080003442A4B0593069404A9404600F059FD49F63C
S3150800035402130493059504A9404600F051FD1023A1
S315080003640493059606944FF0020ACDF81CA00DEBEB
S315080003740301404600F044FD40F605430493059402
S31508000384069404A9384600F03BFD40F20223049380
S31508000394059504A9384600F033FD41F23813049351
S315080003A405960694CDF81CA004A9384600F028FD45
S315080003B44FF4E053049305960694CDF81CA004A9BB
S315080003C4484600F01DFD04230493059504A908482E
S315080003D400F016FD08B0BDE8F08700BF0010024023
S315080003E400080140000C01400010014000001110F3
S315080003F40014014008B50B480B4B03600B4B4360D4
S3150800040400238360C3604FF48042026143618361C1
S31508000414C361036200F0AEFF00B908BD00F03AF804
S31508000424FBE700BF0401002000540040A086010039
S3150800043410B586B0002302930393049305930268C8
S31508000444114B9A4201D006B010BD104CA36943F073
S315080004540803A361A36903F008030093009BC02360
S315080004640293122303930323059302A9084800F071
S31508000474C7FCE36943F40013E361E36903F4001377
S315080004840193019BDFE700BF0054004000100240BF
S31508000494000C014008B505F005FE08BD00B597B087
S315080004A4282200210CA80BF061F80023079308936F
S315080004B409930A930B930193029303930493059365
S315080004C4069305230C934FF480330D9301220F9260
S315080004D410920222139214934FF4E01315930CA866
S315080004E401F0AAF8C8B90F2307930221089100233B
S315080004F409934FF480620A920B9307A801F06AFBEA
S3150800050470B9012301934FF48073029301A801F093
S315080005149DFC40B917B05DF804FBFFF7BBFFE2E7A3
S31508000524FFF7B8FFEDE7FFF7B5FFF3E708B500F007
S315080005340FFBFFF7B3FFFFF7B5FEFFF78DFEFFF7D7
S3150800054459FF00F019F800F05DF800F07DF800F0A6
S3150800055415FA00F02DFA03F037F900F0C7F905F09B
S3150800056461FAFCE708B5024B024A05F0B7FD08BD77
S3150800057440C4000844C4000800B583B000230093AF
S3150800058401930E480E4A02604FF0FF3242608360C0
S3150800059401F0F2FD58B90123009302230193694639
S315080005A4064801F06BFE28B903B05DF804FBFFF7B3
S315080005B471FFF0E7FFF76EFFF6E700BF580100206A
S315080005C40028004002680C4B9A4200D0704700B5D8
S315080005D483B001F015F8094BDA6942F00062DA6172
S315080005E4DB6903F000630193019B054B0122C3F801
S315080005F43C2403B05DF804FB0028004000100240C8
S315080006040000424208B50E480E4B03604FF482734D
S31508000614436000238360C360036143614FF400723F
S3150800062482610822C2610362436283620A23C36247
S3150800063401F026FF00B908BDFFF72CFFFBE700BF52
S31508000644C40100200030014008B50D480D4B036075
S315080006544FF48273436000238360C360036143617C
S315080006644FF400728261C3610362436283620A23A0
S31508000674C36201F005FF00B908BDFFF70BFFFBE7EE
S315080006846C0100200038004010B588B0002304939C
S3150800069405930693079303682C4A934204D02C4A7D
S315080006A4934229D008B010BD2A4B9A6942F4805265
S315080006B49A619A6902F480520092009A9A6942F001
S315080006C404029A619B6903F004030193019BA02326
S315080006D4049302230593032307931F4C04A9204676
S315080006E400F08EFB4023049300230593069304A984
S315080006F4204600F085FBD5E7164BDA6942F48042BA
S31508000704DA61DA6902F480420292029A9A6942F03C
S3150800071408029A619B6903F008030393039B4FF449
S315080007242043049302230593032307930B4C04A93C
S31508000734204600F065FB4FF4804304930023059399
S31508000744069304A9204600F05BFBABE700300140A2
S31508000754003800400010024000080140000C014027
S3150800076408B503680E4A934203D00E4A93420BD047
S3150800077408BD02F56042936923F480539361E0212E
S31508000784094800F013FDF3E702F5EC32D36923F4C4
S315080007948043D3614FF46041044800F007FDE7E75E
S315080007A4003001400038004000080140000C0140B8
S315080007B400B583B0124B9A6942F001029A619A69AC
S315080007C402F001020092009ADA6942F08052DA6174
S315080007D4DB6903F080530193019B0022114605202F
S315080007E400F052FA052000F073FA064A536823F01B
S315080007F4E06343F00073536003B05DF804FB00BF85
S315080008040010024000000140FEE708B505F058FC58
S31508000814FEE708B505F054FCFEE708B505F050FCFC
S31508000824FEE708B505F04CFCFEE7704770477047CD
S3150800083408B500F09FF908BD7047000008B50248DE
S3150800084402F0C4FA08BD00BF2002002070B50C46A9
S315080008541646002506E0AFF30080214601F8010B91
S3150800086401350C46B542F6DB304670BD70B50C460C
S315080008741646002504E014F8010BAFF30080013591
S31508000884B542F8DB304670BD4FF0FF3070474FF481
S3150800089400534B60002070470120704700207047C2
S315080008A410B503460C4A0D490D48006840B10C487A
S315080008B400680344521A934206D8094A136010BDC5
S315080008C40748084C0460F2E70AF0DCFE0C230360D0
S315080008D44FF0FF30F3E700BF0000012000100000CE
S315080008E41C02002030D000207047000000B583B0F9
S315080008F40023009301930F480F4A026040F67F4293
S31508000904426083606322C260836102F063FB50B96C
S315080009140023009301936946064802F0E7FB28B9C9
S3150800092403B05DF804FBFFF7B5FDF1E7FFF7B2FD89
S31508000934F6E700BF200200200010004002680E4BB4
S315080009449A4200D0704700B583B003F50033DA69DC
S3150800095442F01002DA61DB6903F010030193019B8C
S3150800096400221146362000F08FF9362000F0B0F93F
S3150800097403B05DF804FB00BF0010004008B50A4840
S315080009840A4B03604FF4E133436000238360C3607A
S3150800099403610C2242618361C36102F01BFD00B945
S315080009A408BDFFF777FDFBE7B002002000380140D9
S315080009B408B50A480A4B03604FF4E1334360002341
S315080009C48360C36003610C2242618361C36102F0E0
S315080009D401FD00B908BDFFF75DFDFBE768020020CD
S315080009E40044004010B588B0002304930593069389
S315080009F4079303682C4A934204D02C4A93422BD07B
S31508000A0408B010BD2A4B9A6942F480429A619A69E1
S31508000A1402F480420092009A9A6942F004029A61AA
S31508000A249B6903F004030193019B4FF40073049339
S31508000A3402230593032307931E4C04A9204600F0BA
S31508000A44DFF94FF48063049300230593069304A9FE
S31508000A54204600F0D5F9D3E7154BDA6942F400329B
S31508000A64DA61DA6902F400320292029A9A6942F069
S31508000A7404029A619B6903F004030393039B04230A
S31508000A84049302230593032307930A4C04A92046D7
S31508000A9400F0B6F90823049300230593069304A9E2
S31508000AA4204600F0ADF9ABE70038014000440040A9
S31508000AB40010024000080140FFF716FF0B480C49D6
S31508000AC40C4A002302E0D458C4500433C4188C4298
S31508000AD4F9D3094A094C002301E013600432A242FF
S31508000AE4FBD30AF0D5FDFFF721FD7047000000206F
S31508000AF4C4000020FCDF0008E000002030D00020FD
S31508000B04FEE7000010B504460E4B1A784FF47A73C4
S31508000B14B3FBF2F30C4A1068B0FBF3F000F0FCF8F0
S31508000B2468B90F2C01D901200AE0002221464FF0AA
S31508000B34FF3000F0A9F8054B1C60002000E00120F6
S31508000B4410BD00BF0400002000000020080000209B
S31508000B5408B5074A136843F010031360032000F02E
S31508000B6475F80F20FFF7CEFFFFF722FE002008BD19
S31508000B7400200240034A1168034B1B780B44136098
S31508000B84704700BFF802002004000020014B1868D3
S31508000B94704700BFF802002038B50446FFF7F6FF91
S31508000BA40546B4F1FF3F02D0044B1B781C44FFF7FB
S31508000BB4EDFF401BA042FAD338BD00BF0400002055
S31508000BC400280CDB00F01F02400901239340203063
S31508000BD4034A42F82030BFF34F8FBFF36F8F704735
S31508000BE400E100E0002808DB0901C9B200F1604011
S31508000BF400F5614080F80013704700F00F00090102
S31508000C04C9B2014B1954704714ED00E000B500F061
S31508000C140700C0F1070CBCF1040F28BF4FF0040C01
S31508000C24031D062B0FD9C31E4FF0FF3E0EFA0CF018
S31508000C3421EA000199400EFA03FE22EA0E0241EA6D
S31508000C4402005DF804FB0023EEE7000010B5044635
S31508000C54C31E042B0FD80A4AD36823F4E0631B0483
S31508000C641B0C240204F4E064234343F0BF6343F4F7
S31508000C740033D36010BD91210248FFF773FCEAE7FD
S31508000C8400ED00E06CC4000870B506460C4615462F
S31508000C940F2A0ED80F2C11D80B4BD8682A46214692
S31508000CA4C0F30220FFF7B2FF01463046FFF79AFF6A
S31508000CB470BDA9210548FFF755FCEBE7AA210348AF
S31508000CC4FFF750FCE8E700BF00ED00E06CC400083D
S31508000CD408B5002808DB00F01F02400901239340E9
S31508000CE4044A42F8203008BDBD210348FFF73AFC00
S31508000CF4F9E700BF00E100E06CC4000810B5041E63
S31508000D0403DB2046FFF75CFF10BDCD210148FFF742
S31508000D1429FCF6E76CC400080138B0F1807F0BD2D1
S31508000D244FF0E0235861054AF02182F82310002089
S31508000D34986107221A6170470120704700ED00E0A8
S31508000D44A0B110B504460268094B9A4203D068213B
S31508000D540848FFF707FC63791BB101236371002078
S31508000D6410BD23712046FFF787FAF6E7012070477E
S31508000D7400300240A8C400088446022343710023B5
S31508000D84934211D200B5DCF8000051F823E0C0F80C
S31508000D9400E001339342F6D3DCF8003018680123E7
S31508000DA48CF805305DF804FB0368186801238CF891
S31508000DB405307047034690F82120D2B2022A06D09D
S31508000DC404228263002280F82020012070470168EB
S31508000DD40A6822F00E020A6001680A6822F0010213
S31508000DE40A60026CC06B012101FA02F2426083F8C0
S31508000DF42110002083F820007047806B704700009C
S31508000E042DE9F04383B007460E46864B98421BD01D
S31508000E1403F58063984217D003F58063984213D08C
S31508000E2403F5806398420FD003F5806398420BD08C
S31508000E3403F58063984207D003F58063984203D08C
S31508000E44BD217948FFF78EFB33689AB212B1B3F520
S31508000E54803F03D3BE217448FFF784FB7368012BD4
S31508000E6411D9724A93420ED014D8A2F5801293422D
S31508000E7409D003D96E4A934205D016E0032B06D946
S31508000E84113B012B11D84FF000094D4608E1022BFE
S31508000E940BD3F8E7674A9342F5D002F580329342BA
S31508000EA4F1D0A2F580129342EDD0BF215E48FFF738
S31508000EB459FBE8E7604A934210D007D95D4A934242
S31508000EC40CD002F58032934208D01AE0A2F58012BB
S31508000ED4934203D002F5702293420ED1B368022BD3
S31508000EE400F28980B368002B00F09180012B00F092
S31508000EF487807C614FF0080903E0A2F580129342CB
S31508000F04ECD0B8F1FF0F00F285803846AA000368D2
S31508000F140F21914023EA010309FA02F213430360FD
S31508000F24736813F0805F00F0BA80444B9A6942F004
S31508000F3401029A619B6903F001030193019BAA08C4
S31508000F44911C3F4B53F8210005F0030189000F2338
S31508000F548B4020EA0300334B9F4273D003F580632A
S31508000F649F4200F0F78003F580639F4200F0F48007
S31508000F7403F580639F4200F0F18003F580639F4286
S31508000F8400F0EE8003F580639F4248D006235AE0BA
S31508000F94F368013B022B02D8D6F80C90B1E7D521A9
S31508000FA42148FFF7DFFAF7E7F368013B022B03D87A
S31508000FB4F36803F10409A4E7DC211B48FFF7D2FA16
S31508000FC4F6E7F368013B022B03D8F36803F1080933
S31508000FD497E7E3211448FFF7C5FAF6E7F368013BF8
S31508000FE4022B03D8F36803F10C098AE7EA210E48B1
S31508000FF4FFF7B8FAF6E7F7210B48FFF7B3FA71E7F4
S315080010043C614FF008097CE74FF0000979E74FF097
S31508001014040976E7381DA5F10802920077E7052347
S3150800102411E000BF00080140E0C4000800002110D8
S3150800103400001210000031100000221000100240B7
S315080010440000014000238B4003430232534941F810
S315080010542230736813F4801F00F08480504A936822
S3150800106443EA08039360736813F4001F00F0808052
S315080010744B4AD36843EA0803D360736813F4003F02
S315080010847CD0474A536843EA08035360736813F4E9
S31508001094803F79D0424A136843EA0803136001354E
S315080010A4336833FA05F275D00124AC4003EA040820
S315080010B434EA0303F3D13B4B9F421BD003F5806309
S315080010C49F4217D003F580639F4213D003F58063CC
S315080010D49F420FD003F580639F420BD003F58063CC
S315080010E49F4207D003F580639F4203D0CD212E4843
S315080010F4FFF738FA7368122B3FF6DCAE122B3FF66D
S3150800110400AF01A252F823F0E10E0008950F00087B
S31508001114C70F00080D100008070F0008070F00087E
S31508001124070F0008070F0008070F0008070F000835
S31508001134070F0008070F0008070F0008070F000825
S31508001144070F0008070F0008070F0008AD0F00086F
S31508001154E10F0008012376E7022374E7032372E705
S31508001164042370E70E4A936823EA080393607AE730
S315080011740B4AD36823EA0803D3607EE7084A536810
S3150800118423EA0803536081E7054A136823EA080338
S31508001194136084E703B0BDE8F08300BF0000014094
S315080011A40004014000080140E0C40008F8B50446FC
S315080011B40D46544B98421CD003F58063984218D0C8
S315080011C403F58063984214D003F58063984210D0DF
S315080011D403F5806398420CD003F58063984208D0DF
S315080011E403F58063984204D04FF4B4714648FFF778
S315080011F4B9F9ABB213B1B5F5803F04D340F269111E
S315080012044148FFF7AFF900221FE04FF0050C01E053
S315080012144FF0000C0CFA01F1814250D0FF2B68D82C
S31508001224A6464FEA820CDEF800100F2000FA0CF0EE
S3150800123421EA0001042000FA0CF00143CEF800105C
S31508001244E16821EA0303E360013235FA02F357D071
S31508001254012393402B40F7D09708B81C2B4951F823
S31508001264200002F0030189000F2606FA01FE0EEAA1
S315080012740000244EB442CBD006F58066B44212D0A0
S3150800128406F58066B44211D006F58066B44210D0DD
S3150800129406F58066B4420FD006F58066B442B4D02B
S315080012A44FF0060CB6E74FF0010CB3E74FF0020C0B
S315080012B4B0E74FF0030CADE74FF0040CAAE7144966
S315080012C4086820EA03000860486820EA03004860C2
S315080012D4C86820EA0300C860886820EA03008860B2
S315080012E40A4EB91C56F8210020EA0E0046F82100D9
S315080012F494E704F1040EA2F1080C4FEA8C0C92E769
S31508001304F8BD00BF00080140E0C400080000014021
S315080013140004014038B504460D4621B1A3681D42B0
S3150800132407D0012038BD4FF4DA710348FFF71AF9DC
S31508001334F4E70020F6E700BFE0C4000870B50546E8
S3150800134414460E4621B1012C08D86CB12E6170BD25
S315080013544FF4EA710648FFF705F9F4E740F2D511A8
S315080013640348FFF7FFF8F0E736042E61EFE700BFFE
S31508001374E0C40008002800F02F8170B5044603680D
S31508001384974A934208D002F58062934204D040F209
S31508001394DB119448FFF7E6F86368013B924A9342E7
S315080013A46ED8A36813B1B3F5804F6FD1E368B3F56C
S315080013B4806F71D22369B3F5804F02D0B3F5404FDD
S315080013C470D16369012B73D8A36933F0FE0375D111
S315080013D4E3690BB1402B77D1236A0BB1802B79D102
S315080013E494F83D30002B7BD0242384F83D302268C2
S315080013F4136823F0010313602268136843F4004357
S3150800140413602268136823F40043136000F0FEFC9B
S315080014146268764B9A4269D8754B98428CBF00230A
S315080014240123002B40F0DA807249A1FB00318B0CB2
S3150800143425686A6822F03F0242EA91426A60216896
S315080014440A6A22F03F026668684DAE4254D80133F0
S3150800145413430B622168CA6922F44F4222F0FF0241
S315080014646568624B9D4251D8431E6D00B3FBF5F384
S31508001474013340F6FC7003427ED0C3F30B037CE0D1
S315080014844FF4EE715748FFF76DF88AE740F2DD111D
S315080014945448FFF767F889E74FF4EF715148FFF7A7
S315080014A461F887E740F2DF114E48FFF75BF888E7F3
S315080014B44FF4F0714B48FFF755F885E740F2E11110
S315080014C44848FFF74FF883E74FF4F1714548FFF7AB
S315080014D449F881E740F2E3114248FFF743F87FE70A
S315080014E484F83C302046FEF7A3FF7DE7424B98423A
S315080014F48CBF0023012394E74FF4967505FB03F389
S315080015043E4DA5FB03539B090133A1E7A668C6B95B
S31508001514431E05EB450CB3FBFCF30133C3F30B0382
S31508001524B3FA83F35B09002B54D1C6B9431E05EB02
S315080015344505B3FBF5F30133C3F30B0343F4004347
S315080015441BE0431E05EB850C0CEB8C0CB3FBFCF380
S315080015540133C3F30B03B3FA83F35B09E3E7431ECF
S3150800156405EB850505EB8505B3FBF5F30133C3F3F5
S315080015740B0343F4404300E004231A43CA61216879
S315080015840B6823F0C003E269206A024313430B6025
S3150800159421688B6823F4034323F0FF032269E06878
S315080015A4024313438B602168CB6823F0FF03626907
S315080015B4A06902431343CB602268136843F001030E
S315080015C4136000202064202384F83D30206384F8C7
S315080015D43E0070BD0123D0E7012070470120F8E7DB
S315080015E4005400401CC500087F1A0600A0860100A6
S315080015F47F841E0083DE1B43FF083D00D34D621023
S31508001604014B01221A62704700000E4282B0084B51
S315080016141B68084AA2FB03235B0A00FB03F3019336
S3150800162400BF019B5A1E0192002BF9D102B07047E4
S3150800163400000020D34D6210002800F0898270B59E
S3150800164482B00446036813B113F00F0F2AD0236837
S3150800165413F0010F40D063682BB1B3F5803F02D075
S31508001664B3F5A02F24D19C4B5B6803F00C03042B21
S3150800167429D0994B5B6803F00C03082B1ED06368CA
S31508001684B3F5803F55D0002B69D103F1804303F5A8
S3150800169404331A6822F480321A601A6822F4802203
S315080016A41A604BE040F265118C48FEF75BFFCEE703
S315080016B440F26B118948FEF755FFD4E7864B5B6801
S315080016C413F4803FDBD0844B1B6813F4003F03D02C
S315080016D46368002B00F03E82236813F0020F00F0C3
S315080016E489802369012B63D863691F2B66D87A4BD3
S315080016F45B6813F00C0F6CD0774B5B6803F00C0334
S31508001704082B61D02369002B00F09A80744B0122C0
S315080017141A60FFF73BFA05466F4B1B6813F0020F76
S3150800172440F08580FFF732FA401B0228F4D90320DB
S3150800173415E2694A136843F480331360636843B354
S31508001744FFF724FA0546644B1B6813F4003FC3D11C
S31508001754FFF71CFA401B6428F5D90320FFE1B3F50B
S31508001764A02F09D05C4B1A6822F480321A601A68D2
S3150800177422F480221A60E1E703F18043A3F53C339F
S315080017841A6842F480221A601A6842F480321A608F
S31508001794D4E7FFF7FBF905464F4B1B6813F4003FE4
S315080017A49AD0FFF7F3F9401B6428F5D90320D6E14C
S315080017B440F29F114948FEF7D5FE95E74FF4D071DC
S315080017C44648FEF7CFFE92E7434B5B6813F4803F27
S315080017D498D1414B1B6813F0020F03D02369012BE0
S315080017E440F0BA813C4A136823F0F803616943EA76
S315080017F4C1031360236813F0080F3CD0A369012BB7
S3150800180430D8A369002B6FD0354B0122C3F8802446
S31508001814FFF7BCF90546304B5B6A13F0020F27D174
S31508001824FFF7B4F9401B0228F5D9032097E12A4AA1
S31508001834136823F0F803616943EAC1031360D9E71F
S31508001844274B00221A60FFF7A1F90546224B1B68AD
S3150800185413F0020FCED0FFF799F9401B0228F5D9E9
S3150800186403207CE14FF4F0711C48FEF77BFEC8E7C1
S315080018740120FFF7CBFE236813F0040F00F0A480C1
S31508001884E368012B01D9052B41D1134BDB6913F00E
S31508001894805F42D1104BDA6942F08052DA61DB6923
S315080018A403F080530193019B01250E4B1B6813F427
S315080018B4807F34D0E368012B45D0002B5BD103F13C
S315080018C4804303F504331A6A22F001021A621A6A7B
S315080018D422F004021A623BE00010024054C50008D4
S315080018E40000424200700040A14B0022C3F8802445
S315080018F4FFF74CF905469F4B5B6A13F0020FBAD003
S31508001904FFF744F9401B0228F5D9032027E140F2E2
S315080019140F219948FEF726FEB7E70025C5E7974A3B
S31508001924136843F480731360FFF730F90646934B44
S315080019341B6813F4807FBDD1FFF728F9801B642840
S31508001944F5D903200BE18B4A136A43F001031362AA
S31508001954E36833B3FFF71AF90646864B1B6A13F096
S31508001964020F2FD1FFF712F9801B41F288339842F0
S31508001974F3D90320F3E0052B09D07E4B1A6A22F02B
S3150800198401021A621A6A22F004021A62E0E7794B23
S315080019941A6A42F004021A621A6A42F001021A62C8
S315080019A4D6E7FFF7F3F80646724B1B6A13F0020FE5
S315080019B408D0FFF7EBF8801B41F288339842F3D935
S315080019C40320CCE0002D53D1E369022B56D8E369F2
S315080019D4002B00F0C380674A526802F00C02082AFA
S315080019E400F0A680022B40F08F80236A13B1B3F56A
S315080019F4803F49D1636A4BB3B3F5802F26D0B3F53C
S31508001A04002F23D0B3F5402F20D0B3F5801F1DD067
S31508001A14B3F5A01F1AD0B3F5C01F17D0B3F5E01F4E
S31508001A2414D0B3F5001F11D0B3F5101F0ED0B3F5BB
S31508001A34201F0BD0B3F5301F08D0B3F5401F05D0CF
S31508001A44B3F5501F02D0B3F5601F23D1484B0022CB
S31508001A541A66FFF79BF80546464B1B6813F0007F8A
S31508001A641ED0FFF793F8401B0228F5D9032076E029
S31508001A74404AD36923F08053D361A5E740F2AD21E8
S31508001A843D48FEF76FFDA2E740F2B6213A48FEF755
S31508001A9469FDAFE740F2B7213748FEF763FDD5E79E
S31508001AA4236AB3F5803F1AD032494B6823F474137A
S31508001AB4226A606A024313434B602D4B01221A665D
S31508001AC4FFF764F804462B4B1B6813F0007F19D103
S31508001AD4FFF75CF8001B0228F5D903203FE0A3684A
S31508001AE413B1B3F5003F07D1224A536823F40033F0
S31508001AF4A1680B435360D7E740F2CD211E48FEF791
S31508001B0431FDF1E700202AE0194B00221A66FFF797
S31508001B143DF80446174B1B6813F0007F06D0FFF701
S31508001B2435F8001B0228F5D9032018E0002016E032
S31508001B34012B16D00F4B5B6803F48031226A91425D
S31508001B4411D103F47013626A93420ED1002006E0A1
S31508001B5401207047012002E0012000E0002002B0C5
S31508001B6470BD0120FBE70120F9E70120F7E700BF74
S31508001B74000042420010024054C5000800700040AC
S31508001B840F4B5B6803F00C02082A01D00D48704716
S31508001B94C3F383420C49885C13F4803F0BD0084B8B
S31508001BA45B68C3F34043094AD35C064A02FB00F068
S31508001BB4B0FBF3F07047064B03FB00F0704700BF19
S31508001BC40010024000127A0090C500088CC500086F
S31508001BD400093D00002800F0FF8070B50D46044654
S31508001BE4036813F00F0F33D0022D37D87E4B1B68CA
S31508001BF403F00703AB420BD27B4A136823F00703AF
S31508001C042B431360136803F00703AB4240F0E680E6
S31508001C14236813F0020F32D013F0040F04D0734A6A
S31508001C24536843F4E0635360236813F0080F04D041
S31508001C346E4A536843F460535360A368C3B1C02B18
S31508001C4416D048D8A02B13D00ED9B02B10D048E004
S31508001C5440F236316648FEF785FCC5E740F237316F
S31508001C646348FEF77FFCC1E7802B01D0902B38D15F
S31508001C745E4A536823F0F003A1680B435360236854
S31508001C8413F0010F47D06368022B30D86368012B21
S31508001C9433D0022B38D0554A126812F0020F00F0DE
S31508001CA49F8052494A6822F0030213434B60FEF7A9
S31508001CB46DFF06464D4B5B6803F00C036268B3EB95
S31508001CC4820F28D0FEF762FF801B41F288339842C0
S31508001CD4F0D9032073E0E02BCAD0F02BC8D0D02B60
S31508001CE4C6D040F25D314248FEF73CFCC0E74FF4EB
S31508001CF459713F48FEF736FCC8E73C4A126812F4A5
S31508001D04003FCED101205AE0384A126812F0007F0B
S31508001D14C7D1012053E0344B1B6803F00703AB42D9
S31508001D240AD9314A136823F007032B43136013684F
S31508001D3403F00703AB4255D1236813F0040F14D0FC
S31508001D44E3685BB1B3F5806F08D0B3F5A06F05D02F
S31508001D54B3F5C06F02D0B3F5E06F31D1234A5368A7
S31508001D6423F4E063E1680B435360236813F0080F18
S31508001D7415D023695BB1B3F5806F08D0B3F5A06FAE
S31508001D8405D0B3F5C06F02D0B3F5E06F1ED1174A7C
S31508001D94536823F46053216943EAC1035360FFF788
S31508001DA4EFFE124B5B68C3F30313124AD35CD840A5
S31508001DB4114B1860114B1868FEF7A4FE002070BD7D
S31508001DC440F2A2310A48FEF7CDFBC7E740F2A93133
S31508001DD40748FEF7C7FBDAE7012070470120EEE75C
S31508001DE40120ECE70120EAE7002002400010024047
S31508001DF454C500085CC40008000000200800002040
S31508001E04014B1868704700BF0000002008B5FFF7AB
S31508001E14F7FF044B5B68C3F30223034AD35CD84039
S31508001E2408BD00BF0010024054C4000808B5FFF7F7
S31508001E34E7FF044B5B68C3F3C223034AD35CD84069
S31508001E4408BD00BF0010024054C4000870B582B033
S31508001E540446036813F01F0F6FD0236813F0010FAD
S31508001E6441D0636843B1B3F5807F05D0B3F5007FED
S31508001E7402D0B3F5407F65D1514BDB6913F0805F1F
S31508001E8465D14F4BDA6942F08052DA61DB6903F0B7
S31508001E9480530193019B01254A4B1B6813F4807FE9
S31508001EA457D0474B1B6A13F4407313D0626802F485
S31508001EB440729A420ED0424A136A23F44070424949
S31508001EC40126C1F840640026C1F84064106213F084
S31508001ED4010F52D13A4A136A23F4407361680B43DB
S31508001EE41362002D5AD1236813F0020F11D0A36888
S31508001EF443B1B3F5804F05D0B3F5004F02D0B3F51F
S31508001F04404F50D12E4A536823F44043A1680B43EB
S31508001F145360236813F0100F50D06369B3F5800F2C
S31508001F2401D0002B44D1264A536823F480036169FF
S31508001F340B435360002002B070BD6A212348FEF7A4
S31508001F4411FB8AE772212148FEF70CFB94E700256A
S31508001F54A2E71C4A136843F480731360FEF716FE5F
S31508001F640646184B1B6813F4807F9AD1FEF70EFEBB
S31508001F74801B6428F5D90320DDE7FEF707FE06462D
S31508001F840F4B1B6A13F0020FA4D1FEF7FFFD801B4B
S31508001F9441F288339842F3D90320CCE7D36923F076
S31508001FA48053D3619FE7B7210848FEF7DBFAA9E710
S31508001FB440F213110548FEF7D5FAB4E70020BAE74C
S31508001FC4001002400070004000004242A0C500080C
S31508001FD410B5044610F01F0F0CD0013C0F2C69D81D
S31508001FE4DFE804F03B5D68356868683868686868DF
S31508001FF46868680E4FF4CA713148FEF7B3FAECE71D
S31508002004304B5A68186810F0807054D0C2F3834372
S315080020142D49C85C12F4803F15D02A4B5B68C3F37C
S3150800202440432A4AD25C2A4BB3FBF2F303FB00F083
S31508002034244B5B6813F4800F3DD14000254BA3FB6A
S315080020440030400837E0244B03FB00F0F0E7FFF7C5
S3150800205497FD30E0FFF794FD2DE01A4B1B6A40F21A
S3150800206402321A40B2F5817F26D003F44073B3F5E1
S31508002074007F04D0B3F5407F09D000201BE0114A45
S31508002084526A12F0020FF5D049F6404013E00D4BA0
S31508002094186810F400300ED04FF224400BE0FFF716
S315080020A4C5FE084B5B68C3F3813301335B00B0FBA1
S315080020B4F3F000E0002010BD4FF40040FBE700BF3A
S315080020C4A0C5000800100240E0C50008DCC50008E9
S315080020D400127A00ABAAAAAA00093D0038B504463C
S315080020E4FEF754FD054623685A6812F0200F07D1F7
S315080020F4FEF74CFD401BB0F57A7FF4D9032004E0C3
S315080021045A6842F010025A60002038BD38B50446B1
S315080021140268536823F010035360FEF737FD05463B
S3150800212423685B6813F0200F07D1FEF72FFD401BC9
S31508002134B0F57A7FF4D9032000E0002038BDC0B199
S3150800214438B505460268536823F008035360FEF75A
S315080021541DFD04462B685B6813F0080F07D1FEF7CC
S3150800216415FD001BB0F57A7FF4D9032000E00020A2
S3150800217438BD012070470000002877D010B5044602
S3150800218402683B4B9A4204D04FF48F713948FEF7E4
S31508002194E9F9A3683BB1802B05D0B3F5807F02D05B
S315080021A4B3F5407F12D16368A3F580136FF48012E8
S315080021B4934211D3637CABB1022363742046FFF7C1
S315080021C4BEFFA0B104236374012010BD40F21F11A1
S315080021D42848FEF7C7F9E6E74FF490712548FEF755
S315080021E4C1F9E7E723742046FEF7ECF9E4E720464D
S315080021F4FFF774FF28BB2268536823F0070353606C
S31508002204A36823B11C4A136B23F0010313631A4A08
S31508002214D36A23F46073A1680B43D3626368B3F18A
S31508002224FF3F12D02268C3F30341916022689BB230
S31508002234D3602046FFF76AFF88B10423637401203C
S31508002244C3E7042363740120BFE70120FFF7C0FE38
S3150800225408B1431EE6E7042363740120B5E70023A7
S31508002264E37301236373A3736374AEE701207047B2
S3150800227400280040F0C50008006C0040002834D04F
S3150800228438B50C46054691B30B68012B1DD1636816
S31508002294022B00D0F3B92B7C012B2AD001232B74F3
S315080022A402236B74144BDB6A13F4C07F17D11249EB
S315080022B40B6B23F0030322686068024313430B6322
S315080022C401236B740020287438BD59210B48FEF786
S315080022D449F9DCE75A210948FEF744F9DBE7042300
S315080022E46B7400232B740120EEE70120704701204C
S315080022F4EAE70220E8E700BF006C004028C60008A9
S315080023042DE9F04782B00546884617461E46FEF76D
S315080023143DFC0A9B1B1A03EB0609FEF737FC8246AB
S31508002324284B1B68C3F3CB3309FB03F301932B68D0
S315080023349C6838EA04040CBF01230023BB423DD041
S31508002344B6F1FF3FF3D0FEF721FCA0EB0A0048459F
S3150800235407D2019A02B14A46019B013B0193914671
S31508002364E5E72A68536823F0E00353606B68B3F51E
S31508002374827F0BD0AB6AB3F5005F14D0012385F8CE
S315080023845130002385F85030032018E0AB68B3F5C4
S31508002394004F02D0B3F5806FECD12A68136823F096
S315080023A440031360E6E72A68136823F400531360AE
S315080023B42A68136843F400531360DFE7002002B069
S315080023C4BDE8F0870000002070B582B006460C46CA
S315080023D4154600920B4601220221FFF791FF48B9E0
S315080023E400952346002280213046FFF789FF38B935
S315080023F402B070BD736D43F0200373650320F7E7DD
S31508002404736D43F0200373650320F1E710B582B0BA
S3150800241404460B464168B1F5827F10D06168B1F570
S31508002424827F03D1A168B1F5806F15D0009200228E
S3150800243480212046FFF764FFE0B902B010BD816829
S31508002444B1F5004F02D0B1F5806FE7D12068016875
S3150800245421F040010160E1E70092002201212046B3
S31508002464FFF74EFF0028E8D0636D43F02003636549
S315080024740320E2E7636D43F0200363650320DCE78A
S31508002484002800F01D8110B5044603688D4A93425E
S315080024940CD0A2F57842934208D002F580629342A2
S315080024A404D04FF4AC718848FEF75CF8636813B13E
S315080024B4B3F5827F42D1A3682BB1B3F5806F02D0FE
S315080024C4B3F5004F40D1E368B3F5006F01D0002B94
S315080024D440D1A369B3F5007F03D013B1B3F5802FB8
S315080024E43ED1E36993B1182B40D9382B09D8202B50
S315080024F407D3203B4FF0013222FA03F313F0010FFE
S3150800250404D140F25D117048FEF72CF8236A0BB12A
S31508002514802B34D1636A002B37D1636A002B65D1CB
S3150800252423690BB1022B36D16369012B39D8636849
S31508002534B3F5827F3BD00023E3616FE040F2591183
S315080025446148FEF70FF8B6E74FF4AD715E48FEF73B
S3150800255409F8B8E740F25B115B48FEF703F8B8E7F9
S315080025644FF4AE715848FDF7FDFFBAE7082BC8D3F8
S31508002574564A22FA03F313F0010FC2D0C6E74FF402
S31508002584AF715148FDF7EEFFC4E740F261114E48BA
S31508002594FDF7E8FFC1E74FF4B2714B48FDF7E2FFD8
S315080025A4C2E740F265114848FDF7DCFFBFE7E36977
S315080025B4A3B3182B11D9382B09D8202B07D3203BC2
S315080025C44FF0013222FA03F313F0010F26D140F239
S315080025D469113D48FDF7C6FF20E0082BF7D33B4AAF
S315080025E422FA03F313F0010FF1D017E0E36993B16C
S315080025F4182B56D9382B09D8202B07D3203B4FF054
S31508002604013222FA03F313F0010F04D140F27311D5
S315080026142D48FDF7A7FF0023236163610023A36206
S3150800262494F85130002B45D0022384F8513022689F
S31508002634136823F040031360636803F48273A26883
S3150800264402F404421343E26802F400621343226963
S3150800265402F002021343626902F001021343A269FB
S3150800266402F400721343E26902F038021343226A41
S3150800267402F080021343A26A02F40052216813434B
S315080026840B60638B226803F0040353602268D369E2
S3150800269423F40063D36100206065012384F8513074
S315080026A410BD082BB2D3094A22FA03F313F0010F1B
S315080026B4ACD0B0E784F850302046FDF7E5FFB3E721
S315080026C4012070470030014064C60008000101017A
S315080026D420B310B504460368114A93420CD0A2F5F8
S315080026E47842934208D002F58062934204D04FF4AC
S315080026F4EC710C48FDF736FF022384F85130226842
S31508002704136823F0400313602046FEF729F80020D7
S31508002714606584F8510084F8500010BD01207047A4
S315080027240030014064C600082DE9F04383B004462E
S31508002734894690461D46836813B1B3F5004F4BD1BD
S31508002744FEF724FA074694F85160F6B2012E40F0D3
S31508002754D180B9F1000F00F0CE80B8F1000F00F077
S31508002764CA8094F85030012B00F0C980012384F8FC
S315080027745030032384F8513000236365C4F830903D
S31508002784A4F83480A4F83680A363A387E387636434
S315080027942364A368B3F5004F24D023681A6812F09B
S315080027A4400F03D11A6842F040021A60E368B3F591
S315080027B4006F22D0636813B1B8F1010F65D1226B9B
S315080027C4236812781A73236B01332363E38E9BB24F
S315080027D4013B9BB2E38658E040F221314948FDF7B4
S315080027E4C1FEADE72268136823F04003136022682C
S315080027F4136843F480431360CFE7636813B1B8F1F1
S31508002804010F15D1226B23681288DA60236B023311
S315080028142363E38E9BB2013B9BB2E38608E0FEF793
S31508002824B5F9C01BA84202D3B5F1FF3F15D1A5B12E
S31508002834E38E9BB2002B42D023689A6812F0020FEB
S31508002844EDD0226B1288DA60236B02332363E38E9E
S315080028549BB2013B9BB2E386EAE7012384F8513035
S31508002864002384F85030032645E0226B12781A7345
S31508002874236B01332363B4F836C01FFA8CFC0CF1BE
S31508002884FF3C1FFA8CFCA4F836C0E38E9BB2B3B1A6
S3150800289423689A6812F0020FE7D1FEF777F9C01B8E
S315080028A4A84202D3B5F1FF3F01D1002DEDD1012392
S315080028B484F85130002384F8503003261BE03A4646
S315080028C429462046FFF780FD08B120236365A368DF
S315080028D433B901932368DA6801929B680193019BD3
S315080028E4012384F85130002384F85030636D13B9FA
S315080028F4002600E00226304603B0BDE8F08302262F
S31508002904F9E700BF64C600082DE9F04383B004461E
S31508002914884691461F460A9D8368002B59D1FEF7BF
S3150800292435F9064694F85130DBB26268012B0AD0B1
S31508002934B2F5827F40F00B81A268002A40F00B8131
S31508002944042B40F00A81B8F1000F00F00881B9F1B0
S31508002954000F00F00681002F00F0058194F850302E
S31508002964012B00F00281012384F8503094F8513089
S31508002974DBB2042B02D0052384F8513000236365A7
S31508002984C4F83890E787A787C4F83080E786A7860F
S315080029942364636423681A6812F0400F03D11A6823
S315080029A442F040021A60E368B3F5006F17D0636813
S315080029B40BB1012F0BD1226B236812781A73236B80
S315080029C401332363E38E9BB2013B9BB2E386012763
S315080029D477E04FF495616648FDF7C4FD9FE76368A1
S315080029E40BB1012F0BD1226B23681288DA60236B93
S315080029F402332363E38E9BB2013B9BB2E386012732
S31508002A041BE023689A6812F0010F0ED0E28F92B287
S31508002A145AB1DA68A36B1A80A36B0233A363E38FF4
S31508002A249BB2013B9BB2E3870127FEF7AFF8801BF5
S31508002A34A84202D3B5F1FF3F1ED1E38E9BB21BB960
S31508002A44E38F9BB2002B62D023689A6812F0020FB8
S31508002A54D7D0E28E92B2002AD3D0002FD1D0226BDF
S31508002A641288DA60236B02332363E38E9BB2013B3D
S31508002A749BB2E3860027C4E7012384F85130002378
S31508002A8484F85030032063E023689A6812F0010F33
S31508002A940ED0E28F92B25AB1DA68A36B1A70A36B9E
S31508002AA40133A363E38F9BB2013B9BB2E387012700
S31508002AB4FEF76CF8831BAB4202D3B5F1FF3F1ED178
S31508002AC4EDB1E38E9BB213B9E38F9BB2FBB12368D6
S31508002AD49A6812F0020FD7D0E28E92B2002AD3D0A7
S31508002AE4002FD1D0226B12781A73236B0133236318
S31508002AF4E38E9BB2013B9BB2E3860027C4E701231E
S31508002B0484F85130002384F85030032020E03246FC
S31508002B1429462046FFF758FC90B9A36833B90193B0
S31508002B242368DA6801929B680193019B012384F860
S31508002B345130002384F85030636D4BB1012007E00F
S31508002B4420236365002384F85030012000E0022026
S31508002B5403B0BDE8F0830220FAE70220F8E7012073
S31508002B64F6E70120F4E70120F2E70220F0E700BFC8
S31508002B7464C600082DE9F04383B090F85160F6B2B4
S31508002B84012E40F0B4800446894690461D464368A3
S31508002B94B3F5827F01D1836893B3FDF7F7FF074640
S31508002BA4B9F1000F00F0A480B8F1000F00F0A0807E
S31508002BB494F85030012B00F09F80012384F850309C
S31508002BC4042384F8513000236365C4F83890A4F8C4
S31508002BD43C80A4F83E802363A386E3862364636467
S31508002BE4A368B3F5004F15D023681A6812F0400F8E
S31508002BF403D11A6842F040021A60E368F3B143E06D
S31508002C04042380F85130009513460A46FFF77CFEE4
S31508002C1406466DE02268136823F0400313602268B1
S31508002C24136823F480431360DEE7FDF7AFFFC01B88
S31508002C34A84202D3B5F1FF3F15D1A5B1E38F9BB2E4
S31508002C44002B42D023689A6812F0010FEDD0A26BCC
S31508002C541B7B1370A36B0133A363E38F9BB2013B06
S31508002C649BB2E387EAE7012384F85130002384F80A
S31508002C74503003263CE0FDF789FFC01BA84202D367
S31508002C84B5F1FF3F19D1C5B1E38F9BB2EBB1236808
S31508002C949A6812F0010FEED0DA68A36B1A80A36B58
S31508002CA40233A363B4F83EC01FFA8CFC0CF1FF3C54
S31508002CB41FFA8CFCA4F83EC0E6E7012384F85130D9
S31508002CC4002384F85030032612E03A462946204663
S31508002CD4FFF79CFB08B120236365012384F8513070
S31508002CE4002384F85030636D13B9002600E00226E9
S31508002CF4304603B0BDE8F0830226F9E710B504466A
S31508002D0403682E4A93421FD002F5006293421BD0F1
S31508002D14B3F1804F18D0A2F59832934214D002F535
S31508002D248062934210D002F5806293420CD002F579
S31508002D348062934208D002F58062934204D04FF42D
S31508002D44E8711F48FDF70EFC94F83D30DBB2012B01
S31508002D542FD1022384F83D302268D36843F0010357
S31508002D64D3602368154A934218D002F50062934249
S31508002D7414D0B3F1804F11D0A2F5983293420DD0F6
S31508002D8402F58062934209D002F58062934205D027
S31508002D941A6842F001021A6000200BE09A6802F0F1
S31508002DA40702062A07D01A6842F001021A600020B0
S31508002DB400E0012010BD0020FCE700BF002C014004
S31508002DC49CC60008704770477047704770B504463C
S31508002DD40368DE681D6915F0020F10D016F0020F9D
S31508002DE40DD06FF002021A610123037703689B6909
S31508002DF413F0030F5ED0FFF7E6FF0023237715F0E1
S31508002E04040F12D016F0040F0FD023686FF00402D3
S31508002E141A610223237723689B6913F4407F4FD0F2
S31508002E242046FFF7D0FF0023237715F0080F12D0AA
S31508002E3416F0080F0FD023686FF008021A610423EE
S31508002E4423772368DB6913F0030F40D02046FFF786
S31508002E54BAFF0023237715F0100F12D016F0100FBF
S31508002E640FD023686FF010021A61082323772368AA
S31508002E74DB6913F4407F31D02046FFF7A4FF002313
S31508002E84237715F0010F02D016F0010F2DD115F096
S31508002E94800F02D016F0800F2FD115F0400F02D004
S31508002EA416F0400F31D115F0200F02D016F0200F7E
S31508002EB433D170BDFFF786FF2046FFF785FF9CE7F1
S31508002EC42046FFF77FFF2046FFF77EFFABE7204645
S31508002ED4FFF778FF2046FFF777FFBAE72046FFF7A4
S31508002EE471FF2046FFF770FFC9E723686FF00102F8
S31508002EF41A61204603F004F9C9E723686FF08002D3
S31508002F041A61204600F077F9C7E723686FF0400294
S31508002F141A612046FFF759FFC5E723686FF02002B8
S31508002F241A61204600F066F9C3E700000368284AD8
S31508002F34904212D002F5006290420ED0B0F1804F52
S31508002F440BD0A2F59832904207D002F580629042DF
S31508002F5403D002F58062904203D123F070034A68D5
S31508002F6413431B4A904212D002F5006290420ED0D7
S31508002F74B0F1804F0BD0A2F59832904207D002F5F3
S31508002F848062904203D002F58062904203D123F412
S31508002F944073CA68134323F080034A6913430360E2
S31508002FA48B68C3620B688362094B984203D003F5A6
S31508002FB40063984201D10B690363012343610369E2
S31508002FC413F0010F03D0036923F00103036170476B
S31508002FD4002C0140002800F0828010B504460368DE
S31508002FE4404A93421FD002F5006293421BD0B3F1C4
S31508002FF4804F18D0A2F59832934214D002F5806215
S31508003004934210D002F5806293420CD002F5806296
S31508003014934208D002F58062934204D040F2131119
S315080030243148FDF79FFAA3683BB1102B05D0202B36
S3150800303403D0402B01D0602B33D123692BB1B3F5D0
S31508003044807F02D0B3F5007F31D1E368013B4FF6A8
S31508003054FE72934231D8A3690BB1802B33D194F80D
S315080030643D30B3B3022384F83D30214651F8040BAE
S31508003074FFF75CFF012384F8463084F83E3084F871
S315080030843F3084F8403084F8413084F8423084F87C
S31508003094433084F8443084F8453084F83D300020C1
S315080030A410BD4FF48A711048FDF75CFAC5E740F283
S315080030B415110D48FDF756FAC7E74FF48B710A4800
S315080030C4FDF750FAC7E740F217110748FDF74AFA21
S315080030D4C5E784F83C302046FDF730FCC2E70120FA
S315080030E4704700BF002C01409CC6000838B504464A
S315080030F40D4603683D4A93421FD002F50062934287
S315080031041BD0B3F1804F18D0A2F59832934214D04D
S3150800311402F58062934210D002F5806293420CD085
S3150800312402F58062934208D002F58062934204D085
S3150800313440F2A9712E48FDF715FA2B68A3B1402B66
S3150800314412D00BD8202B0FD0302B0DD0102B0BD030
S3150800315440F2AA712648FDF705FA05E0602B03D06C
S31508003164702B01D0502BF3D16B68802B00D0A3BBF6
S3150800317494F83C30012B36D0012384F83C300223E2
S3150800318484F83D3023685968986821F070012A68E4
S315080031940A435A602368154A934212D002F500621C
S315080031A493420ED0B3F1804F0BD0A2F598329342D6
S315080031B407D002F58062934203D002F580629342F7
S315080031C404D120F080006A6802439A60012384F8D7
S315080031D43D30002084F83C0038BD40F2AB71044809
S315080031E4FDF7C0F9C4E70220F6E700BF002C01404A
S315080031F4D4C6000870477047026802F10C0353E806
S31508003204003F23F490730C3242E800310029F3D1CD
S31508003214026802F1140353E8003F23F00103143251
S3150800322442E800310029F3D1036B012B05D0202392
S3150800323480F84230002303637047026802F10C03E6
S3150800324453E8003F23F010030C3242E8003100290A
S31508003254F3D1ECE710B504464268384B9A4257D87E
S31508003264E36813B1B3F5005F58D123692BB1B3F5FD
S31508003274806F02D0B3F5C06F56D163694FF6F37207
S31508003284134200D123B940F678612D48FDF76AF94F
S315080032942268136923F44053E1680B431361A36856
S315080032A42269134362691A432168CB6823F4B0532D
S315080032B423F00C031343CB602268536923F4407349
S315080032C4A1690B43536122681E4B9A4232D0FEF71A
S315080032D49DFD024602EB820202EB820263689B00B2
S315080032E4B2FBF3F21848A0FB02314909642303FB35
S315080032F411231B013233A0FB03035B0903F0F0021D
S3150800330402EB011203F00F03216813448B6010BD0E
S3150800331440F675610A48FDF725F9A1E740F6766196
S315080033240748FDF71FF9A0E740F677610448FDF75B
S3150800333419F9A2E7FEF77AFD0246CBE720AA44006C
S3150800334410C70008003801401F85EB512DE9F043EA
S3150800335483B005460E4617469946DDF828802B683D
S315080033641C6836EA04040CBF01240024BC4228D194
S31508003374B8F1FF3FF3D0FDF709FCA0EB090040457F
S3150800338423D8B8F1000F22D02B68DA6812F0040F9C
S31508003394E5D0802EE3D0402EE1D01A6812F0080F4B
S315080033A4DDD0002401941A6801925B680193019B9D
S315080033B42846FFF721FF08236B6485F8404001205F
S315080033C400E0002003B0BDE8F0830320FAE70320F9
S315080033D4F8E70000002875D010B5044683690BB3D6
S315080033E40368394A93420CD0A2F57442934208D032
S315080033F402F58062934204D04FF4B7713348FDF75F
S31508003404B1F8A3693BB3B3F5807F24D0B3F5007F45
S3150800341421D0B3F5407F1ED040F26F112B48FDF73B
S31508003424A1F818E00368284A934214D0A2F5744216
S31508003434934210D002F5806293420CD002F5806262
S31508003444934208D002F58062934204D040F2731185
S315080034541E48FDF787F8A36813B1B3F5805F25D135
S3150800346494F8413043B3242384F841302268D3685E
S3150800347423F40053D3602046FFF7ECFE2268136951
S3150800348423F4904313612268536923F02A03536192
S315080034942268D36843F40053D36000206064202371
S315080034A484F8413084F84230606310BD40F27511E7
S315080034B40648FDF757F8D3E784F840302046FDF769
S315080034C491FAD0E7012070470038014010C7000878
S315080034D42DE9F04182B01E4690F84130DBB2202B2C
S315080034E456D104460D469046002955D00AB90120FE
S315080034F44FE000234364212380F84130FDF746FB5F
S315080035040746A4F82480A4F82680A368B3F5805F48
S3150800351402D04FF0000814E023692BB34FF00008DB
S315080035240FE0202384F84130032032E038F8023BC8
S315080035342268C3F308035360E28C92B2013A92B24A
S31508003544E284E38C9BB293B100963B460022802129
S315080035542046FFF7FBFE0028E3D1002DE6D015F838
S31508003564012B23685A60E7E7A8460025E9E7009691
S315080035743B46002240212046FFF7E8FE18B92023DF
S3150800358484F8413005E0202384F84130032000E024
S31508003594022002B0BDE8F0810120FAE72DE9F041E6
S315080035A482B01E4690F84230DBB2202B59D104462D
S315080035B40D469046002958D00AB9012052E0002346
S315080035C44364222280F842200363FDF7DFFA0746A4
S315080035D4A4F82C80A4F82E80A368B3F5805F02D0E3
S315080035E44FF000081CE0236913B14FF0000817E0F8
S315080035F4A846002514E0202384F84230032031E04D
S3150800360423685B68C3F3080328F8023B03E02368CE
S315080036145B682B700135E28D92B2013A92B2E2856B
S31508003624E38D9BB2C3B100963B4600222021204677
S31508003634FFF78CFE0028DED1002DE1D0A368B3F590
S31508003644805FE4D013B92369002BE0D023685B6854
S3150800365403F07F032B70DDE7202384F84230002033
S3150800366400E0022002B0BDE8F0810120FAE710B5B7
S315080036740446226802F10C0353E8003F23F4F0736E
S315080036840C3242E800310029F3D1226802F114030E
S3150800369453E8003F23F00103143242E800310029BD
S315080036A4F3D1236B012B3CD023685B6913F0800F9D
S315080036B413D0226802F1140353E8003F23F0800371
S315080036C4143242E800310029F3D1A36B2BB100224E
S315080036D45A63A06BFDF76EFB80BB23685B6913F026
S315080036E4400F13D0226802F1140353E8003F23F075
S315080036F44003143242E800310029F3D1E36B2BB1BD
S3150800370400225A63E06BFDF755FB00BB0020E084FA
S31508003714E0856064202384F8423084F841302063CD
S3150800372410BD226802F10C0353E8003F23F010038E
S315080037340C3242E800310029F3D1B5E7A06BFDF756
S315080037445CFB2028C9D1102363640320E8E7E06BF7
S31508003754FDF753FB2028D9D1102363640320DFE740
S3150800376490F8413090F84200184370478162828588
S31508003774C28500234364222380F84230036923B1B7
S315080037840268D36843F48073D3600268536943F0CC
S31508003794010353610268D36843F02003D360002011
S315080037A4704708B590F84230DBB2202B08D149B1EE
S315080037B40AB9012008BD00230363FFF7D7FFF9E719
S315080037C40220F7E70120F5E708B50349034801F0A5
S315080037D405FF034B187008BDFC0200200C000020EE
S315080037E4000300200020704708B500F031F9024BA9
S315080037F41870187808BD00BF2000002008B500F02E
S31508003804DFF9024B1870187808BD00BF20000020A5
S3150800381408B500F0DFF908BD08B500F021FA08BDBF
S3150800382408B500F075FA08BD00B587B08DF80F0025
S315080038343223009301230DF117020DF10F010448F9
S31508003844FFF762F89DF8170007B05DF804FB00BFA0
S31508003854C401002070B50646FDF798F90546FF2011
S31508003864FFF7E2FF0446FF2804D0FDF78FF9401B53
S31508003874B042F4D3FF2C14BF0020012070BD70B5EC
S3150800388406460D46002404E0FF20FFF7CDFF305519
S315080038940134AC42F8D370BD70B506460D46002413
S315080038A403E0305DFFF7C0FF0134AC42F9D370BDC5
S315080038B438B505460C464FF4FA70FFF7CBFF00B946
S315080038C438BD2046FFF7B0FFFD2C01D10120F7E7EC
S315080038D44FF400712846FFF7DFFFFF20FFF7A4FF28
S315080038E4FF20FFF7A1FFFF20FFF79EFF00F01F0050
S315080038F4052801D10120E3E70020E1E708B5012204
S3150800390410210348FDF71AFDFF20FFF78DFF08BDB8
S315080039140008014010B5002210210948FDF70EFDE4
S31508003924FF20FFF781FF4FF4FA70FFF793FF10B1FA
S315080039340124204610BD0446FFF7E0FFF9E700BF5F
S315080039440008014038B504460D4610F0800F1DD115
S315080039540C2C04D0FFF7D2FFFFF7DCFFB0B344F01A
S315080039644000FFF761FF280EFFF75EFFC5F3074027
S31508003974FFF75AFFC5F30720FFF756FFE8B2FFF72C
S3150800398453FF64B1082C1BD0012009E000F07F0422
S3150800399400213720FFF7D6FF0128D9D90FE0952053
S315080039A4FFF742FF0C2C0DD00A24FF20FFF73CFF3B
S315080039B410F0800F03D0631E13F0FF04F5D138BD51
S315080039C48720EDE7FF20FFF72FFFEDE7FF20F6E757
S315080039D410B50446FDF7DAF8024B1860024B1C6072
S315080039E410BD00BF080300200403002008B5FDF736
S315080039F4CDF8054B1B68C01A044B1B6898422CBFAC
S31508003A040020012008BD00BF08030020040300208D
S31508003A1470B505460E46C820FFF7DAFFFF20FFF704
S31508003A2403FF0446FF2803D1FFF7E0FF0028F5D17A
S31508003A34FE2C01D0002070BD31462846FFF71FFF33
S31508003A44FF20FFF7F1FEFF20FFF7EEFE0120F2E765
S31508003A54002840F0AD80574B1B7813F0020F0BD1AA
S31508003A6470B582B0544B1A68136823F0380343F0D0
S31508003A74300313600A2408E04E4B1878C0B2704726
S31508003A84FF20FFF7D1FE013CE4B2002CF8D1002157
S31508003A940846FFF757FF0546012817D0474B1C7001
S31508003AA4FFF72CFF002C7FD0434B1A68136823F0CA
S31508003AB4380343F0100313603E4A137803F0FE03F9
S31508003AC413703C4B1878C0B202B070BD4FF47A70CC
S31508003AD4FFF77EFF4FF4D5710820FFF733FF01285F
S31508003AE43ED1254609E0FF20FFF79EFE05F10803AF
S31508003AF46B4403F8040C0135EDB2032DF3D99DF894
S31508003B040630012BCAD19DF80730AA2BC6D1FFF778
S31508003B146DFF30B14FF08041A920FFF713FF00284D
S31508003B24F5D1FFF763FF08B90446B7E700213A2041
S31508003B34FFF708FF054650B1B0E7FF20FFF774FE0C
S31508003B4405F108036B4403F8040C0135EDB2032DA3
S31508003B54F3D99DF8043013F0400F23D00C249DE7C5
S31508003B640021A920FFF7EEFE01280ED92E46FFF7FD
S31508003B743DFF28B100212846FFF7E4FE0028F6D1C8
S31508003B84FFF734FF20B9044688E70226A925EEE79D
S31508003B944FF400711020FFF7D5FE00287FF47EAF9E
S31508003BA434467BE7042479E7024B01221A7088E736
S31508003BB40120704721000020C40100200C030020C6
S31508003BC418B9034B1878C0B270470120704700BF74
S31508003BD421000020002839D138B50D461C46002B93
S31508003BE436D01D4B1B7813F0010F33D11B4B1B78B2
S31508003BF413F0080F00D15202012C18D011461220D6
S31508003C04FFF7A0FE68B94FF400712846FFF700FFD6
S31508003C1418B105F50075013CF5D100210C20FFF714
S31508003C2491FEFFF76BFE201E18BF012038BD114612
S31508003C341120FFF787FE0028F3D14FF400712846B8
S31508003C44FFF7E6FE0028ECD00024EAE704207047D4
S31508003C540420EBE70320E9E7210000200C030020F9
S31508003C64002848D170B50D4616461C46002B44D08C
S31508003C74254B1B7813F0010F41D1234B1B7813F006
S31508003C84040F3ED1214B1B7813F0080F00D15602BE
S31508003C94012C1BD013F0060F26D131461920FFF745
S31508003CA451FE68B9FC212846FFF702FE18B105F54E
S31508003CB40075013CF6D1FD210020FFF7F9FDC0B1DE
S31508003CC4FFF71CFE201E18BF012070BD31461820C0
S31508003CD4FFF738FE0028F3D1FE212846FFF7E8FD52
S31508003CE40028EDD00024EBE721469720FFF72AFEAB
S31508003CF4D3E70124E4E7042070470420E5E703201A
S31508003D04E3E70220E1E700BF210000200C030020BE
S31508003D1470B584B0002840F004810D461646834BDE
S31508003D241B7813F0010F40F0FE80042900F2ED80A1
S31508003D34DFE811F005000C00EB005400AF00FFF7B4
S31508003D44E9FD002840F0E380012406E0002109206B
S31508003D54FFF7F8FD044628B12C46FFF7CFFD2046A9
S31508003D6404B070BD10216846FFF752FE002800F023
S31508003D74D0809DF800309B09012B1FD09DF80520A3
S31508003D8402F00F029DF80A3002EBD3129DF80930AF
S31508003D945B0003F006031A449DF808109DF80730E3
S31508003DA49B0003EB91139DF80610890201F4406108
S31508003DB40B440133073A93403360CEE79DF8093044
S31508003DC49DF8082003EB02239DF80720120402F449
S31508003DD47C12134401339B023360BEE7544B1B78B1
S31508003DE413F0040F20D000218D20FFF7ABFD08B196
S31508003DF40124B2E7FF20FFF717FD10216846FFF7F5
S31508003E0407FE78B90124A8E7FF20FFF70DFD013C5A
S31508003E14E4B2002CF8D19DF80A2012091023934025
S31508003E2433609AE73024F4E700210920FFF78AFD76
S31508003E34054608B1012490E710216846FFF7E8FD16
S31508003E44002868D03A4B1C7814F0020411D09DF867
S31508003E540A305B0003F07E039DF80B2003EBD213B4
S31508003E6401339DF80D209209013A934033602C469C
S31508003E7473E79DF80A20C2F384029DF80B10CB0061
S31508003E8403F0180303EB5113013302FB03333360C6
S31508003E9463E7274B1B7813F0060F01D101245CE76F
S31508003EA46A460B21FFF734FFB8BB9DF800309B091F
S31508003EB404D19DF80A3013F0400F30D03168746885
S31508003EC41B4B1B7813F0080F01D14902640220200A
S31508003ED4FFF738FD08B101243FE721462120FFF703
S31508003EE431FD08B1012438E700212620FFF72AFD11
S31508003EF4044608B1012430E747F23050FFF7AAFC1C
S31508003F0400287FF42AAF012427E7042425E72C4652
S31508003F1423E72C4621E701241FE701241DE7012492
S31508003F241BE704241BE7032419E700BF210000202C
S31508003F340C03002008B5044B03EB80025268526850
S31508003F440344187A904708BD3003002008B5084B87
S31508003F541B5C53B9064B01221A5403EB80025268C0
S31508003F6412680344187A904708BD0020FCE700BF8E
S31508003F743003002038B5044C04EB80056D68AD6841
S31508003F840444207AA84738BD3003002038B5044CC9
S31508003F9404EB80056D68ED680444207AA84738BDAB
S31508003FA43003002010B5044B03EB800464682469CD
S31508003FB40344187AA04710BD3003002004E011F822
S31508003FC4012B00F8012B1A46531E002AF7D1704715
S31508003FD402E000F8011B1A46531E002AF9D170475D
S31508003FE410B4034600201446013A34B113F8010B01
S31508003FF411F801CBB0EB0C00F5D010BC70470346A2
S3150800400400E00133187808B18842FAD170470000F5
S3150800401430B400252B4601E001250133012B1ED8B7
S3150800402403EB43021C4C54F82220002AF4D0D0F89F
S315080040340042A242F1D103EB4304174A02EB84027D
S315080040445468D0F808229442E7D103EB4304124A91
S3150800405402EB84021489B0F806229442DDD1022BBD
S315080040640CD0B1B903EB43030B4A02EB83035B8918
S31508004074B3F5807F0BD0002030BC70472DB90229D8
S3150800408401D01220F8E70020F6E70020F4E7102014
S31508004094F2E71020F0E700BF10030020002000E03C
S315080040A40130012806D800EB40029300034AD3588E
S315080040B4002BF5D1023818BF0120704710030020E1
S315080040C410B5002300E00133012B1CD803EB43028F
S315080040D42D4C54F82240D0F800229442F3D103EB35
S315080040E44304294A02EB84025468D0F8082294420D
S315080040F4E9D103EB4304244A02EB84021489B0F899
S3150800410406229442DFD1022B0AD041B303EB4301C2
S315080041141D4A02EB810252899ABB4FF4807226E04B
S315080041240023012B07D803EB4302174C54F822202B
S315080041340AB10133F5E7022B21D0134C03EB430CE8
S3150800414404EB8C02D0F800E244F82CE0D0F80842DC
S315080041545460B0F80602108100205081D5E703EBBD
S315080041644301094A02EB81025289013292B203EBF6
S315080041744300054901EB80014A81581C10BD002003
S31508004184FCE70020FAE700BF1003002001380128E5
S315080041941BD800EB40020F4B03EB82035B89B3F594
S315080041A4807F03D053B1013B9BB200E0002300EBB0
S315080041B44001084A02EB8102538143B900EB4000EF
S315080041C483000020034AD05070470220704700201D
S315080041D4704700BF10030020002302E010BC70479C
S315080041E40133012B17D803EB43020B4951F822205C
S315080041F48242F5D110B403EB4302920000248C509A
S315080042040133012BEAD803EB4302034951F8222070
S315080042148242F5D1EFE7704710030020D0F8243224
S315080042240433490AD0F8002292F80222B1FBF2F1CB
S3150800423401E0091A0833186818B18142F9D2586896
S31508004244084470470246C87E8B7E43EA002092F8EB
S315080042540032032B00D070474A7D0B7D43EA0223C4
S3150800426440EA0340F7E78176C1F30723C376C1F32F
S3150800427407430375090E4175704700002DE9F84F89
S3150800428489460C6800E0013423782F2BFBD05C2B7D
S31508004294F9D0D0F818A20B2220215046FFF798FE31
S315080042A4002633464FF00808374619E0BF00FFB228
S315080042B446464FF00B0812E015F0800F25D1294623
S315080042C43148FFF79CFE00285AD1A5F14103DBB219
S315080042D4192B20D847F002070AF8065001365B4620
S315080042E403F1010BE55C202D1FD92F2D1DD05C2D64
S315080042F41BD02E2D01D0B045DED8B8F1080F3DD11C
S315080043042E2DD3D00620BDE8F88F47F00307803D4D
S315080043141E4B5D5DD3E7A5F16103DBB2192BDBD830
S3150800432447F00107203DEDB2D6E75C44C9F80040E2
S31508004334202D14D804232EB39AF80020E52A10D089
S31508004344B8F1080F11D007F00302012A10D007F0BC
S315080043540C07042F0FD08AF80B300020D3E700236C
S31508004364E9E705228AF80020EAE7BF00FFB2EAE790
S3150800437443F01003EBE743F00803ECE70620C2E733
S315080043840620C0E70620BEE74CC700085CC700083D
S315080043940146006838B102461378202B06D93A2B11
S315080043A404D00132F8E74FF0FF3070473A2B01D0BA
S315080043B40020704710B4034613F8010B3038092857
S315080043C408D89A4202D04FF0FF3005E030B90132DE
S315080043D40A6001E04FF0FF3010BC70474FF0FF3021
S315080043E4FAE7F8B590F804520DB92846F8BD04461C
S315080043F4D0F82C7201233A46014690F80102FFF7D9
S31508004404C5FD0546D0B9002384F80432D4F8203211
S31508004414FB1AD4F818229342E7D294F803620AE006
S31508004424D4F818321F4401233A46214694F8010267
S31508004434FFF7ACFD013E012EF2D8D6E70125D4E7F5
S3150800444470B5D0F82C328B4202D10026304670BDA6
S3150800445404460D46FFF7C5FF06460028F6D1012394
S315080044642A46214694F80102FFF784FD10B1012675
S315080044744FF0FF35C4F82C52E8E7000010B504469F
S31508004484002380F804324FF0FF33C0F82C32FFF7CC
S31508004494D7FF98BB024694F8FF1194F8FE3143EA15
S315080044A401231BB217498B422AD194F8391094F880
S315080044B438301B0443EA016394F8371043EA0123AE
S315080044C494F836100B4323F07F430F498B4213D0DD
S315080044D494F8551094F854301B0443EA016394F88D
S315080044E4531043EA012394F852100B4323F07F43F5
S315080044F405498B4200D00122104610BD0322FBE772
S315080045040222F9E755AAFFFF46415400B0B108B59F
S31508004514D0F8003243B193F8001229B1B3F8061261
S31508004524B0F80422914201D0092008BD93F801028B
S31508004534FFF700FD10F00100F7D0F5E709207047F2
S315080045442DE9F04385B0054617460023036008465F
S31508004554FFF71EFF061EC0F29E819F4B53F82640A6
S31508004564002C00F09D812C6094F800327BB194F8FD
S315080045740102FFF7DFFC10F0010508D1002F00F057
S315080045848B8110F0040F00F087810A2584E100234B
S3150800459484F80032F0B284F80102FFF7D7FC10F071
S315080045A4010F40F07F811FB110F0040F40F07C81A9
S315080045B400212046FFF762FF0546012800F0958092
S315080045C40027032D00F07281002D40F07181227BB3
S315080045D4E37A43EA02231BB2B3F5007F40F06A810B
S315080045E4E27DA37D53EA02230DD194F8272094F89B
S315080045F426301B0443EA026394F8252043EA02237F
S3150800460494F824201343C4F81832217C84F803123E
S315080046144A1ED2B2012A00F24F8103FB01F1607BE4
S3150800462484F80202002800F04981421E104240F034
S315080046344781A67C627C42EA06221646A4F808222A
S3150800464412F00F0F40F03E8194F814C0E27C52EA4F
S315080046540C220ED194F823C094F82220120442EABC
S315080046640C6294F821C042EA0C2294F820C042EA6B
S315080046740C0294F80FE094F80EC05CEA0E2C00F0D5
S3150800468423810CEB010909EB16194A45C0F01E8172
S31508004694A2EB0902B2FBF0FE8242C0F0198140F691
S315080046A4F57296453AD94FF6F572964577D84FF08E
S315080046B4020835E0002304AA02EB810242F8103C02
S315080046C40131032913D80B0103F5DF7323441A793F
S315080046D4002AEFD0D87A9A7A120442EA0062587A03
S315080046E442EA00221B7A1343E5E70021E9E700269C
S315080046F40BE039462046FFF7C1FE054600283FF47D
S3150800470460AF0136032E3FF65CAF04AB03EB8603BA
S3150800471453F8107C002FECD10225F2E74FF001087C
S315080047240EF1020EC4F814E2C4F81C720CEB07026C
S31508004734C4F8202207EB0900C4F82802B8F1030FCD
S3150800474430D0002E00F0C8800A44C4F82422B8F1F8
S31508004754020F3DD00EEB4E010EF0010202EB5102A0
S3150800476402F2FF12B3EB522FC0F0B8804FF0FF33BA
S31508004774C4F81032C4F80C32802384F80532B8F130
S31508004784030F2DD084F80082144A138801339BB290
S315080047941380A4F806322046FFF71EFD7CE04FF08E
S315080047A40308BDE7002E40F0958094F82F1094F87E
S315080047B42E20120442EA016294F82D1042EA0122DC
S315080047C494F82C100A43C4F824224FEA8E02C7E749
S315080047D44FEA4E02C4E700BF2C030020280300203A
S315080047E494F8312094F8303043EA02231BB2012BA3
S315080047F4C8D1791C2046FFF723FE0028C2D100231E
S3150800480484F8053294F8FF2194F8FE3143EA02232A
S315080048141BB2334A9342B5D1E278A3781B0443EA20
S315080048240263627843EA0223227813432D4A9342A9
S31508004834A8D194F8E72194F8E6311B0443EA026305
S3150800484494F8E52143EA022394F8E4211343264A1B
S31508004854934297D194F8EB2194F8EA311B0443EA7E
S31508004864026394F8E92143EA022394F8E8211343FE
S31508004874C4F8103294F8EF2194F8EE311B0443EA95
S31508004884026394F8ED2143EA022394F8EC211343D6
S31508004894C4F80C3276E70B25284605B0BDE8F08344
S315080048A40C25F9E70325F7E70A25F5E70125F3E7D4
S315080048B40D25F1E70D25EFE70D25EDE70D25EBE7CA
S315080048C40D25E9E70D25E7E70D25E5E70D25E3E7DA
S315080048D40D25E1E70D25DFE70D25DDE70D25DBE7EA
S315080048E455AAFFFF525261417272416138B50446B6
S315080048F4FFF777FD054658B994F80032032B09D01B
S315080049040022114694F80102FFF74CFB00B1012579
S31508004914284638BD94F80532012BF1D14FF40072BC
S3150800492400212046FFF754FB552384F8FE31AA23B9
S3150800493484F8FF315223237063706123A3704122E4
S31508004944E270722184F8E41184F8E51184F8E6210A
S3150800495484F8E731D4F8103284F8E831C3F307222F
S3150800496484F8E921C3F3074284F8EA211B0E84F884
S31508004974EB31D4F80C3284F8EC31C3F3072284F80B
S31508004984ED21C3F3074284F8EE211B0E84F8EF31B8
S31508004994D4F81C220132C4F82C220123214694F8A7
S315080049A40102FFF7F3FA002384F80532A8E702396F
S315080049B4D0F81432023B8B4206D990F80232D0F86A
S315080049C4280201FB030070470020704701295ED9BD
S315080049D4F8B505460C46D0F814328B4259D990F8E6
S315080049E40032022B2BD0032B39D0012B01D0012006
S315080049F450E001EB5106D0F8201201EB5621FFF7DF
S31508004A041FFD10B14FF0FF3044E0771CC6F30806CB
S31508004A14AE5DD5F8201201EB57212846FFF710FDA5
S31508004A24002838D1C7F30807EB5D46EA032014F0DB
S31508004A34010F01D000092DE0C0F30B002AE0D0F8DD
S31508004A44201201EB1421FFF7FBFC38BB640004F4C5
S31508004A54FF742B195B78285D40EA03201AE0D0F826
S31508004A64201201EBD411FFF7EBFCD0B9A40004F42F
S31508004A74FE742B19DA789878000440EA02605B78A9
S31508004A8440EA03202B5D184320F0704002E0012021
S31508004A9470470120F8BD4FF0FF30FBE74FF0FF30B9
S31508004AA4F8E74FF0FF30F5E7F8B50746A0F8061221
S31508004AB4D0F80842012C44D00E46D0F80032D3F878
S31508004AC41422A2423FD9F4B993F80022032A17D034
S31508004AD4CCB9B3F80822B24237D9D3F82402C7F8B6
S31508004AE40C42D0B300EB1610C7F81002D7F8003200
S31508004AF406F00F0103EB4113C7F814320020F8BD82
S31508004B04D3F82442E4E793F802522D01AE4212D3B5
S31508004B142146D7F80002FFF759FF0446B0F1FF3FD4
S31508004B2415D0012815D9D7F80032D3F814328342A0
S31508004B3411D9761BEAE72146D7F80002FFF737FFB3
S31508004B44CDE70220DBE70220D9E70220D7E70120D8
S31508004B54D5E70220D3E70220D1E70220CFE70129CF
S31508004B6440F284802DE9F04105460C461646D0F8F5
S31508004B7414328B427CD990F80032022B41D0032B95
S31508004B8453D0012B02D00220BDE8F08101EB510776
S31508004B94D0F8201201EB5721FFF752FC0028F3D175
S31508004BA407F10108C7F3080714F001041FD0EB5DE9
S31508004BB4320102F47F6203F00F031343DBB2EB55B1
S31508004BC4012385F80432D5F8201201EB582128462A
S31508004BD4FFF736FC0028D7D1C8F308084CB1C6F34A
S31508004BE4071305F80830012385F80432CCE7F3B235
S31508004BF4E5E715F80830C6F3032223F00F03134339
S31508004C04EFE7D0F8201201EB1421FFF719FC00286E
S31508004C14BAD1640004F4FF742B192E55C6F307227F
S31508004C245A70012385F80432AEE7D0F8201201EB56
S31508004C34D411FFF705FC0028A6D1A40004F4FE74D9
S31508004C442919CA788B781B0443EA026303F0704374
S31508004C5433432E55C6F307224A70C6F307428A70B1
S31508004C641B0ECB70012385F804328DE702207047AA
S31508004C74022089E7F8B505460F4641B9D0F80C6213
S31508004C849EB1D0F81432B34210D801260EE0FFF7CD
S31508004C949DFE034601284BD9B0F1FF3F4DD0D5F808
S31508004CA41422824249D83E4600E0012634460CE0E6
S31508004CB421462846FFF78AFE034678B1B0F1FF3F3E
S31508004CC43BD0012839D0B44236D00134D5F8143251
S31508004CD4A342EDD8012E2DD90224E9E76FF07042DC
S31508004CE421462846FFF73BFF0346D0B997B9C3B90F
S31508004CF4C5F80C42D5F81032B3F1FF3F1FD0013B7B
S31508004D04C5F8103295F8053243F0010385F80532E3
S31508004D14234612E0224639462846FFF720FF034673
S31508004D24E5E7012B01D0012307E04FF0FF3304E048
S31508004D34012302E0002300E000231846F8BD2346B9
S31508004D44FBE72DE9F843B0F806526B1C9AB2002A21
S31508004D5400F0838004460F46D0F81022002A7ED03D
S31508004D6413F00F060BD10132C0F81022D0F80C123A
S31508004D7489B9D0F80022B2F808229A4271D90135C5
S31508004D84A4F80652D4F8003203EB4613C4F81432D6
S31508004D940020BDE8F883D0F8000290F80222013A10
S31508004DA412EA1318EBD1FFF711FE814601285AD9E6
S31508004DB4B0F1FF3F59D0D4F80002D0F814324B456D
S31508004DC441D8002F53D0D4F80C12FFF753FF81466D
S31508004DD400284ED001284ED0B0F1FF3F4DD0D4F86C
S31508004DE40002FFF7FEFA08B10120D2E74FF4007279
S31508004DF40021D4F80002FFF7EBF8D4F8007249460C
S31508004E043846FFF7D4FDC7F82C02D4F8003293F8D5
S31508004E140222424511D9012283F80422D4F8000259
S31508004E24FFF7DFFA58BBD4F80022D2F82C32013344
S31508004E34C2F82C3208F10108E7E7D3F82C22A2EBD2
S31508004E440802C3F82C22C4F80C924946D4F8000286
S31508004E54FFF7ADFDC4F8100291E7042099E7042092
S31508004E6497E7042095E7022093E7012091E70420B9
S31508004E748FE707208DE702208BE7012089E70120C9
S31508004E8487E738B504460021FFF70EFE054640B10C
S31508004E94284638BD00212046FFF753FF054600285B
S31508004EA4F6D1D4F81012D4F80002FFF7C9FA054669
S31508004EB40028EDD1D4F8140203785BB1C37A13F051
S31508004EC4080FE7D10B22D4F81812FFF789F800283F
S31508004ED4E0D1DDE70425DBE710B582B0044601918D
S31508004EE40B782F2B01D05C2B01D1013101910023C2
S31508004EF4C4F80832019B1B781F2B1DD901A920462B
S31508004F04FFF7BCF90346F8B92046FFF7BAFFD4F809
S31508004F141832DA7A0346D0B912F0040F14D1D4F849
S31508004F241412CB7A13F0100F18D0D4F80002FFF736
S31508004F3489F9C4F80802E1E700212046FFF7B4FD21
S31508004F4403460022C4F81422184602B010BD0428E9
S31508004F54FAD112F0040FF7D10523F5E70523F3E791
S31508004F6470B504460E460021FFF79EFD0246D8B9E1
S31508004F74002508E00135B54216D001212046FFF781
S31508004F84E0FE024680B9D4F81012D4F80002FFF7FE
S31508004F9457FA024640B9D4F814321B78E52BE9D0FF
S31508004FA4002BE7D00025E8E7042A01D0104670BD97
S31508004FB40722FBE738B504460121FFF7D1FF05466A
S31508004FC408B1284638BDD4F81012D4F80002FFF701
S31508004FD437FA05460028F4D120220021D4F8140211
S31508004FE4FEF7F6FF0B22D4F81812D4F81402FEF7CB
S31508004FF4E5FFD4F80032012283F80422E1E7F8B584
S3150800500401292DD904460D46D0F814328B422AD9E3
S31508005014002700E03546D4F81432AB4221D9294694
S315080050242046FFF7D3FC0646D8B101281DD0B0F1B7
S31508005034FF3F1CD0002229462046FFF790FD07466D
S3150800504478B9D4F81032B3F1FF3FE3D00133C4F88A
S31508005054103294F8053243F0010384F80532D9E78F
S3150800506402273846F8BD0227FBE70227F9E7012796
S31508005074F7E7000070B584B00190009116460391D5
S3150800508403A8FFF785F9041E1DDB114B53F82450BA
S315080050942DB12846FFF7A0F8002385F80032019BB6
S315080050A413B1002283F80022094A42F8243063B176
S315080050B4012E02D0002004B070BD0022694601A862
S315080050C4FFF73EFAF7E70B20F5E70020F3E700BF02
S315080050D42C0300202DE9F043ADF50F7D019100283E
S315080050E400F0E580144606460023C0F8003202F0B4
S315080050F41F0802F01E073A4601A986A8FFF720FAF8
S31508005104054620B128460DF50F7DBDE8F08303ABAF
S315080051148C93019906A8FFF7DFFEDDF82C92054665
S3150800512448B9B9F1000F5AD0391E18BF012106A88B
S31508005134FEF76EFF054614F01C0F00F0A480002D40
S3150800514459D0042D4DD048F00808DDF82C9215B92D
S3150800515418F0080F5BD1002DD4D118F0080F01D030
S3150800516448F02008869BD3F82C32C6F81C32C6F8B9
S315080051742092B8F1010F94BF0021012106A8FEF779
S315080051849FFFC6F82802002800F0938086F8068256
S31508005194002486F80742869F49463846FFF752F8A0
S315080051A4C6F8100299F81F2099F81E301B0443EA22
S315080051B4026399F81D2043EA022399F81C20134335
S315080051C4C6F80C32C6F80842C6F81842C6F824428D
S315080051D4C6F80072B7F80632A6F8043292E706252E
S315080051E4A9E7FEF75BFF08B91225ACE706A8FFF79F
S315080051F4E1FE0546A7E799F80B3013F0110F04D121
S3150800520414F0040FA3D00825A1E707259FE7FEF7A6
S31508005214E9FA89F80E00C0F3072389F80F30C0F3BA
S31508005224074389F81030000E89F81100002489F81C
S315080052340B4089F81C4089F81D4089F81E4089F8F6
S315080052441F4049468698FEF7FDFF0746214648460D
S31508005254FFF709F88698012380F80432002F3FF4F3
S315080052647AAFD0F82C423946FFF7C9FE054600281E
S315080052747FF471AF8698013FC0F80C722146FFF798
S31508005284DFF8054667E7002D7FF465AF99F80B301C
S3150800529413F0100F09D114F0020F3FF45CAF13F0AA
S315080052A4010F3FF458AF072555E7042553E70925A9
S315080052B428E7022526E72DE9F04F83B004460F4672
S315080052C4164698460023C8F80030FFF71FF90190E0
S315080052D4002840F0D18094F807320193002B40F05F
S315080052E4CB8094F8063213F0010F00F0D780D4F877
S315080052F40C52D4F80832ED1AB54276D3354674E022
S31508005304D4F824321BB12046FEF788FF83E0D4F88C
S315080053141412FFF75BFB7EE04FF0020A84F807A23B
S31508005324CDF804A0A8E04FF0010A84F807A2CDF846
S3150800533404A0A1E04FF0020A84F807A2CDF804A05D
S315080053449AE094F8063213F0400F05D0D4F8180200
S31508005354A0EB0900504502D34FEA4A2639E04FF438
S315080053640072214607EB4020FEF728FEF4E7D4F83E
S3150800537418224A451DD094F8063213F0400F0DD072
S31508005384012321469BF80102FEF700FE002877D187
S3150800539494F8063223F0400384F80632D4F800025F
S315080053A401234A46214690F80102FEF7E3FD002848
S315080053B46DD1C4F81892D4F80812C1F30801C1F5DE
S315080053C40076B54200D22E46324621443846FEF7C8
S315080053D4F5FD3744D4F808323344C4F80832D8F80B
S315080053E400303344C8F80030AD1B002D44D0D4F83F
S315080053F40812C1F30803002BDDD1D4F8000290F893
S315080054040262013EF6B216EA51260CD100297FF44F
S3150800541477AFD4F8100201287FF67EAFB0F1FF3FCC
S3150800542481D0C4F81402D4F800B2D4F81412584639
S31508005434FFF7BDFA814600283FF47CAFB1444FEA32
S31508005444552AB5F5007F92D306EB0A039BF8022288
S31508005454934201D9A2EB060A53464A4639469BF8B3
S315080054640102FEF787FD00283FF46BAF4FF0010AEF
S3150800547484F807A2CDF804A0019803B0BDE8F08F1C
S315080054844FF0010A84F807A2CDF804A0F4E74FF018
S31508005494010A84F807A2CDF804A0EDE707230193CF
S315080054A4EAE738B50446FFF731F800BB94F8063244
S315080054B413F0200F1BD013F0400F11D0D4F80002BC
S315080054C40123D4F81822214690F80102FEF75EFD5E
S315080054D4002843D194F8063223F0400384F80632B0
S315080054E4D4F81C12D4F80002FEF7AAFF00B138BD9E
S315080054F4D4F82052EB7A43F02003EB7294F80C327A
S315080055042B77B4F80C321B0A6B7794F80E32AB7708
S3150800551494F80F32EB77D4F810122846FEF7A3FE58
S31508005524FEF760F9A875C0F30723EB75C0F30743C4
S315080055342B76000E68760023AB74EB7494F8063267
S3150800554423F0200384F80632D4F80032012283F8C3
S315080055540422D4F80002FFF7C9F9C8E70120C6E710
S3150800556410B50446FFF79DFF00B110BD2046FEF7AF
S31508005574CDFF0028F9D1D4F82802FEF707FE002843
S31508005584F3D1C4F80002F0E7134B5B7ADBB2012BC4
S3150800559401D90120704710B404460F4B93F809C08B
S315080055A45FFA8CFC002003F80C0093F809C003EB9F
S315080055B48C0CCCF804405C7A1C4422725A7A541C2B
S315080055C4E4B25C7230320A703A234B702F238B7024
S315080055D4C87010BC704700BF3003002008B500220D
S315080055E4FFF7D2FF08BD08B500F0FEF808BD0000B5
S315080055F408B5242805D80D4B1B78834200D030B94A
S3150800560408BD0B4B0B4A6B210B4800F067FD0B4A90
S315080056141370064B18700A4A00EB40001318125C04
S315080056249978587800F0E6F8EAE700BF23000020E6
S31508005634DCC7000828C80008F0C7000822000020B4
S3150800564440C80008004870472400002008B568B11F
S315080056540022027342734270426082600122027021
S31508005664064B3221022000F041F908BD044B054AD5
S315080056744FF48971044800F031FD00BF85570008CE
S31508005684B0C800086CC90008BCC8000830B583B0A7
S3150800569488B10446072914D8017301B14173244B10
S315080056A401EB410158185A5A8378ADF804208DF84D
S315080056B4063000251FE01F4B1F4AE0211F4800F053
S315080056C40DFD1F4B1C4AE1211C4800F007FD05F19E
S315080056D408036B4413F8043C1A4AD25CAB1C04EB6B
S315080056E4C3010A7154F8330054F8333099880068B2
S315080056F4FBF724FE0135022DE9DD002513E005F14B
S3150800570408036B4413F8043C0E4AD25C6B1D04EB85
S31508005714C3010A7154F8330054F833309988006881
S31508005724FBF70CFE0135022DE9DD03B030BD00BFE1
S3150800573494C90008B0C800083CC90008BCC80008D9
S31508005744FCC80008DCC9000808B528B10346027B72
S315080057544AB9427BD2B207E0064B074A4FF4827134
S31508005764064800F0BBFC00221A73197B1846FFF79B
S315080057748DFF08BDB0C8000854C90008BCC8000895
S3150800578410B5FFF75FFF037843B1044643782BB19E
S315080057948368013383604268934200D210BDFFF7E1
S315080057A4D3FF0023A360F9E708B568B10B46114691
S315080057B40246417000209060074850F82330536031
S315080057C4022000F0C5F808BD044B054A4FF49C7145
S315080057D4044800F083FC00BF80C90008B0C800086C
S315080057E424C90008BCC8000808B5FFF72BFFFFF753
S315080057F42DFF08BDF8B507460D461646FFF722FFE6
S31508005804037803B9F8BD04463946FFF73FFF324625
S3150800581429462046FFF7C8FFF4E700BF7047000093
S3150800582410B5074B5A68DB6802FB03334FF47A72E8
S3150800583402FB03F4FCF7EAFAB4FBF0F010BD00BF70
S315080058442002002010B50446FFF7EAFFB4FBF0F087
S3150800585410BD000038B5002401E00134E4B2022C7E
S3150800586424D825462301124AD35C002BF5D002EB33
S3150800587404135B68002BF0D002EB04125368013B57
S315080058845360002BE9D1D3680BB1D3689847084B0A
S3150800589403EB05135B78002BDFD0054B2A0103EBDA
S315080058A40515A968696001219954D6E738BD00BF72
S315080058B43C03002008B500230CE009484FEA031C02
S315080058C400EB0312002100F80C1051700549D16051
S315080058D40133DBB2022BF0D90348FDF70FFA08BDF2
S315080058E43C0300201F58000820020020F8B50228AF
S315080058F41BD804460E4617461D46E3B13620FBF769
S31508005904FDF90E4B220103EB041400219954677028
S31508005914E5603046FFF796FFA0603046FFF792FF32
S3150800592460603620FBF7D4F9F8BD054B054A972184
S31508005934054800F0D3FB054DE0E700BF3C03002013
S31508005944E0C9000844CA0008F8C900081F58000836
S3150800595438B502280FD804460D463620FBF7CEF98B
S31508005964084B220103EB04149D54A3686360362094
S31508005974FBF7AEF938BD044B044AAE21044800F0DF
S31508005984ADFB00BF3C030020E0C9000834CA000888
S31508005994F8C9000808B5FBF7FFF808BD08B50121E2
S315080059A40348FBF7B7FCB0FA80F0400908BD00BF0E
S315080059B40008014008B5FFF77DFFFFF714FE0B202A
S315080059C4FFF716FE00F096F908BD000000B583B08F
S315080059D400F040FA0D49002000F0B4F901220192C2
S315080059E4009213460A49002000F0ACF9094B0A4A0A
S315080059F40A49002000F0A6F90949002000F0A2F996
S31508005A0400F028FA03B05DF804FB00BF58CA000882
S31508005A14BCCA0008ECCA0008F8CA000804CB000887
S31508005A2428CB000810B582B08F4C23788F4AD05CF7
S31508005A34FFF7DEFD2478102C00F2CF80DFE814F09F
S31508005A44110017002300570068002A003E00790059
S31508005A549000A000C600D100DC00E700F200BC00FC
S31508005A64FF00FFF7A7FF804B01221A70B5E0FFF786
S31508005A74ADFF00F0D9F97E49002000F063F97A4BAE
S31508005A8402221A70A9E0FFF789FF00B10524764BB4
S31508005A941C70A2E0012005F09DFA00F0C3FC044640
S31508005AA400F01EF902467349002000F04BF91CB9B0
S31508005AB406226D4B1A7090E00D22FAE705F0A4FA57
S31508005AC428B101280BD0684B03221A7085E06A496D
S31508005AD4002000F037F9644B03221A707DE0674909
S31508005AE4002000F02FF9604B08221A7075E005F0C3
S31508005AF405FA044600F0F4F802466149002000F06D
S31508005B0421F91CB90422584B1A7066E00B22FAE7ED
S31508005B1405F0FAF9044600F0E3F80246594900206C
S31508005B2400F010F91CB907224F4B1A7055E00C22E5
S31508005B34FAE700F09AFC5449002000F003F905F04E
S31508005B446FFA044600F0CCF802465049002000F0EB
S31508005B54F9F81CB90922444B1A703EE00E22FAE7FA
S31508005B6400F083FC4A49002000F0ECF800F026FA1D
S31508005B74102803D00E223C4B1A702EE00A22FAE7AC
S31508005B844449002000F0DEF800238DF807300DF1B3
S31508005B94070005F08FFA18B1334B0F221A701CE070
S31508005BA43D4900F0CFF89DF807301BB10A222E4B69
S31508005BB41A7012E00F22FAE7102000F083F837492A
S31508005BC4002000F0BFF8284B10221A703449002030
S31508005BD400F0B8F8244B10221A70234B187802B038
S31508005BE410BD012000F06EF82E49002000F0AAF836
S31508005BF41D4B10221A70F0E7022000F063F82A49B8
S31508005C04002000F09FF8184B10221A70E5E70420CC
S31508005C1400F058F82549002000F094F8124B102299
S31508005C241A70DAE7082000F04DF82149002000F040
S31508005C3489F800F01AFC0C4B10221A70CDE700F014
S31508005C443BF802461B49002000F07CF8002005F0CA
S31508005C54C1F900F03FF841F28830FFF79BFE024B8A
S31508005C6401221A70B9E700BF6C030020DCCE0008D5
S31508005C744CCB00087CCB000894CB0008C4CB0008A6
S31508005C84F4CB00080CCC000834CC000894CC0008EB
S31508005C94C0CC000818CD000878CD0008A4CD0008AB
S31508005CA4D0CD0008FCCD000828CE000854CE000844
S31508005CB49CCE0008B8CE0008014B1888704700BF70
S31508005CC46E030020024B1A8810431880704700BFE1
S31508005CD46E030020014B00221A8070476E030020D1
S31508005CE408B9024870470248704700BFF0CE00085A
S31508005CF4F8CE000808B5032202490348FDF751FD0A
S31508005D0408BD00BF70030020B002002000B583B0B0
S31508005D148DF807000A48FDF723FDA0280CD042F2A7
S31508005D24107301220DF107010548FDF7D1FB00B1F7
S31508005D34012003B05DF804FB0148FDF798FCEEE783
S31508005D44B00200200EB430B582B002280AD898B141
S31508005D5401280DD0022829D0002002B0BDE8304021
S31508005D6403B07047154B164A7321164800F0B6F966
S31508005D74154B1B7B002BEDD0144C4FF400752A46AB
S31508005D840021204605F0F2FB06AB0193059A294645
S31508005D94204605F0CDFB4FF47A7382B221460C48AF
S31508005DA4FDF796FB0028D8D00120D6E7064B93F8D2
S31508005DB43430002BE0D10020CFE700BF00CF000825
S31508005DC49CCF000828CF000878030020DC030020B5
S31508005DD4B002002038B504460D460A48FDF7C0FC53
S31508005DE420280AD14FF47A732A4621460548FDF736
S31508005DF4D5FB003818BF012038BD0248FDF737FC2B
S31508005E04F0E700BFB002002000B583B02E23ADF83A
S31508005E1404300023012201A90248FDF759FB03B007
S31508005E245DF804FBB002002000B583B0074B1B687D
S31508005E34ADF804301B0C8DF8063001AA044900207D
S31508005E44FFF780FF03B05DF804FB00BF98CF000896
S31508005E5438D0000800B593B04322064901A805F0D6
S31508005E643EFC01AA04490020FFF76CFF13B05DF855
S31508005E7404FB00BF58CF000838D0000802460020AB
S31508005E84B9B1013989B212F8013B80EA032000232B
S31508005E9403E0400080B20133DBB2072BF0D810F4DC
S31508005EA4004FF6D0400080B280F4815080F00100A3
S31508005EB4F1E770472DE9F041ADF5816D012840D031
S31508005EC402283AD00026FF2502210DF20440FFF7E6
S31508005ED481FF0446314601A8FFF77CFF0443E4B278
S31508005EE402216846FFF776FF0443E4B29DF80020D2
S31508005EF49DF8013043EA0228314601A8FFF7BEFFA0
S31508005F0407460CB345F0040595B99DF804341E4AB2
S31508005F141278934201D045F002059DF805241344EE
S31508005F24FF2B01D045F00205B8451DD045F0010503
S31508005F3428460DF5816DBDE8F0814FF4806600258D
S31508005F44C2E780260025BFE7002DF1D10F4B1B7849
S31508005F54002BD9D100F06CFA18B90C4B01221A702F
S31508005F64D2E745F00805E3E7002DE1D1314601A85B
S31508005F7400F066FA10B145F00805D9E7024A137825
S31508005F8401331370D4E700BF64000020DC05002049
S31508005F9408B503780133DBB203708B4204D21520AB
S31508005FA4FFF7B4FE002008BD1820FFF7AFFE18203F
S31508005FB4FFF7ACFE00F059FAFF20F4E710B582B0FB
S31508005FC400238DF807308DF80630334A1370334BA7
S31508005FD401221A7027E04320FFF798FE36E00321D2
S31508005FE40DF10600FFF7D4FF8DF807002EE01828F8
S31508005FF443D1FF238DF8073015E00620FFF786FE08
S3150800600411E003218DF806100DF10600FFF7C0FF15
S315080060148DF8070007E00620FFF778FE10238DF8B1
S31508006024073000F01BFA9DF8073083BB00238DF870
S31508006034053001210DF10500FFF7CCFE044628B111
S31508006044154B1B78002BC6D0012BC8D09DF805002C
S315080060540428E0D0CBD8431EDBB2012B0DD8FFF7BA
S3150800606429FF0028C9D00828CBD003210DF1060042
S31508006074FFF78EFF8DF80700D5E7002CD3D103214F
S315080060840DF10600FFF784FF8DF80700CBE79DF8AE
S31508006094070002B010BD00BFDC0500206400002024
S315080060A400BF704708B572B604490020FFF74AFED8
S315080060B40920FFF79DFAFFF7F3FFFEE7ACCF0008C8
S315080060C408B572B604490020FFF73CFE0920FFF71D
S315080060D48FFAFFF7E5FFFEE7D4CF000800B583B0D3
S315080060E40B460092024605490020FFF72BFE0920BD
S315080060F4FFF77EFAFFF7D4FFFEE700BFF8CF0008E4
S3150800610408B50268034B1B689A4200D008BDFFF71E
S31508006114A1FBFBE72002002000487047E0050020A9
S3150800612410B548B1044604F06DFB201D00F0E0F9F3
S3150800613440B90123237006E0034B044A432104486B
S31508006144FFF7CCFF012010BDB0C8000884D10008B1
S315080061543CD0000808B5B8B101291BD84FF0540C37
S315080061640CFB01FC0CF1780C84440D4B53F82230DB
S315080061740C4A52F821200CF10401043004F0F0F919
S31508006184003818BF012008BD074B084A7121084882
S31508006194FFF7A4FF074B054A72210548FFF79EFF40
S315080061A4B8D10008B0D10008B0C8000870D10008FA
S315080061B43CD0000870D0000810B5029C88B11A4675
S315080061C4012914D8CBB1542303FB01F178310144D6
S315080061D423460431043004F019FA201A18BF0120A2
S315080061E410BD094B094AB2210948FFF777FF094B45
S315080061F4064AB3210648FFF771FF074B034AB42141
S315080062040348FFF76BFF00BFB0C8000858D1000861
S315080062143CD0000870D0000884D0000808B570B1D6
S31508006224012912D8542202FB01F1783101440431C0
S31508006234043004F0B3F9003818BF012008BD064B32
S31508006244064A85210648FFF749FF064B034A862175
S315080062540348FFF743FF00BFB0C8000840D1000851
S315080062643CD0000870D0000808B558B101290FD8E9
S315080062740A4A52F82110043004F06EF9003818BF9F
S31508006284012008BD064B074AC8210748FFF726FF21
S31508006294064B044AC9210448FFF720FFB0D1000879
S315080062A4B0C800082CD100083CD0000870D00008FB
S315080062B410B5029C80B18446A4B1012918D854208B
S315080062C400FB01F17831614404310CF1040004F057
S315080062D47FF92060002010BD084B094A9C21094813
S315080062E4FFF7FCFE084B064A9D210648FFF7F6FE13
S315080062F4064B034A9E210348FFF7F0FEB0C8000880
S31508006304D8D000083CD0000898D0000870D00008FF
S315080063142DE9F04786B00E9E00282ED088461546ED
S315080063241F468146002E2ED0002A32D0012936D89F
S315080063340022FFF70FFF824600285FD1314B5A69C6
S3150800634442F040025A615B6903F040030393039BDE
S315080063542D4B1B79012B28D02B4B01221A71196856
S315080063648A6842F001028A6000241C713A46214672
S31508006374284605F0FBF8049432E0244B244AE0212D
S315080063842448FFF7ABFE244B214AE1212148FFF7B5
S31508006394A5FE224B1E4AE2211E48FFF79FFE204B0C
S315080063A41B4AE3211B48FFF799FE4FF0020A25E032
S315080063B42A5D2B195878000440EA02609A7840EA64
S315080063C40220DB7818430590012205A90E48FAF73E
S315080063D4D3FC30600434049BA342E9DCBB4209D1F4
S315080063E404AB00933B462A4641464846FFF760FFFE
S315080063F40024F0E741464846FFF710FF504606B02A
S31508006404BDE8F08700100240FC000020B0C8000870
S31508006414ECD000083CD00008B0D00008C0D0000872
S3150800642470D0000808B5FFF777FEFFF779FE08BDB8
S3150800643408B5FFF771FE05220021FFF78BFE08BD9C
S3150800644430B583B004460D46FFF766FE009523462D
S3150800645401220021FFF7B0FE03B030BD08B5FFF7EF
S315080064645BFE0021FFF7DAFE08BD08B5FFF754FE08
S315080064740021FFF7F9FE08BD70B582B068B10D4674
S315080064841446064682B1FFF747FE00942B46324669
S315080064940021FFF73DFF02B070BD074B074A4FF4D2
S315080064A4AE710748FFF71AFE064B044A40F25D111F
S315080064B40348FFF713FE00BFC0D0000804D1000844
S315080064C43CD00008B0D000080020704708B508463C
S315080064D404F022FA08BD08B51846029B04F0BCFA73
S315080064E408BD08B51846029B04F03EFB08BD00002B
S315080064F470B50446084904F02BF800B970BD064E79
S315080065043146204604F020F805463146204604F074
S315080065141FF82843F2E700BFD4D1000803680A68C5
S31508006524934204D049688B4217D00020704700B5BF
S31508006534D0F804C0D1F804E0F4450AD049688B427F
S3150800654402D000205DF804FB43689A4203D0002079
S31508006554F8E70120F6E70120F4E743689A4201D0F8
S3150800656400207047012070470023022B0CDC10B46E
S3150800657450F8232051F82340624040F82320013381
S31508006584022BF5DD10BC7047704703681B0D13F426
S31508006594E06F0FD043680A6893420DD08068496853
S315080065A488420BD08B420BD0824201D00020704720
S315080065B4012070470020704701207047012070476A
S315080065C40120704782B0019001AB1B681BB18B4256
S315080065D4FBD1012000E0002002B07047283000E01B
S315080065E41846036823B18B42FAD11B6803607047C7
S315080065F47047836A0B6081627047000000487047E1
S315080066040100020008B5FFF7F9FF000C08BD08B53C
S31508006614FFF7F4FF80B208BD436DC91A836E1B6A7F
S315080066241944B1FBF3F203FB1211836D8B420BD9A8
S31508006634406E4FEA511C50F82C3001F01F0101221C
S315080066448A40134340F82C3000207047836E1B6A37
S315080066540366704708B500228265C265FFF7F6FF30
S3150800666408BD000010B411F0805F1CD0184A0368F6
S3150800667483EA0104144218D043F30902B2F1FF3F36
S3150800668413D0134C0C40134A1A4042F09F4242F46A
S31508006694E002944209D00A0D02F4E064B4F5806F6E
S315080066A408D0002004E00C4AE1E700230360012037
S315080066B410BC7047C1F38921C3F389248C4205D3DE
S315080066C452B203EB822303600020F1E70020EFE7D0
S315080066D400FCFF7F00FC0F0000FC0F7041F3090368
S315080066E4B3F1FF3F08BF0131C1F30901043103685F
S315080066F40B44036000207047836E5B6A002B0BDD36
S315080067048A680132013343F00103B2FBF3F103FB58
S3150800671411221AB1002070470020704701207047E3
S31508006724036B23F4007343EA4123036370470000B1
S3150800673410B4124B046B234040F2FF3C614516D05B
S315080067444FEA812C4CF09F4C4CF4E00C43EA0C03C2
S31508006754036340F2FF3399420CD01368436340F253
S31508006764FF33994208D05368836310BC70474FF0CF
S31508006774000CEBE70023F1E70023F5E7FF030080AD
S3150800678403680133036000207047000008B5806E73
S31508006794036A8B4204D9C3689847002807DC08BDF6
S315080067A4064B074A4FF48C710648FFF797FC064BCD
S315080067B4034A4FF48D710348FFF790FCACD30008E5
S315080067C444DD000820D2000854D2000808B5036B3B
S315080067D4C3F309020AB9002912DBB2F5FF7F01D90E
S315080067E4002914DC1944016321F00043C1F30901AB
S315080067F4003918BF012143EAC1730363002008BDA9
S31508006804064B074A41F2F7310648FFF767FC064B81
S31508006814034A41F2F8310348FFF760FC60D20008E6
S31508006824C8DC000820D2000898D200082DE9F04FE9
S3150800683485B015469A460E9E0F9CDDF844B0826EC6
S31508006844136AB34240F2CB800746894604EB0B032E
S31508006854D269934240F286806FF05300AEE0D9F8CD
S315080068640430D9F808209918A1421ED9A34205D99B
S315080068741B1B5B4528BF5B4698467FE0191B02EB4A
S315080068840108D84528BFD846D9F80C10E31A424659
S315080068941944109804F023FF109B4344109344446E
S315080068A4ABEB080B5EE0D84668E0D84666E06B6852
S315080068B4AA689918A14264D9A34204D91B1B98450E
S315080068C428BF98465DE0191B0A44904528BF9046A0
S315080068D4E968E31A42461944109804F000FF109B2D
S315080068E4434410934444ABEB080B3BE0109A029BD9
S315080068F41A4410921C44039BA3EB08039B4431E0FF
S31508006904BB6E1B6AB3425CD92E60BB6E5A69B4FB74
S31508006914F2F302FB1343E21A6A6004EB0A01D7F89E
S3150800692468C0DCF8140001440139B1FBF0FE00FB31
S315080069341E10091ADCF81C001B1B884294BF1B187E
S315080069445B18DCF828108B4228BF0B46AB60B86E80
S31508006954D0F804800093EB683146C047031E36DC42
S31508006964002B3FD1BBF1000F37D0B9F1000F9AD0F5
S31508006974D9F80030B3423FF472AFD8462B68B34215
S3150800698495D0D345BCD3B86E4269B4FBF2F302FB87
S315080069941343002BB4D15A45B2D8B8FBF2F302FB21
S315080069A413830393A8EB0303D0F804C0029300935C
S315080069B4109B22463146E047002897D005B0BDE82B
S315080069C4F08F094B094A70210948FFF787FB094BE1
S315080069D4064A75210648FFF781FB0020EEE76FF0AB
S315080069E45300EBE71846E9E7ACD300086CDD00086A
S315080069F420D2000854D2000830B587B0044600688F
S31508006A04836EDB69116852680825039504AD0295FF
S31508006A1401920091024600F11001FFF707FF0346B1
S31508006A2478B9049A6168914208D0059DA0688542A0
S31508006A3404D0824202D0A94200D00123003B18BFE9
S31508006A440123184607B030BD2DE9F04F89B08346B7
S31508006A548A4605929846DDF84C90149E159F0024A4
S31508006A6406E02A4606A9386803F0EEFD38602C4489
S31508006A74B44216D2351B082D28BF0825039506AB44
S31508006A84029304EB09030193129B0093A8EB0403F6
S31508006A94059A51465846FFF7C9FE03460028E0D032
S31508006AA400E00023184609B0BDE8F08F2DE9F04F41
S31508006AB497B0174605931268836E1B6A9A4280F04C
S31508006AC45C8205460E467A68934240F2598200244F
S31508006AD412941394A04610E018F1010303F001037D
S31508006AE448BF5B4216A901EB830353F8103CD21A3C
S31508006AF4002A00DD444608F10108B8F1010F1DDC3F
S31508006B044FEA880912AB03EB880204230393029223
S31508006B140021019157F8282000922A462846FFF7B3
S31508006B2485FE09F158030DEB030959F8102C834621
S31508006B340028D1D010F1540FDDD01AE2002C04F04D
S31508006B440103B8BF5B4257F82320326014F1010CE5
S31508006B540CF0010C48BFCCF1000C57F82C207260DD
S31508006B6416AA02EB830353F8103CB3600024F460BE
S31508006B744FF0FF3BCDF81CC0A146B9F1010F00F355
S31508006B84EB81904A0EAB92E8030083E803000422E3
S31508006B9406F108014FF0FF3003F056FD0B90CDF8CF
S31508006BA418B000231C46089309934FF0FF381F4674
S31508006BB410E110F1540F01D100231EE08346D8E1F9
S31508006BC44FEA185303F4F063B3F5A06F14BF002318
S31508006BD4012312E0042203920DAA0292221D0192B5
S31508006BE4326800922A4600212846FFF71FFE80BB1A
S31508006BF40D9A0B9B9A4231D00023F268002A00F0C2
S31508006C0465810021B17553B1A86E8169B2FBF1F3B0
S31508006C1401FB13231BB9089B002B40F06581314601
S31508006C2405F13C00FFF7B1FC002800F07D81EB6B11
S31508006C34C3F38923CBF389229A4200F07381BBF10B
S31508006C44FF3F00F071819A4240F26E81ABF5806B8A
S31508006C546AE110F1540FCFD083468AE10C9BC3F343
S31508006C6407538AEAC37804220BA9E86A03F0ECFC02
S31508006C74E8620C9B43F30902B2F1FF3F08BF0133F4
S31508006C84C3F3090304332344F360C6F81080B782B8
S31508006C940E9BB3610F9BF361099BF3754FF0FF33AA
S31508006CA40B93DDF818B095E010F1540F01D10023C9
S31508006CB4A3E783465DE1B1F5806F21D0B1F5C06FD6
S31508006CC446D0C0F30A0240F2FF539A4240F0E380EA
S31508006CD4AB6EDB690822039210AA0292CDF80480EF
S31508006CE4326800922A4600212846FFF79FFD0028AD
S31508006CF44AD010F1540F00F0E78001230893CAE044
S31508006D0440B282B23A4497B2069A114622F07F42BA
S31508006D1422F4700222F47F7222F0030242F09F42A8
S31508006D2442F4E00293420FD0069AB2F1FF3F00F014
S31508006D34B280C3F38923C1F389229A42C0F0AB8097
S31508006D4401EB80230693A6E041F000430693A2E0F4
S31508006D5400F001030993AB6EDB69082203920EAABD
S31508006D640292CDF80480326800922A460021284609
S31508006D74FFF75CFD002800F08E8010F1540F01D156
S31508006D8400233AE78346F4E00123089383E010F1ED
S31508006D94540F01D1002330E78346EAE00C9A069B98
S31508006DA49C4682EA0301084B0B407BB1022810D1AA
S31508006DB4C2F38923CCF3892C9C450AD342F00043B9
S31508006DC4069306E038C4000800FCFF7F4FF0FF3343
S31508006DD40693D04648F30902B2F1FF3F14BF43466F
S31508006DE408F10103C3F3090304331C44AB6EDB69DE
S31508006DF4042203920CAA02920194326800922A464B
S31508006E0400212846FFF712FD00287FF4D2AE04229B
S31508006E140CA90B9803F018FC0B900C9B1BBA88EA78
S31508006E24030ACDF830A0BAF1000FFFF6C9AE4AF34B
S31508006E340903B3F1FF3F14BF52460AF10102C2F334
S31508006E440902111D2144AB6EDB6999423AD84FEA0F
S31508006E541A5101F4F061B1F5A06F3FF4BBAE04F129
S31508006E6404080BA903910292CDF8048032680092B3
S31508006E742A4600212846FFF7E7FD00287FF414AFC9
S31508006E840C9B180D10F4E0617FF415AFC3F3892346
S31508006E949F4200D85F1C0C99209B4B40059A1342CD
S31508006EA497D133681493CDF8548014AA2398229B57
S31508006EB498470028FFF66BAF00287FF46FAF0C9B4A
S31508006EC4069386E7002398E6002396E633687268F5
S31508006ED43260736016AB079A03EB820353F8103CCF
S31508006EE4B36009F1010948E64FF0FF330D93C3690E
S31508006EF40DA90391109902910192326800922A46CB
S31508006F0400212846FFF7A0FD20B110F1540F01D047
S31508006F1483462EE0119A0D9B934214BF0023012346
S31508006F24B3757CE64BF0004B219B3BB1CBF389232D
S31508006F34B28A934228BF1346219A1380BBF1000FE5
S31508006F4417DACBF38923B28A9A4202D96FF0010B76
S31508006F540FE04FF0000B0CE00B4B019373680093A2
S31508006F64336840F27F520949094804F061FA6FF020
S31508006F74530B584617B0BDE8F08F6FF0530BF8E77C
S31508006F846FF0530BF5E700BF14CD000820D20008B4
S31508006F94D0D200082DE9F0478AB0814688461446BF
S31508006FA4002393610125D561294A05AB92E80300BC
S31508006FB483E80300AA463AE0264B41F2D43226492E
S31508006FC4264804F035FA6FF053033CE00597E36965
S31508006FD406934FEA4A0A00250DE0012300E001233F
S31508006FE47BBB04F1180605A93046FFF797FA002873
S31508006FF4E2D15545EAD00135CDF81C90D8F80030D1
S315080070040893D8F80430099307AB0393144B0293F7
S3150800701400230193134B0093134B324621464846EB
S31508007024FFF744FD034610B110F1020F0BD1A7690F
S31508007034B7F1FF3FD3D0E369B3F1FF3FCDD00023C7
S31508007044CEE76FF0010318460AB0BDE8F08700BF23
S3150800705438C4000814CD000820D2000808D3000854
S31508007064FD69000808000020FF03F07F00B585B01D
S3150800707400230393029301934FF0FF330093FFF722
S3150800708415FD05B05DF804FB2DE9F04782B080468E
S315080070940E461446002393610125D561274B93E8D0
S315080070A4030002AB03E90300A946A769B7F1FF3F4A
S315080070B435D0E369B3F1FF3F2FD000238BBB04F12E
S315080070C4180A69465046FFF729FAA8B94D451DD04E
S315080070D401353368BB4227D0E1697268914227D0EB
S315080070E4BA4227D0994227D0524621464046FFF74E
S315080070F4BDFF0028D9D018E0114B41F28E32114950
S31508007104114804F095F96FF053000EE00097E3690F
S3150800711401934FEA49090025DAE70123CEE701235B
S31508007124CCE76FF0010000E0002002B0BDE8F0876C
S315080071340020FAE70020F8E70020F6E738C400083C
S3150800714414CD000820D2000808D300082DE9F04F12
S31508007154AFB007900E4617461C46DDF8E080DDF80A
S31508007164E4B0DDF8E8A0BDF8F0300493BDF8F430D7
S315080071740593BDF9F8300693002544F30903B3F1E2
S31508007184FF3F14BFA14604F10109C9F3090909F12E
S315080071940409B944F36899455ED3BBF1000F40F37B
S315080071A4FA80D8F800300F93D8F8049008F1080844
S315080071B40BF1FF3B0F99A94B0AEA03033B9A4A4092
S315080071C41A40DAD1CAF38923002B00F01681022D5E
S315080071D462D8C5EB05132EA800EB830343F8786C35
S315080071E443F8747C43F8704C43F86C8C43F868BCD9
S315080071F443F864AC3B9843F8600C049823F85C0C99
S31508007204059823F85A0C069823F8580C3F9843F81F
S31508007214540C409843F8500C43F84C1C43F8489CCB
S31508007224443B0DA903C983E80300C5EB05139B007A
S31508007234283310A90B440433409301353B929246F4
S31508007244874B3F93002306930593049395E7089D7C
S31508007254099E0A9F0B9C90E73268042303930FA99F
S315080072640291CDF804900092079A00211046FFF780
S31508007274DDFA0346002840F0EC800F9B1BBA6340F6
S3150800728443F000440F9433680D9309F104030E93F5
S315080072944F460DF134098DE7724B734A40F2AF310C
S315080072A47248FEF71BFF6E4B3F9A9A423FF465AF4E
S315080072B4C5EB05132EAA02EB83033C22002109938E
S315080072C4A3F1780004F052F9099B43F8786C43F863
S315080072D4747C43F8704C43F86C8C43F868BC43F8E8
S315080072E464AC3B9A43F8602C049A23F85C2C059A00
S315080072F423F85A2C069823F8580C3F9A43F8542C2A
S31508007304409A43F8502C0135089BC3F309020492AA
S31508007314C3F38923511C05919B1A9BB203441BB2E0
S3150800732406934E464FF000533B93DFF844A14FF0C3
S31508007334000BD8464FF0FF345F461EE70023089536
S3150800734409960A970B941C46069D3F9E409F0F9BE1
S31508007354C3F30902944219D204EB440109EB8102EE
S3150800736419F8211001F54071C3F389232B449B02B4
S3150800737443EA01539168526819433846B0470028CE
S3150800738466DB00287FF463AF0134E0E7089D099EB5
S315080073940A9F0B9CF1E60023002D5AD0013DC5EB4C
S315080073A405132EAA02EB830353F8786C53F8747CFE
S315080073B453F8704C53F86C8C53F868BC53F864ACA7
S315080073C453F8602C3B9233F85C2C049233F85A2C0D
S315080073D4059233F9582C069253F8542C3F9253F8D5
S315080073E4502C409253F84C2C0F9253F8489C0DAAF3
S315080073F4443B93E8030082E80300CAF3892353B1A4
S315080074040F9BC3F38923049A9A423FF6B6AE059AAC
S315080074149A427FF6B2AE0F9B0893C3F30A53002B26
S315080074243FF4ABAE40F2011293423FF43CAFB3F5DE
S31508007434817F83D04A46089B069903EB81214098AD
S315080074443F9B9847031E04DB002B3FF496AEA3E745
S31508007454034618462FB0BDE8F08F00BF0000F07F42
S315080074646966000834D30008F8DC000820D200084E
S3150800747400FC0F602DE9F04F89B007468A4690460E
S315080074849B46CD680B6907933C30FFF77EF80028C6
S3150800749400F08280C8F38923002B7FD0FB6BC3F3EB
S315080074A48923CBF3892293427AD9002606E00596E6
S315080074B4ABEB0603634013EA080F48D0079C44F372
S315080074C40909B9F1FF3F14BF2346631CC3F3090333
S315080074D41A1D0833AB4265D8AD1ADAF8002004231E
S315080074E4039307A90291019500923A46002138466A
S315080074F4FFF79CF90346002856D1079B1BBA63403D
S3150800750423F000430793C8F38923002BCFD0230D18
S3150800751403F4E062B2F5806FC9D1C4F38920ABEBFA
S315080075240602C2F3892C8445C1D322F07F4222F491
S31508007534700222F47F7222F0030242F0804242F47F
S315080075448012A24234D05BB206EB8326AFE7B9F1C8
S31508007554FF3F30D0C4F30906149B9E4228BF1E463B
S31508007564DAF80020129B2B440396139902910433EC
S315080075740193009233463A4600213846FFF756F9F6
S31508007584034688B9149B9A1B0021139B981903F088
S31508007594EDFF059B234407E000268FE700268DE7C9
S315080075A4064E8BE76FF00103184609B0BDE8F08F65
S315080075B46FF00103F8E76FF00103F5E700FCFFFF3E
S315080075C410B584B0C3F309040294069C01940024FC
S315080075D40094FFF74FFF04B010BD000010B586B045
S315080075E4144603AB0093094B094AFFF7E9FF002841
S315080075F404DA10F1020F06D1002004E003A920469C
S31508007604FEF7B2FF002006B010BD00BF0C00F07FE5
S315080076140000F07F2DE9F04F87B006468A461746E4
S315080076241C46DDF840B0DDF84890139DDDF854801B
S3150800763405EB0802836EDB699A424DD96FF0530055
S3150800764476E07B68BA689918A9421CD9AB4204D972
S315080076545B1B434528BF434648E0591B0A44424539
S3150800766428BF4246F968EB1A05921944149804F09F
S3150800767436F8149B059A134414931544A8EB020888
S315080076842AE0434632E0434630E06FF001032360C4
S31508007694B36E5B69B5FBF3F203FB1252AA1A626076
S315080076A405EB0B03B16E48690344013BB3FBF0FCDD
S315080076B400FB1C301B1A896A8B4228BF0B46A36041
S315080076C4E1680293019100924B46119A514630465D
S315080076D4FFF7D0FE00282BDBB8F1000F27D0002FC8
S315080076E4CFD03B6813F1020FABD04346226812F1A0
S315080076F4020FCAD16268A1685018A842C5D9AA421D
S31508007704C3D8501B0144994228BF19460846E36862
S31508007714A91A059002461944149803F0E0FF149B2D
S315080077240598034414930544A8EB0008D4E70020FD
S3150800773407B0BDE8F08F10B50C46836E9A6AFF2130
S31508007744E06803F013FF4FF0FF33236010BDF8B56C
S315080077540D68836EDF69083FB5FBF7F0BD4212D3A7
S315080077640E460138F8F764FD841CA5EB8404B4FBC3
S31508007774F7F404FB17552046F8F75AFDA5EB8005E0
S3150800778435602046F8BD0020FCE72DE9F04F89B0A6
S315080077941C46129B139E149F23B90023184609B04E
S315080077A4BDE8F08F804689469246013B079307A9B0
S315080077B4FFF7CDFF054621463846B047034600285D
S315080077C4ECD1002DEAD005F0010BCBF102039B00A6
S315080077D4039305AA0292002201920094524649464E
S315080077E44046FFF723F80446C8B9EB4303F0010300
S315080077F4A3420BDD08AB03EB840353F80C1C384691
S31508007804B04703460028C9D10134EEE708AA02EBBB
S31508007814830353F80C4CABF1020B5D44CBE70346E8
S31508007824BCE700002DE9F04F93B006460F46904694
S315080078349946202200210AA803F098FE01251195ED
S31508007844624A08AB92E8030083E80300AA46109C40
S31508007854B4F1FF3F00F08180119BB3F1FF3F7AD06A
S315080078640023002B7BD108A910A8FEF757FE88B978
S31508007874554519D001350024012C1CDCA31D12AA78
S3150800788402EB830353F8201C4046B8470346F8B96D
S315080078940134F1E74E4B4FF499524E494E4803F0E2
S315080078A4C7FD6FF0530313E00894119B09934FEA3D
S315080078B44A0A0025DEE710AA0AA93046FFF7D6FBCE
S315080078C4059000287FD1002416E013F1020F11D089
S315080078D4184613B0BDE8F08FCDF808800197079BCA
S315080078E40093069B324600213046FFF74EFF0346B7
S315080078F40028EDD10134A4B2BDF83C30A342A6D980
S31508007904A30206AA009243F0005343F00803334A3D
S315080079140AA93046FFF754FE031ED6DBC3F30A53FF
S3150800792440F202229342D7D0B9F1000FE2D0B3F560
S31508007934007FDFD1DDF814B001E00BF1010BBBF1D8
S31508007944010FD7DC06AB53F82B104046B84703465D
S315080079540028F2D0BCE7012383E7012381E7B46A50
S315080079640FE0A36ACDF808800197E26A00923246CE
S3150800797404F140013046FFF708FF034658B1A7E76C
S315080079842468F4B1A379012BFAD1236B03F4881381
S31508007994B3F5803FE5D0236B03F49013B3F5003FAA
S315080079A4EED1A36BCDF808800197626B009232463C
S315080079B404F140013046FFF7E8FE03460028DFD00D
S315080079C486E7002384E7059B82E700BF38C40008DE
S315080079D414CD000820D2000808D3000800FC0F7054
S315080079E470B582B004460D46E36DA26D93422DD060
S315080079F45A1CE265226E013A2266626E590952F8E9
S31508007A04211003F01F00012282401142ECD1626D5D
S31508007A141344A26E126AB3FBF2F102FB11332B6014
S31508007A2404E00133E365236E013B2366E36DA26D2F
S31508007A3493423CD0626E590952F8211003F01F0094
S31508007A44012282401142ECD1002631E0216E09B3AD
S31508007A54636D1A44A06E036AB2FBF3F603FB16229F
S31508007A646265C36ADB008B4228BF0B46A365002107
S31508007A74E165C26A606E03F079FD012322460E4968
S31508007A842046FFF7CFFE06460028ADD02046FEF76F
S31508007A94E1FD0DE0626D09490091134440F2AA2202
S31508007AA40749084803F0C4FC6FF01B0600E00026EB
S31508007AB4304602B070BD00BF1D66000814CD00082C
S31508007AC420D200083CD3000870B584B006460C469C
S31508007AD40025012D0DDC013505F0010148BF494299
S31508007AE404EB81013046FFF77BFF03460028F0D0FC
S31508007AF42DE00021224642F8081F0423039302922C
S31508007B0401912268009232463046FEF78FFEA2683B
S31508007B14034610B110F1540F19D1B36E5B6A002BEA
S31508007B240ADD013343F001015318013BB3FBF1F2BB
S31508007B3401FB12329B1AA3600423E3604FF0FF3261
S31508007B4422610023A382A261E261A375E375184644
S31508007B5404B070BD00B583B00023019301AA04499B
S31508007B64FFF760FE00B9019803B05DF804FB00BF97
S31508007B74856700082DE9F04F89B082468946059243
S31508007B841F46DDF84C80DDF850B0159E002402E04F
S31508007B94012323E02C44B4421FD2351B082D28BFE9
S31508007BA40825039506AB029304EB08030193129B7D
S31508007BB400933B1B059A49465046FEF737FE034693
S31508007BC460B92A460BEB040106A803F0BFFC00289B
S31508007BD4E0D00028DCDB022300E00023184609B0C5
S31508007BE4BDE8F08F2DE9F04385B00C46096811F11C
S31508007BF4030F3FD8074691469846806E036A994212
S31508007C042CD2A56882691544013DB5FBF2F302FB43
S31508007C141353EE1A85680096E3686268A847051E3A
S31508007C2422DC45BBB8F1000F13D04FF0FF33C9F877
S31508007C340030E3680396029363680193236800930C
S31508007C4433464A4600213846FFF794FF002816DBD8
S31508007C54B8B921463846FFF76EFD0CE00A4B0B4AC5
S31508007C64B4210B48FEF73AFA0A4B084AB7210848E2
S31508007C74FEF734FA0025284605B0BDE8F083054624
S31508007C84F9E76FF05305F6E764D3000828DD000822
S31508007C9420D2000854D200082DE9F04F83B00746D5
S31508007CA40C4601929B460C9E0D9DDDF838A0DDF826
S31508007CB43C8016F1020F03D0836E1B6AB3420BD9BC
S31508007CC405EB0803BA6ED269934219D92B4B2C4A91
S31508007CD4EB212C48FEF702FA2B4B294AEA212948BC
S31508007CE4FEF7FCF9B3F1FF3F3CD12660BB6E9A69F7
S31508007CF4B5FBF2F302FB1353EB1A63600023A3608C
S31508007D04B8F1000F35D02368B342EBD16268AA42B2
S31508007D14E8D8B96E896A5018A842E3D9531B01EB0F
S31508007D240309C14528BFC146E368A81A4A4651460D
S31508007D34184403F0D4FCCA444D44A8EB0908A268C5
S31508007D446368EB1A934238BF1346A360BA6E926A05
S31508007D549A42D5D15B46019A21463846FFF742FF37
S31508007D6440B9CDE7094B064A40F209110548FEF722
S31508007D74B5F9002003B0BDE8F08F00BFCCD30008E6
S31508007D8438DD000820D200088CD30008F0D3000898
S31508007D94F0B589B005460E4653E0012203920DF16B
S31508007DA41B0202920194B26B00921B1B2A4606F12F
S31508007DB440012846FEF73AFD002852D101230393D1
S31508007DC40DF11B0202920194079A00922A4605F1C4
S31508007DD410012846FFF760FF20BB0134F36BA3426A
S31508007DE445D9326B12F4801FD7D0B288920201218A
S31508007DF405910DF11B010491039442F0005242F4DB
S31508007E0480120292274A01921B1B009306F1400333
S31508007E14002206F108012846FFF7FCFB0028CDD00E
S31508007E2407463BE010F1540F1DD11F4B0093079BE7
S31508007E3440F693521D491E4803F0FAFA4FF0FF33F1
S31508007E442B6107A92846FFF7CBFD074630BB0799E0
S31508007E542846FEF79BFC074638B110F1540FE4D0C8
S31508007E641CE007461AE0074618E00024B6E7AB6E9E
S31508007E749A6AE969F06C03F032FC2B6933646B691E
S31508007E847364AB69B36405F110012846FFF753FC24
S31508007E94079BB363336B43F400333363384609B043
S31508007EA4F0BD00BF00FCF7FF14CD000820D200087F
S31508007EB418D4000838B505460C464B6BCB63FEF759
S31508007EC4C5FB21462846FFF763FF18B9236B23F43D
S31508007ED48013236338BDF0B585B00C4616461D4697
S31508007EE4039302924B6801930B680093002302469E
S31508007EF400F11001FFF7D0FE074610B1384605B069
S31508007F04F0BD2A463146E06802F09EFBE0606368ED
S31508007F142B446360F2E72DE9F04F87B014461F46F9
S31508007F2442F30903B3F1FF3F14BF904602F1010877
S31508007F34C8F3090808F104094B684B444A69934293
S31508007F4441D805460E4624F0004B8B688BEA03039A
S31508007F541BBA0593042305AAFFF7BDFF824660BB37
S31508007F64002C21DA0024444525D2A9EB04033968F8
S31508007F747A68012003900DF11300029022440192BD
S31508007F840091043B2A4600212846FEF74FFC034687
S31508007F94B8B901230DF1130231462846FFF79BFFB2
S31508007FA4034670B90134DEE743463A463146284665
S31508007FB4FFF791FF50B9C6F808B0504607B0BDE8B8
S31508007FC4F08F9A46F9E76FF01B0AF6E78246F4E75C
S31508007FD408B513460A4641680068FFF79CFF08BDC2
S31508007FE438B504464FF0FF351560FFF7FBFD034629
S31508007FF420B9A06E03699847031E01DC184638BDEC
S31508008004024B034AE0210348FEF768F854D20008F5
S31508008014ECDC000820D200082DE9F04F8BB00746A7
S315080080240E464B681433826ED16992698B4294BFAB
S3150800803402EB030802EB010808F1FF38B8FBF2F378
S3150800804402FB1383A8EB0308002305939B463CE035
S31508008054012203920DF11B020292019432680092E6
S315080080643A4600213846FEF7E1FB034618B110F1FB
S31508008074540F40F0C080BB6E9B6907934FF0FF32E4
S31508008084089208AA039202930194326800923A4627
S3150800809400213846FEF7D8FC034618B110F1540FF0
S315080080A440F0A98007AB594A31463846FFF733FFF3
S315080080B4034648B39FE000233A4651463846FFF73D
S315080080C48FFF0346002840F096807468444568D2BA
S315080080D4A8EB0403043B40F2FE32934294BFE4182F
S315080080E4A4180434444504D2A8F114039C4228BFB6
S315080080F41C46FF238DF81B30444505D3BB6EDA694D
S315080081049B69D21AA242A3D29DF81B20D243C2F37A
S31508008114C01202F5A0627368E51A043D45EA0255E1
S3150800812445F47F2545F44065B3686B401BBA07934D
S315080081340DF11C0904224946F06802F085FAF0603C
S31508008144089007F1100A08230393CDF8089073687A
S3150800815401933368009300233A4651463846FFF79D
S315080081649BFD0346002846D1BBF1000F04D1736872
S3150800817403F1040BF368059374609DF81B30DB4325
S315080081841B0603F000436B40B3604FF0FF33F36004
S31508008194444590D27B69BA6E926A1344A34294D832
S315080081A489E733694FF0FF32099209AA0392ABEBC8
S315080081B4030202920193336800930BF104033A46CF
S315080081C400213846FEF740FC0346A0B9099B059AE8
S315080081D4934214D109AB039304230293CDF804B054
S315080081E4326800923A4600213846FEF72DFC0346CB
S315080081F408B9099A32B918460BB0BDE8F08F6FF082
S315080082045303F8E76FF05303F5E700BF08FCFF5F75
S315080082142DE9F04F9BB005460C4616461F46BDF899
S315080082249480BDF898A0FEF767FAA3680133A360A3
S315080082348146002834D00023149301231593236818
S3150800824473B36268012A2BD0012B29D042B34FF0AD
S31508008254FF332B61B9F1000F00F00D810023189349
S31508008264012319932368002B00F00F816268012A01
S3150800827400F00B81012B00F00881002A00F005812B
S31508008284211D2846FFF7ACFB034630B310F11C0F3B
S315080082941FD1B9F1000F1CD0CB464FF0000901E0FD
S315080082A44FF0000B63680E9300230F934FF0FF32D1
S315080082B4109211921293AA6E936C9BB1083B139376
S315080082C461682846FEF762FA034670B110F1540F46
S315080082D4BDD018461BB0BDE8F08F4FF000094FF02B
S315080082E4010BDFE7D369083BE9E7042304F1080235
S315080082F40EA92846FFF7EFFD034618B110F1540FEF
S31508008304E7D1A4E716950EAB179316AB0893654BFE
S315080083140793C8F100031BB20693CDF814A0CDF851
S31508008324108000220392604B0293019700964FF047
S31508008334FF3324992846FEF709FF034618B110F1BE
S31508008344540FC6D183E7A269B2F1FF3F2CD0E26984
S31508008354B2F1FF3F26D013F0010F27D000230B9369
S315080083640C930D93BBF1000F33D005F148010BA80C
S31508008374FEF7FAF80B9B23F47F7323F003030B939E
S315080083840BAA21462846FFF729F903460028A0D157
S31508008394022B29DC1AAA02EB830252F83C2C92BB64
S315080083A40133F5E70123D6E70123D4E7E27D02F595
S315080083B4C06204F118033D4941EA02520EA928464F
S315080083C4FFF7A9FD03460028C8D010F1540F80D141
S315080083D43DE705F13C010BA8FEF7C6F805F13001A7
S315080083E40BA8FEF7C1F8C0E7012373B90BAB304AF3
S315080083F40EA92846FFF78FFD034630B110F1540F36
S315080084047FF467AF23E70023EFE70EA92846FFF7B3
S3150800841403FE034620B110F1540F7FF45AAF16E752
S315080084240F9BAA6E9269B3FBF2F102FB1133DBB917
S315080084342368626822606360AAEB0808A4F81480BB
S315080084440F9BE360109B23610022AA64EA642A65F1
S31508008454BBF1000F06D105F13C03303595E807005A
S3150800846483E807005B4634E7124B134A40F64F018C
S315080084741248FDF733FE124B0093636840F6630215
S315080084840E49104802F0D4FFE8E60D4B00936368E2
S3150800849440F6690209490C4802F0CAFF6FF01B034B
S315080084A417E700BFD57F000800FC0F4008FC0F0043
S315080084B40CFCFF7F3CD40008DCDC000820D2000852
S315080084C414CD000818D4000864D400082DE9F04334
S315080084D48DB005460C4691461E46BDF8548004A93F
S315080084E4FFF7F2FA074618B138460DB0BDE8F0832F
S315080084F4E37D8DF82730A3690A93E3690B93BDF8E6
S3150800850458300293CDF80480149B009333464A46A8
S3150800851404A92846FFF77CFE002817DB0499A16105
S31508008524059AE2610123E3752368286A834207D022
S3150800853466686C6AA64203D0A34201D0B042D3D17E
S31508008544B8F1000FD0D129626A62CDE70746CBE7B6
S315080085542DE9F04F91B0074615469946DDF868A00F
S31508008564BDF86CB0BDF870600B914CE05B08886987
S315080085740344013BB3FBF0F100FB11315B1A934250
S3150800858428BF13460D9A9A422DD904EB5804A6EB34
S315080085940408B8F1010F26D900220D92A1B20DAB39
S315080085A408934D4B07934B421BB2069305960491C9
S315080085B403924A4B0293CDF8049000954FF0FF338B
S315080085C451463846FEF7C2FD034600285BD1B8F18A
S315080085D4FE0FDAD8B96ECB69A3F12802886C002895
S315080085E4C4D04308C3E75C4522D0A4B202960194DA
S315080085F4CDF800A04B462A460B993846FFF766FF86
S31508008604034610B926465C46C1E7DDF82C8010F10E
S315080086141C0F38D1324B0193D8F804300093D8F89C
S31508008624003040F6B8022F492F4802F001FF01E056
S31508008634DDF82C8041463846FEF75EF8B8B10023CB
S315080086440E9301230F93D8F8002032B1D8F80430DA
S31508008654012B02D0012A00D04BB93846FFF77AFA23
S31508008664031E10DBBA6E126AB3EB520F0FD30296CF
S31508008674CDF804B0CDF800A04B462A464146384604
S31508008684FFF7C6FD0346184611B0BDE8F08F144B34
S315080086940093D8F8083040F6CF021249134802F07E
S315080086A4C7FE0296CDF804B0CDF800A04B462A467C
S315080086B441463846FFF70AFF034650B110F11C0F2E
S315080086C4E1D1074B40F6DA020649094802F0B0FE42
S315080086D4CDE75E46CBE700BFE166000800FC0F4025
S315080086E414CD000820D200089CD40008CCD4000875
S315080086F4FCD400082DE9F04F9BB080460E469146FF
S315080087041D46249F4FF0000C604604E0B38A0133EB
S31508008714B3820CF1010CBC452DDA4FEACC0105EB0A
S31508008724CC0455F83C301A0DC3F30A5340F2014EF3
S315080087347345EBD040F2FF4E73450FD002F4E06266
S31508008744B2F5C06FE5D163681B68B36163685B689B
S31508008754F3616B58C3F30053F375DAE7B38A1BB1B5
S31508008764013BB3820120D4E7934B944A40F6F601C1
S315080087749348FDF7B3FCD8B1B38ACBB9259B5BB153
S31508008784259A31464046FEF77FFC824658B110F1D9
S31508008794020F40F04D810BE08A4B884A40F60611D9
S315080087A48748FDF79BFC259BDB7D002B40F0C880A2
S315080087B4B47D002C2FD033681093F3681193326973
S315080087C412924FF0FF3213921493D8F86820936CE0
S315080087D4002B40D0083B1593CDF8608010AB199355
S315080087E418AB0893784B07930023069305930493D1
S315080087F403930293019700953369F268314640461C
S31508008804FEF7A4FC824648B310F11C0F03D010F1FE
S31508008814540F40F00D814FF0FF33C8F81030B38A77
S3150800882402930023019300963B462A463146404666
S31508008834FFF78EFE031EC0F20281D9F800201692B5
S31508008844D9F804B0CDF85CB0D8F82840DA4693468F
S315080088540B930A96BFE0D369083BBCE700230D9344
S315080088640E930F9308F130010DA8FDF77DFE08F16C
S315080088743C010DA8FDF778FE08F148010DA8FDF79F
S3150800888473FE0D9B23F47F7323F003030D9301E01A
S315080088940AF1010ABAF1020F07DC1AAB03EB8A03E1
S315080088A453F8343C002BF3D00024C4B90DAA31463E
S315080088B44046FEF793FE8246002840F0B9800DAB89
S315080088C4424A10A94046FFF726FB824638B110F102
S315080088D41C0FA0D010F1540F40F0AA809BE710A9F2
S315080088E44046FFF799FB824638B110F11C0F92D027
S315080088F410F1540F40F09C808DE7119BD8F868203E
S315080089049169B3FBF1F201FB123292B9F360129B3F
S31508008914336108F13C0308F1300207CA83E807000B
S315080089240022C8F84820C8F84C20C8F850205346F6
S3150800893483E7274B214A40F655112148FDF7CEFB1C
S3150800894402237AE7A688C1F3892086420ED14FF01E
S31508008954FF32A260E2600133BB4256DA55F833109F
S31508008964C1F30A5240F2FF408242EBD040F2FF4084
S31508008974824211D040F201408242ECD1A288C1F36E
S3150800898489218A42E7D30132A280A279022AE2D156
S31508008994A26A0132A262DEE7A088C1F38926B04240
S315080089A4E8D90138A080A279022AD4D1A26A013A68
S315080089B4A262D0E70023CFE728D500080CDD00081B
S315080089C420D2000838D50008D57F00080CFCFF7FA4
S315080089D43CD4000824687CB3A3689B4506D0E268A7
S315080089E4924503D09A4501D09345F3D104F108067C
S315080089F4DDF828C0BCE80F000FC69CE80F0086E81F
S31508008A040F0004F108034B45D4D1A388A28B9342E3
S31508008A14E0D3E17F0029DDD09B1AA38004F120026C
S31508008A2404F108014046FEF721FB0028EDD08246F2
S31508008A3450461BB0BDE8F08F0B9B9A46F8E79A465A
S31508008A44F6E700BF30B585B0044694460068A368C7
S31508008A54C1F30905AB4228BF2B461268DCF804109B
S31508008A640393D4F804C0CDF808C0019100920246D5
S31508008A740021FFF77FF820B9A368AB4201D002D2E0
S31508008A84012005B030BD0220FBE72DE9F04389B08B
S31508008A940593109B53B94FF0FF33129A13600023C2
S31508008AA4139A1360184609B0BDE8F083074688464A
S31508008AB49146013B079307A9FEF749FE054611A906
S31508008AC43846FEF744FE0646B5421FD9AC1BB4FA2F
S31508008AD484F4C4F11F0495FAA5F3B3FA83F39C420C
S31508008AE428BF1C460423039305AA0292A2000192F6
S31508008AF4059A00924A4641463846FDF797FE0346CC
S31508008B040028CFD10123A340ED1ADDE7059B129A6D
S31508008B141360119B139A13600023C3E72DE9F043EE
S31508008B2487B00C461746496BE26A914272D2804670
S31508008B34A2EB0109994528BF99464E4637E013F436
S31508008B44801F41D06FF00103A363636BE363236B58
S31508008B5443F480232363D8F86830DB69E26B9D1AF3
S31508008B64B54228BF3546216B11F4801F41D0A18830
S31508008B74890205950497039241F0005141F4801146
S31508008B840291274A0192009304F14003002204F15A
S31508008B9408014046FEF73EFD034600283BD1636BB9
S31508008BA42B446363E36B2B44E3632F44761B002E49
S31508008BB42ED0236B13F4802FC1D0E16BD8F868202C
S31508008BC4D2699142C7D1BAE704F13C03039304F18D
S31508008BD438030293636B0193E36A0093A36A04F16F
S31508008BE4400200214046FFF750FF03460028AED056
S31508008BF411E0039502970192A26B009204F14002D8
S31508008C0400214046FDF712FE03460028C7D002E0BD
S31508008C144B4600E00023184607B0BDE8F08300BFC2
S31508008C2400FCF7FF2DE9F04F8BB005460F461646B4
S31508008C3405934DE0149B002B32D0149B013B0893FB
S31508008C4408A92846FEF783FD089B01330893AA6EF4
S31508008C54D26993425BD00024B946059F089BA34278
S31508008C644AD90122039209AA0292019400971B1B6E
S31508008C74324600212846FDF7D9FD0346002839D196
S31508008C840123039309AA02920194079A0092324691
S31508008C9449462846FFF700F8034648B90134DDE794
S31508008CA48246079B159A13600023169A13602AE0D6
S31508008CB44F4610F1540F1DD1364B0093079B40F6CF
S31508008CC43D423549354802F0B3FB4FF0FF333B606C
S31508008CD407A92846FEF784FE002859D1079928468D
S31508008CE4FDF754FD80460028A4D010F1540FE3D0B4
S31508008CF4824608E09A4606E0C246079B159A136020
S31508008D04089B169A136050460BB0BDE8F08F0130E5
S31508008D1490FAA0F9B9FA89F909F1010A059B0993A8
S31508008D240024AB4606E05D4610F1540FC4D08246D3
S31508008D34E9E70134544521D2A5000423039309AB7A
S31508008D4402930195079B00930123324639465846F8
S31508008D54FEF7A2FF099A0028E5D14C45E9D0042379
S31508008D64039309A9029101950092324600215846B7
S31508008D74FDF75CFD0028DCD08246C4E7D146C2462E
S31508008D84079B159A13604FEA8901169B1960BAE77F
S31508008D948246B8E714CD000820D2000818D4000883
S31508008DA42DE9F04387B005460C46174699460B6BE2
S31508008DB413F4801F16D04B6B03EB0902CB6A9A4255
S31508008DC438BF1A46816E886A8B6C002B38D0DB084C
S31508008DD4834228BF034640F2FE318B4228BF0B4626
S31508008DE4934230D3C846B8F1000F00F09980236B3C
S31508008DF413F4003204D0E06BA96EC969884255D1D0
S31508008E0413F4801F49D10AB9636B43BB2846FDF79F
S31508008E141DFC04F13C03029304F138030193636BCC
S31508008E240093A36B2A4604F140012846FFF7FAFE8D
S31508008E340146002836D0236B43F4002323635EE0FF
S31508008E44CB69DB08C4E721462846FFF733F8014611
S31508008E540028C7D0236B43F4002323634FE004F1AF
S31508008E644006E26A0021059105A8039004F138003A
S31508008E740290013B01930092A36A32462846FFF703
S31508008E8404FE014620B931462846FEF754FCBDE7E0
S31508008E94236B43F40023236331E06FF00103A363D8
S31508008EA4636BE363236B43F400332363AB6EDE69BE
S31508008EB4E36BF61A464528BF464603960297E36BC4
S31508008EC40193A36B009301232A4604F14001284623
S31508008ED4FEF7E2FE0146B0B110F1540F0BD121465C
S31508008EE42846FEF755FF01460028E6D0236B43F4CF
S31508008EF40023236303E0236B43F400232363084618
S31508008F0407B0BDE8F083636B33446363E36B3344B0
S31508008F14E3633744A8EB06082846FDF797FB62E7A0
S31508008F244946ECE770B598B005460C460B6B13F446
S31508008F34802F08D013F4801F02D14FF0FF320A6441
S31508008F4423F480232363236B13F4003F68D0666BF2
S31508008F5413F4801F51D15422002103A802F006FB02
S31508008F64A36A0D93E36A0E9301230F93636B10931D
S31508008F740DF14C0C95E80F008CE80F004FF0FF3309
S31508008F842B60626BE36A9A421AD201230DF10B0233
S31508008F9403A92846FFF7C2FD031E42DB01230DF190
S31508008FA40B0221462846FFF7FBFE031E39DB2B6816
S31508008FB4B3F1FF3FE5D04FF0FF3313932B60E0E79F
S31508008FC401232A4604F140012846FEF70BFE034610
S31508008FD4C0B110F1540F24D1134B0093A36B4FF473
S31508008FE45F621249124802F023FA21462846FEF720
S31508008FF4CFFE03460028E3D013E0E36AB34238BF42
S3150800900433466363A36BA362636BE362236B23F444
S315080090140033236343F4803323636663002300E049
S315080090240023184618B070BD14CD000820D20008D5
S3150800903418D400082DE9F043A3B005460E46904619
S315080090449946846A03E0A379012B12D024684CB3A9
S3150800905404F10801B142F9D0A16833688B42F2D011
S31508009064E06872688242EED08A42ECD09842EDD12A
S31508009074E9E7236B13F4801FE8D0E26AAB6E9B6AB8
S315080090849A42E3D921462846FEF714FF07460028E4
S3150800909440F0BC8121462846FFF744FF07460028CE
S315080090A4D4D0B3E133681693736817930EAC374676
S315080090B40FCF0FC497E80F0084E80F0006AB01939F
S315080090C4CDF80090434632460EA92846FFF712FB10
S315080090D4071EC0F29B813368169A9A4207D07068B5
S315080090E41799814203D0994201D0904209D1344656
S315080090F40DF1380CBCE80F000FC49CE80F0084E897
S315080091040F00022F01D00026B8E005F148023146C7
S315080091142846FEF763FA0746002840F07781069B3F
S315080091241693079B179306F11801F27D02F5C062A0
S31508009134A24B43EA0253189319910023019301237E
S31508009144009318AB16AA06A92846FFF7D3FA071EF2
S31508009154C0F25C810EAC06AE0FCE0FC496E80F00C3
S3150800916484E80F00CFE70E9A9A600F9ADA609A7924
S31508009174022A0DD01B68DBB19A689142F3D017987E
S31508009184DC688442EFD08C42EDD09042EFD1EAE716
S31508009194DA6A8A4207D0179C186BA04203D0884221
S315080091A401D09442E6D10E9ADA620F9A1A63E1E77D
S315080091B406AA16A92846FDF7EDFE041E80F282804B
S315080091C414F1020F40F0288114F1020818BF4FF079
S315080091D40108002706AA16A92846FDF755FF0346DF
S315080091E418B110F1020F40F0198114F1020F00F0C2
S315080091F4D68013F1020F00F0CB802B6BC3F309035F
S31508009204002B40F0D18006A905F13000FDF7BDF921
S31508009214002840F0E18040F2FF34069B1693079B32
S31508009224179340F2FF339C4200F0EC80A30243F00C
S315080092349F4343F4E0031E9300211F919DF82F20BA
S3150800924402F5C0625D4B43EA025320930EAB2193A9
S315080092540191022300931EAB16AA06A92846FFF716
S3150800926449FA071EC0F2D2800EAC0DF1180CBCE800
S315080092740F000FC49CE80F0084E80F00012F40F08C
S31508009284C3804F4B03930F9B02930E9B0193179B2B
S315080092940093169B40F6EE124A494B4802F0C8F86A
S315080092A416992B6A8B4207D017986A6A824203D0AA
S315080092B48A4201D0984203D10E9B2B620F9B6B62A4
S315080092C4AB6A58E714F1020818BF4FF001080121E8
S315080092D42846FDF77BFA0746002840F0978006A93A
S315080092E405F13000FDF751F9002831D1224640F244
S315080092F4FF37069B0493079B059340F2FF339F426F
S3150800930444D0BB0243F09F4343F4E0031A9300237B
S315080093141B931C920EAA1D920193022300931AAB67
S3150800932404AA06A92846FFF7E5F9071E6EDB012FEE
S315080093347FF450AF049B1693059B17930EAC06AEA9
S315080093440FCE0FC496E80F0084E80F00012695E7B0
S315080093542F6BC7F389271A4B02930197079B009330
S31508009364069B40F622221749184802F061F80022A3
S3150800937440F2FF312846FDF7DBF9C4F38923BB42E3
S3150800938402D9A4F58062B4E72246B2E70023BDE712
S315080093940F4B104A40F646210A48FCF79FFE13F184
S315080093A4020F7FF42AAF69E7C8F100012846FDF7E2
S315080093B40DFA074600283FF426AF27E008FC0F00FD
S315080093C414CD000820D2000840D500087CD5000832
S315080093D4C0D5000854DD00082C6BC4F38924104B4F
S315080093E402930194079B0093069B40F65B220D4962
S315080093F40D4802F01DF8002240F2FF312846FDF719
S3150800940497F90AE7002316E726B90027384623B052
S31508009414BDE8F0830327F9E72746F7E70746F5E7A4
S3150800942414CD000820D200087CD500082DE9F041A7
S31508009434A4B0036BC3F30903002B00F0EA800546C6
S315080094440F460026012E00F3DB802022002106A801
S3150800945402F08CF801238DF82F300D934FF0000895
S31508009464BDE016AA0CA92846FDF794FD041E39DBAF
S3150800947416B914F1020F39D1012E40F0A48014F163
S31508009484020F40F0A080002F00F09D80634B0193EB
S315080094940D9B00930C9B41F2BC426149614801F063
S315080094A4C7FF05F148020EA92846FEF797F80446B1
S315080094B4002840F0AF809DF84F2002F5C0625A4B51
S315080094C443EA0253229314AB2393012322AA06A93F
S315080094D42846FFF7AFFD041EC0F29C80032C7ED1FC
S315080094E4B8467CE014F1020FC2D093E004AB0093B3
S315080094F423464E4A16A92846FEF762F8002850DB8A
S315080095040CA904A8FDF70AF80028B5D1434B039320
S31508009514059B0293049B01930D9B00930C9B41F2BC
S315080095248F423F49424801F083FF06A905F13000FE
S31508009534FDF72BF8A0B900231E9300231F933D4B78
S31508009544209304AB219302231EAA06A92846FFF7F3
S3150800955471FD041E5EDB032C41D14FF001083EE089
S315080095642C6BC4F389242D4B02930194079B009317
S31508009574069B41F29B422A492F4801F059FF0022D3
S3150800958440F2FF312846FDF7D3F840F2FF339C42F8
S3150800959405D0A30243F09F4343F4E003CCE700233A
S315080095A4CAE7044636E0012300E001230BBB0CAAF4
S315080095B40EA92846FDF75AFD044658BB9DF82F30D8
S315080095C4002B3FF44EAF0DF1180C0DF1380EBEE822
S315080095D40F00ACE80F009EE80F008CE80F000C9B08
S315080095E4B3F1FF3FE1D00D9BB3F1FF3FDBD000237E
S315080095F4DCE7B8F1000F01D1013623E7002621E79D
S3150800960495F83010494249B22846FDF7DFF8044672
S3150800961400E00024204624B0BDE8F08114CD0008FB
S3150800962420D2000874D6000808FC0F0000FCFF7F4F
S31508009634E8D5000808FC0F602CD6000810B50446C7
S31508009644FFF7F8FC002800DB00B910BD002120460E
S31508009654FFF7ECFEF9E7000030B593B0036B13F49B
S31508009664007F03D10025284613B030BD04461A4BA3
S315080096740193436A0093036A41F211421749184851
S3150800968401F0D6FE04F1200208A92046FDF7EEFCF7
S3150800969405460028E7D12046FCF7B0FF0290A36EE2
S315080096A4DA6903921B6A0493E36E0593236F0693A0
S315080096B4636F07930B4B109302AB1193012310AA04
S315080096C408A92046FFF7BAFF05460028CBD1002192
S315080096D42046FDF725F8C6E714CD000820D2000871
S315080096E4A4D6000818001020C36B1A0D12F4E06FF4
S315080096F401D10020704730B58FB00446C3F38923DF
S315080097041D4A02920193436C0093036C41F2394259
S315080097141A491B4801F08CFEE36BC3F30A5340F263
S31508009724FF42934208D104F1400204A92046FDF7FA
S315080097349DFC40B10FB030BD124B134A41F23D4176
S315080097440E48FCF7CBFCE56BC5F38925002240F2ED
S31508009754FF312046FCF7ECFFAB0243F09F4343F48A
S31508009764E0030C9300230D9301230CAA04A92046B5
S31508009774FFF764FFDEE700BF14CD000820D2000817
S31508009784D8D600080CD7000878DD000810B50446BA
S31508009794FFF762FF034608B1184610BD2046FFF7D7
S315080097A4A3FF03460028F7D101212046FFF73EFE12
S315080097B40346F1E770B582B005460E46144600F135
S315080097C448022146FDF70AFF08B102B070BD04F14C
S315080097D41801E27D02F5C062054B43EA0253009381
S315080097E4019101236A4631462846FFF727FFECE72D
S315080097F408FC0F000B6B13F4002F01D000207047F0
S3150800980430B587B005460C46FFF78CFB002832D1E5
S31508009814236B13F4803F32D0A268B2F1FF3F32D0F3
S31508009824E268B2F1FF3F2CD0024612F0010F26D1AE
S3150800983413F4801F29D0E16CE06A40F20122A38860
S315080098449B0243EA0252024302920391226D9168F3
S315080098540B4343F08153049353680593022302AAE6
S3150800986404F108012846FFF7E9FED0B9236B23F46F
S315080098748033236303E0236B43F40023236307B095
S3150800988430BD0122D1E70122CFE76B4604F1280255
S3150800989492E8030083E803000820194640F20222EE
S315080098A4CDE7236B43F400232363E8E7F8B51F46A3
S315080098B40B6B13F0010F0FD005460C46164613F42E
S315080098C4003F02D0FFF72EFB28B93B463246214615
S315080098D42846FFF723F9F8BD034B044A40F6876187
S315080098E40348FCF7FBFB00BF40D700086CDC000804
S315080098F420D200082DE9F04182B01F460B6B13F005
S31508009904020F2AD005460C46904613F4802F2BD115
S31508009914236B13F4006F04D0616BE26A914200D2A0
S315080099246263666BF1192A6F914231D813F4003FCA
S315080099341FD1E36A9E421CD96363616B8E4218D9B0
S3150800994400238DF8073001230DF107022146284626
S31508009954FFF726FA0028F0DA17E00F4B0F4A40F60D
S31508009964F8610F48FCF7BAFBFFF7DCFA0028CFD0FA
S315080099740BE03B46424621462846FFF711FA0028E3
S3150800998403DB236B23F40023236302B0BDE8F081D1
S315080099946FF01A00F9E700BF70D7000848DC000822
S315080099A420D2000810B50446836E1B6B3BB1A36E28
S315080099B45B6B43B1A36E9B6B4BB1002010BDC068B3
S315080099C401F0BEFBF3E7E06901F0BAFBF2E7606E6B
S315080099D401F0B6FBF1E7000038B5044681664B6929
S315080099E4002B00F08C800D468A69002A00F08E80D0
S315080099F4886A002800F09180B0FBF3F103FB110399
S31508009A04002B40F09180B0FBF2F302FB1303002B0A
S31508009A1440F09180EA69B2FBF0F300FB1323002BB4
S31508009A2440F090807F2A40F29480A2F108014FF01A
S31508009A34FF33B3FBF1F3013BB3FA83F3C3F120031A
S31508009A44B2EB830FC0F08C806B6A002B00F08F801A
S31508009A542B6B002B00F09280E3606B6B002B00F0FD
S31508009A649980E36121462046FDF765FE04F110015D
S31508009A742046FDF760FEA56EE86A002800F092808D
S31508009A8410F0070F40F09580AB6B13F0030F40F00E
S31508009A949080002B00F094806366EB6BFF2B00F23A
S31508009AA49680E3660BB9FF23E3662B6C002BC0F2A2
S31508009AB49580236713B96FF0004323676B6C40F2F4
S31508009AC4FE32934200F29180636713B940F2FE3383
S31508009AD46367AA6CEB699A4200F28E804FF0FF33F3
S31508009AE4236263620020A062E062E063206460642B
S31508009AF420636063A063A064E064206538BD424BBC
S31508009B04424A41F25A114248FCF7E8FA414B3F4AA5
S31508009B1441F25B113E48FCF7E1FA3F4B3B4A41F2FE
S31508009B245C113B48FCF7DAFA3C4B384A4FF48B5144
S31508009B343748FCF7D3FA3A4B344A41F261113448B0
S31508009B44FCF7CCFA374B314A41F262113048FCF73C
S31508009B54C5FA354B2D4A41F265112D48FCF7BEFA74
S31508009B64324B2A4A41F268112948FCF7B7FA304BB6
S31508009B74264A41F270112648FCF7B0FA01F0D8FAE1
S31508009B84E06000287FF469AF2046FFF70BFF6FF00B
S31508009B940B00B3E7A86A01F0CBFAE06100287FF46A
S31508009BA461AFF1E7234B194A41F295111848FCF7BE
S31508009BB495FA214B154A41F296111548FCF78EFA87
S31508009BC401F0B6FA606600287FF467AFDCE71B4B42
S31508009BD40E4A41F2A6110E48FCF780FA184B0B4AB6
S31508009BE441F2AD110A48FCF779FA164B074A41F2D5
S31508009BF4B4110748FCF772FA134B044A41F2BB1135
S31508009C040348FCF76BFA00BFA0D70008BCDC0008C1
S31508009C1420D20008BCD70008D8D70008F4D7000813
S31508009C2424D8000854D8000888D80008A4D80008FE
S31508009C34F8D8000814D9000834D9000888D90008C7
S31508009C44A4D90008C8D90008E4D9000830B597B0E3
S31508009C540446FFF7C1FE054610B1284617B030BDC5
S31508009C64A36EDA6A0021606E01F080FC0022626548
S31508009C74A16ECB6ADB00096A8B4228BF0B46A36533
S31508009C84E2652046FCF7E2FC06A92046FDF71CFF20
S31508009C94054618B12046FFF785FEDEE72046FCF7A1
S31508009CA4ADFC0090A36EDA6901921B6A0293E36E17
S31508009CB40393236F0493636F0593154B0E93002345
S31508009CC40F93144B1093144B1193144B1293CDF812
S31508009CD44CD003230EAA06A92046FFF7AFFC054677
S31508009CE40028D7D100228DF82E20134606A920462F
S31508009CF4FFF7A4FC05460028CCD1002314930123BE
S31508009D04159314AA06A92046FDF7B0F90546C1E736
S31508009D14000010400800F00F14DA0008180010209C
S31508009D2408B5FFF73FFE08BD2DE9F04F9BB0044682
S31508009D34FFF752FE0590D8B9202200210FA801F09A
S31508009D4415FC01251695A04A0DAB92E8030083E895
S31508009D5403002E4678E09D4B41F23D229C499D48DE
S31508009D6401F066FB6FF0530305932046FFF7D8FF0F
S31508009D7405981BB0BDE8F08F0D97169B0E937600D9
S31508009D8400257AE02046FCF742FC904B03930290A8
S31508009D94CDF80480BFB200975B4641F269228C492C
S31508009DA48D4801F045FB6FF015030593DDE7874BF6
S31508009DB403930290CDF80480BFB200975B4641F244
S31508009DC475228349854801F033FB01212046FCF7B7
S31508009DD4A7FC92E07D490191009241F282227C49D6
S31508009DE47F4801F025FB6FF015030593BDE7774916
S31508009DF40191009241F28E2275497A4801F018FBC6
S31508009E046FF015030593B0E770490191009241F28A
S31508009E149A226F49744801F00BFB6FF015030593FA
S31508009E24A3E7099BA26E116A8B427DD1089BD2696E
S31508009E34934240F0868004F130020FA92046FDF7CC
S31508009E44CDFB002840F08E80159FB7F1FF3F00F048
S31508009E548D80169BB3F1FF3F00F08680059B13F0B7
S31508009E64010340F085800DA915A8FCF757FB0028C7
S31508009E747FF471AFB5423FF47FAF013517945B4B5E
S31508009E8418930823199317AB0393594B029300238A
S31508009E940193584B0093584B15AA0FA92046FCF773
S31508009EA405FE00285CDB0028C5D040F30900B0F1A4
S31508009EB4FF3FC0D00F9B2362109B636207AB0093DE
S31508009EC44E4B4D4A0FA92046FDF77AFB002845DB81
S31508009ED4079F4FEA174B1FFA87F92046FCF792FBB0
S31508009EE4804658457FF44EAF2046FCF790FB48451C
S31508009EF4FFF448AF48453FF65AAF0A9B23B1E26ED2
S31508009F0493423FF667AFE3660B9B23B1226F9342F6
S31508009F143FF66DAF23670C9B002B82D0626F93428A
S31508009F243FF672AF63677CE7284A0192009141F2D3
S31508009F34A4222749324801F07BFA6FF015030593EA
S31508009F4413E722490191009241F2AB2220492D4898
S31508009F5401F06EFA6FF01503059306E7059004E71A
S31508009F64059002E7059000E7012378E7012376E7E1
S31508009F74226AB2F1FF3F55D0626AB2F1FF3F55D06B
S31508009F8404F13000059A022A05DC50F8221009B9B2
S31508009F940132F8E70023002B36D0236B03EBD37387
S31508009FA4236304F13C0304F1300207CA83E807007B
S31508009FB4E36AA26E126AB3FBF2F102FB113363651C
S31508009FC42046FCF747FBD3E638C4000814CD00083E
S31508009FD420D2000808D3000820DA000858DA000856
S31508009FE498DA0008CCDA000800DB000814DA00085E
S31508009FF4498A00080800F00F00FCFF7F18001020AB
S3150800A00434DB000868DB00080A4B0293A36B019350
S3150800A014636B0093236B41F2C3220749074801F097
S3150800A02407FABAE76FF0150305939EE66FF0150372
S3150800A03405939AE614CD000820D2000898DB000898
S3150800A04470B506460C46FFF7D5FB0546214630464D
S3150800A054FCF7C4FA236D1B680BB1284670BDE06C87
S3150800A06401F06EF8F9E700002DE9F04F8DB082464D
S3150800A074884607921268059206931BB11A4640F25F
S3150800A084FF331380DAF82030C8F81830DAF82430A9
S3150800A094C8F81C304D4E4E4D2946059F384601F0EA
S3150800A0A48BFA044607EB00092946484601F073FA79
S3150800A0B4054601280AD0022D0CD009EB05030593A1
S3150800A0C49B46012713E0B2460646E4E73B5D2E2B82
S3150800A0D4F1D106E002223F49484601F037FA002842
S3150800A0E4EBD109EB05030593D5E70137A344384CAF
S3150800A0F42146584601F060FA83442146584601F041
S3150800A1044AFA044670B10228EFD102223149584668
S3150800A11401F01CFA0028E8D1013FE7D10BEB040350
S3150800A1240593B8E799F80030002B4AD0079BC3F883
S3150800A1340090C6F30A53022B3FD1C6F3892640F290
S3150800A144FF339E4202D14C46564629E0B60208F130
S3150800A1541803009346F0005343F008031E4A414689
S3150800A1645046FDF72DFA061E2BDB4C46564617E0DD
S3150800A174069B09960A940B9509AA0392174A029212
S3150800A184019300954FF0F0433A4641463046FCF7B2
S3150800A1948DFC002814DB002895D198F817304BB1AC
S3150800A1A408F118072F21204601F0E8F90028DFD026
S3150800A1B40023DEE76FF0010603E06FF0130600E004
S3150800A1C4064630460DB0BDE8F08F00BF00FC2F00F0
S3150800A1D4D0DB0008D4DB000800FC0F70498A0008AD
S3150800A1E470B59AB004460391FFF7D0FA034610B146
S3150800A1F418461AB070BD002303AA10A92046FFF713
S3150800A20433FF031EF4DBC3F3892540F2FF3295427C
S3150800A21431D0A26A0692C3F30A56022E2ED0AD0294
S3150800A22445F09F4545F4E005189500231993012345
S3150800A23418AA10A92046FFF701FA0346002849D1AF
S3150800A244069AA262022ED3D14FF0FF312046FCF7BC
S3150800A254BDFA03460028CBD110AA08A92046FCF764
S3150800A26413FF03460028C3D108AA10A92046FFF7FE
S3150800A274A1FA0346BCE76FF01503B9E7AB0204AAD3
S3150800A284009243F0005343F00803144A10A92046E9
S3150800A294FDF796F9031EABDB04AA08A92046FCF7CA
S3150800A2A4E5FE03460028A3D10D9B33F47F0302D0B1
S3150800A2B46FF026039CE701212046FCF787FA03463C
S3150800A2C4002895D100238DF81E30ADF81C3006AB56
S3150800A2D4A362A4E7069AA2628AE700BF00FC0F708D
S3150800A2E42DE9F0438BB007460C4603921D4613F03E
S3150800A2F4020F05D0FFF74AFA0646002840F00981FE
S3150800A304129B2365256300236363E363E36404F113
S3150800A3140808231D03AA41463846FFF7A5FE061E6C
S3150800A32409DA16F1020F40F0EC80A28840F2FF33F6
S3150800A3349A4200F0E6800123A37121463846FCF7C9
S3150800A34458F916F1020F19D015F4007F40F0D7809A
S3150800A354C6F30A56012E40F0E08015F4806F42D009
S3150800A364B4F804904FEA892949F0005949F4801948
S3150800A374236B43F480332363002564E015F4807F5C
S3150800A38400F0BF80039D2846F5F74AFFFB6E83421B
S3150800A39402D26FF02306B4E0A3889B0243F08042FE
S3150800A3A442F48012049200220592184340F4801065
S3150800A3B40690079543F0005343F4801308930992D3
S3150800A3C4032304AA41463846FFF738F9064610F12E
S3150800A3D41C0F05D0002840F09480DFF84C91CBE799
S3150800A3E46FF023068DE0A3889B0204F128020092ED
S3150800A3F443F0005343F008034C4A41463846FDF7F8
S3150800A404DFF8B0F10009B7DA4E467AE05B6805EB87
S3150800A414450203EB820113F8222002F54072A38851
S3150800A4249B0243EA02538A68496800911343404AE7
S3150800A43441463846FDF7C4F8061E0CDA16F1020F33
S3150800A44409D05EE00135236D9A68AA4215D9226BB4
S3150800A45412F0010FDAD1236B13F0020FF2D0226D3A
S3150800A464526805EB450102EB810291687A6F9142C5
S3150800A47456D843F480332363E4E71B686BB1E3647B
S3150800A48404F140013846FDF756F9C9F30A5240F279
S3150800A49401239A420BD000263BE0BB6E986A00F073
S3150800A4A447FEE0640028EBD16FF00B0629E06FF055
S3150800A4B40101A162C9F30902E262236B43F4801322
S3150800A4C42363216400236364BB6E9B6AA3640AB98D
S3150800A4D400261EE0A18840F2FE32934228BF1346A6
S3150800A4E443EA8123E26C009243F000530F4A414643
S3150800A4F43846FDF765F8061E03DB002609E06FF00B
S3150800A5041006236B43F40023236321463846FFF7DA
S3150800A51497FD30460BB0BDE8F0836FF01406F0E7FC
S3150800A5246FF01B06EDE700BF0000102000FC0F705B
S3150800A53400FCFF7F10B582B0024C0094FFF7D0FEF2
S3150800A54402B010BDA0DC000808B5FFF77FFB08BD04
S3150800A55408B5FFF7E9FB08BD08B5FFF741FE08BDD6
S3150800A564F8B504460D4616461F46806AFCF72AF8CF
S3150800A57430B93B46324629462046FFF7DBFFF8BD8D
S3150800A584034B044A41F6C6010348FBF7A7FD00BF7F
S3150800A594D8DB0008ACDC000820D2000838B504462D
S3150800A5A40D46806AFCF70EF820B129462046FFF7C7
S3150800A5B447FD38BD034B044A41F6EB010348FBF754
S3150800A5C48DFD00BF10DC000890DC000820D20008CE
S3150800A5D4F8B504460D4616461F46806AFBF7F2FF91
S3150800A5E430B13B46324629462046FFF75FF9F8BDA7
S3150800A5F4034B044A41F60F110348FBF76FFD00BFEE
S3150800A60410DC000880DC000820D20008F8B50446EF
S3150800A6140D4616461F46806AFBF7D4FF30B13B4603
S3150800A624324629462046FFF765F9F8BD034B044A26
S3150800A63441F621110348FBF751FD00BF10DC000861
S3150800A6445CDC000820D200084FF0000C944518D2B0
S3150800A65430B511F80C3083EA000E0EF00F0E094CD3
S3150800A66454F82E5085EA101080EA131303F00F03EA
S3150800A67454F8233083EA10100CF1010C9445E8D3FE
S3150800A68430BD704788DD000808B500224FF48051B4
S3150800A6940148F6F753FE08BD000C014008B501222F
S3150800A6A44FF480510148F6F749FE08BD000C0140F5
S3150800A6B400B587B08DF80F006423009301230DF1CC
S3150800A6C417020DF10F010448F8F71EF99DF8170053
S3150800A6D407B05DF804FB00BF6C01002070B5FFF7F6
S3150800A6E4D3FF9F20FFF7E4FFA520FFF7E1FF064607
S3150800A6F4A520FFF7DDFF0446A520FFF7D9FF054689
S3150800A704FFF7CCFF240244EA064444EA050070BD78
S3150800A71410B5FFF7B9FF4B20FFF7CAFF0024032C37
S3150800A72405D8A520FFF7C4FF0134E4B2F7E70024EF
S3150800A73407E0A520FFF7BCFF044B234458700134F7
S3150800A744E4B2072CF5D9FFF7A9FF10BD300800209D
S3150800A75408B5FFF799FF0620FFF7AAFFFFF79EFF44
S3150800A7640120F6F719FA08BD10B50446FFF78CFF61
S3150800A774022C13D0032C1CD0012C04D00024FFF780
S3150800A7848DFF204610BD0520FFF792FFA520FFF791
S3150800A7948FFF04460C4B83F82400F0E73520FFF7B7
S3150800A7A487FFA520FFF784FF0446074B83F8250097
S3150800A7B4E5E71520FFF77CFFA520FFF779FF044698
S3150800A7C4014B83F82600DAE73008002010B501208B
S3150800A7D4F6F7E2F9FFF758FF0520FFF769FFA5200A
S3150800A7E4FFF766FF064C84F824000120F6F7D4F92F
S3150800A7F494F8243013F0010FF1D1FFF74FFF10BD81
S3150800A8043008002010B5434B012283F8272002E0C4
S3150800A8140120F6F7C1F9F6F7B9F96328F8D9FFF76D
S3150800A8243DFF6420F6F7B8F9FFF758FFC0B21138B0
S3150800A8340F2869D8DFE800F0625C56504A443E3770
S3150800A8443068686868686808324B0A221A704FF4D8
S3150800A8548062DA612F4C4FF4807363814FF480531E
S3150800A8642361E3691A0162611B041A0AE2604FF460
S3150800A8748032A2619B0A2362FFF74AFF0120FFF791
S3150800A88473FF0220FFF770FF0320FFF76DFF002315
S3150800A89484F82730002010BD1E4B09221A704FF485
S3150800A8A40072DA61D6E71B4B08221A704FF48072DD
S3150800A8B4DA61CFE7174B07221A708022DA61C9E7F3
S3150800A8C4144B06221A704022DA61C3E7114B05229B
S3150800A8D41A702022DA61BDE70E4B04221A70102280
S3150800A8E4DA61B7E70B4B03221A700822DA61B1E77B
S3150800A8F4084B02221A700422DA61ABE7054B0122DF
S3150800A9041A700222DA61A5E7024B002283F827208F
S3150800A914C0E700BF3008002070B5064602E00120F3
S3150800A924F6F73AF91B4B93F82730012BF7D0194D54
S3150800A934012385F82730FFF749FF2C6906FB04F441
S3150800A9442401FFF705FFFFF79FFE2B78082B1DD977
S3150800A954DC20FFF7ADFE200EFFF7AAFEC4F307407E
S3150800A964FFF7A6FEC4F30720FFF7A2FE04F0F000E3
S3150800A974FFF79EFEFFF792FEFFF728FF0120F6F782
S3150800A9840BF90020034B83F8270070BDD820FFF786
S3150800A9948FFEE3E730080020034A936900FB03F3BC
S3150800A9A45089B3FBF0F07047300800202DE9F041D8
S3150800A9B40746884615461E4602E00120F6F7ECF8D7
S3150800A9C4234C94F827C0BCF1010FF6D0012284F871
S3150800A9D42720721963899A4200D806B95E1B721930
S3150800A9E4934200D25E1BFFF7F1FEFFF7B1FEFFF7B5
S3150800A9F44BFE174B5A8908FB02551B78082B23D99B
S3150800AA041220FFF755FE280EFFF752FEC5F307403E
S3150800AA14FFF74EFEC5F30720FFF74AFEE8B2FFF735
S3150800AA2447FE6423B2B239460A48F7F77DFEFFF7B4
S3150800AA3435FEFFF7CBFE0120F6F7AEF80020044BEF
S3150800AA4483F82700BDE8F0810220FFF731FEDDE731
S3150800AA54300800206C010020F8B50646084614465E
S3150800AA641D46164B9B69AB4202D315B91D4600E039
S3150800AA741D46A3421ED92A19934200D21D1BFFF76D
S3150800AA848BFF0E4B5A89B4FBF2F3C71802FB134427
S3150800AA942B46224639463046FFF788FF0137074BCF
S3150800AAA45989631A1D44091B0E440024A542EFDC88
S3150800AAB42046F8BD4FF0FF30FBE700BF3008002002
S3150800AAC42DE9F0410746884615461E4602E0012050
S3150800AAD4F6F762F8224C94F827C0BCF1010FF6D0B9
S3150800AAE4012284F827206389B34202D316B91E4685
S3150800AAF400E01E467219934200D25E1B08FB0355FA
S3150800AB04FFF7C2FD164B1B78082B24D90C20FFF738
S3150800AB14CFFD280EFFF7CCFDC5F30740FFF7C8FDA8
S3150800AB24C5F30720FFF7C4FDE8B2FFF7C1FD00200F
S3150800AB34FFF7BEFD6423B2B239460A48F8F71AF895
S3150800AB44FFF7ACFD0120F6F727F80020044B83F83D
S3150800AB542700BDE8F0810B20FFF7AAFDDCE700BF5C
S3150800AB64300800206C010020F8B50646084614464D
S3150800AB741D46164B9B69AB4202D315B91D4600E028
S3150800AB841D46A3421ED92A19934200D21D1BFFF75C
S3150800AB9403FF0E4B5A89B4FBF2F3C71802FB13449E
S3150800ABA42B46224639463046FFF78AFF0137074BBC
S3150800ABB45989631A1D44091B0E440024A542EFDC77
S3150800ABC42046F8BD4FF0FF30FBE700BF30080020F1
S3150800ABD4004870475808002008B560B103460129A3
S3150800ABE410D8B2B14FF40B7000FB0133D3F84034DC
S3150800ABF41360002008BD0A4B0A4A40F219110A4894
S3150800AC04FBF76CFA094B074A4FF48D710648FBF7B4
S3150800AC1465FA074B034A40F21B110348FBF75EFA31
S3150800AC24B0C8000878DE0008C8DD000870D000083F
S3150800AC34F8DD000810B548B1044601220749043076
S3150800AC44FAF718FA40B90123237006E0044B054ABB
S3150800AC544A210548FBF742FA012010BD14CD000825
S3150800AC64B0C80008E8DE0008C8DD000808B5B0B1B9
S3150800AC7401291AD8062A1ED84FF40B7301FB03F3CD
S3150800AC8403F50C7318440F4B9A5C0F4B53F82110B9
S3150800AC940430FAF71FFA003818BF012008BD0B4B19
S3150800ACA40B4A73210B48FBF719FA0B4B084A742114
S3150800ACB40848FBF713FA094B054A75210548FBF7BB
S3150800ACC40DFA00BFFCDE0008F4DE0008B0C8000870
S3150800ACD4C0DE0008C8DD000870D0000814DE0008CD
S3150800ACE408B578B1012913D84FF40B7202FB01F1A8
S3150800ACF401F50C7108440430FAF732FC003818BF21
S3150800AD04012008BD054B064A89210648FBF7E6F9E2
S3150800AD14054B034A8A210348FBF7E0F9B0C8000843
S3150800AD24ACDE0008C8DD000870D0000870B570B144
S3150800AD340C460646012911D80022FFF797FF054657
S3150800AD4421463046FFF7CCFF2843C0B270BD074BF7
S3150800AD54074A40F22B110748FBF7C0F9064B044A89
S3150800AD644FF496710348FBF7B9F900BFB0C8000859
S3150800AD74D4DE0008C8DD000870D0000808B58C4683
S3150800AD8411461A46029B98B18646BCF1010F15D89E
S3150800AD94D3B14FF40B7000FB0CFC0CF50C7C0EEBDA
S3150800ADA40C000430FAF787FA003818BF012008BDEA
S3150800ADB4084B094AA0210948FBF790F9084B064AAB
S3150800ADC4A1210648FBF78AF9064B034AA221034840
S3150800ADD4FBF784F9B0C8000864DE0008C8DD00087B
S3150800ADE470D0000898D000082DE9F04786B00E9E6A
S3150800ADF400282ED0884615461F468146002E2ED09A
S3150800AE04002A32D0012936D80022FFF72FFF8246BE
S3150800AE1400285FD1314B5A6942F040025A615B6996
S3150800AE2403F040030393039B2D4B1B79012B28D076
S3150800AE342B4B01221A7119688A6842F001028A604A
S3150800AE4400241C713A462146284600F08FFB0494D8
S3150800AE5432E0244B244AEB212448FBF73FF9244BE0
S3150800AE64214AEC212148FBF739F9224B1E4AED21E8
S3150800AE741E48FBF733F9204B1B4AEE211B48FBF708
S3150800AE842DF94FF0020A25E02A5D2B19587800049B
S3150800AE9440EA02609A7840EA0220DB781843059073
S3150800AEA4012205A90E48F5F767FF30600434049BB0
S3150800AEB49C42E9D3BB4209D104AB00933B462A46DC
S3150800AEC441464846FFF75AFF0024F0E741464846FC
S3150800AED4FFF706FF504606B0BDE8F08700100240AB
S3150800AEE4FC000020B0C800082CDE0008C8DD0008F5
S3150800AEF4B0D00008C0D0000870D0000808B5FFF725
S3150800AF0467FEFFF797FE08BD08B5FFF761FE002147
S3150800AF14FFF70CFF08BD08B5FFF75AFE00221146D5
S3150800AF24FFF7A4FE08BD000010B538B10446FFF7C4
S3150800AF344FFE22460021FFF74FFE10BD034B044A7D
S3150800AF4440F269110348FBF7C9F800BFF8DD0008A9
S3150800AF548CDE0008C8DD000870B582B004460D46CC
S3150800AF641646FFF735FE00962B4622460021FFF7C4
S3150800AF7405FF02B070BD08B5FFF72AFE0021FFF7EA
S3150800AF84AFFE08BD70B582B068B10D4614460646D4
S3150800AF9482B1FFF71DFE00942B4632460021FFF7C7
S3150800AFA423FF02B070BD074B074A4FF4CE7107481A
S3150800AFB4FBF794F8064B044A40F29D110348FBF745
S3150800AFC48DF800BFC0D0000840DE0008C8DD0008C0
S3150800AFD4B0D0000808B540B1F5F736FB01224FF4A6
S3150800AFE480710748F6F7AAF908BD0648F7F770FB13
S3150800AFF400224FF480710248F6F7A0F9F4E700BF7F
S3150800B004000C01406C01002008B501210248F6F73E
S3150800B01481F9024B185C08BD000C0140B4DF000836
S3150800B0242DE9F04383B0FFF776FF0446FBF700FAF1
S3150800B034054604B948B1FFF79EFFFBF70FFA44EA41
S3150800B0440500C0B203B0BDE8F08300260096684642
S3150800B054FFF76AFF2043C4B2009FB04606E0A7F58F
S3150800B0644047FAF7D1FEB8F1000F1BD1104E4FF442
S3150800B07440494A460021304600F078FA00230193F5
S3150800B08401AA49463046FFF767FF2043C4B201992F
S3150800B0943046FBF7D5F92843C5B24F45DFD24FF002
S3150800B0A40108DEE7FFF767FFFBF7D8F9C7E700BF34
S3150800B0B4E40E002070B582B0D0B1064600230370B2
S3150800B0C401930093154D01AA4FF440412846FFF712
S3150800B0D459FF04466A464FF440412846FBF7CCF923
S3150800B0E4054604B950B144EA0500C0B202B070BDC1
S3150800B0F40B4B0C4A86210C48FAF7F0FF009B019A81
S3150800B1040A490020FAF71EFE019A009B9A4202D0C9
S3150800B11400233370E7E701233370E4E7E40E0020E5
S3150800B12404DF000880DF000820DF000848DF000885
S3150800B134024B0146186800F02DB800BF74000020C1
S3150800B144024B0146186800F0D9BA00BF7400002003
S3150800B15470B50F4E0C463168054611B900F070FA01
S3150800B16430602146284600F06BFA431C03D14FF0A1
S3150800B174FF34204670BDC41C24F00304A042F8D052
S3150800B184211A284600F05CFA0130F2D1EFE700BF35
S3150800B194E4CE00202DE9F843CD1C25F00305083537
S3150800B1A40C2D38BF0C25002D064601DBA94204D90F
S3150800B1B40C2333600020BDE8F883DFF8D48000F060
S3150800B1C469F8D8F800301C4644BB29463046FFF7D0
S3150800B1D4BFFF431C044658D1D8F800402746002F21
S3150800B1E443D1002C4BD023683946304604EB030977
S3150800B1F400F026FA814542D1216830466D1A29465F
S3150800B204FFF7A6FF01303AD023682B442360D8F809
S3150800B21400305A6862BBC8F800700FE02268521BF7
S3150800B22420D40B2A17D96119A342256018BF59607F
S3150800B234636808BFC8F8001062514B60304600F0D6
S3150800B2442FF804F10B00231D20F00700C21A1CBFB7
S3150800B2541B1AA350AFE76268A3420CBFC8F80020C4
S3150800B2645A60EBE723466468AEE73C467F68B6E770
S3150800B2741A465B68A342FBD100235360DEE70C231E
S3150800B2843046336000F00CF894E70560D6E700BF53
S3150800B294E8CE0020014800F020BA00BF2CD00020D8
S3150800B2A4014800F01BBA00BF2CD00020002310B5BB
S3150800B2B40446C0E90033C0E90433836081814366E8
S3150800B2C4C2818361194608225C3000F04FF90D4BA0
S3150800B2D4246263620C4BA3620C4BE3620C4B23633C
S3150800B2E40C4B9C4206D003F16802944202D0D03338
S3150800B2F49C4205D104F15800BDE8104000F0ECB9B1
S3150800B30410BD00BF59B400087BB40008B3B40008E4
S3150800B314D7B40008ECCE0020024A0349034800F0DB
S3150800B32469B800BF68000020E5C00008780000205E
S3150800B33441680C4B10B59942044601D000F0D0FE82
S3150800B344A168094B994202D0204600F0C9FEE1687B
S3150800B354064B994204D02046BDE8104000F0C0BE12
S3150800B36410BD00BFECCE002054CF0020BCCF002077
S3150800B37410B50B4B0B4C0C4A20461A6004210022CC
S3150800B384FFF794FF04F1680001220921FFF78EFFF5
S3150800B39404F1D0000222BDE810401221FFF786BF4F
S3150800B3A424D00020ECCE00201DB30008014800F08C
S3150800B3B494B900BF2DD00020014800F08FB900BF12
S3150800B3C42DD0002010B50446FFF7F0FF236A1BB101
S3150800B3D4BDE81040FFF7F0BF044B2362044B1B681B
S3150800B3E4002BF5D1FFF7C4FFF2E700BF35B3000819
S3150800B3F424D000202DE9F84307468846144600263B
S3150800B404D4E90195B9F1010905D52468002CF7D1C9
S3150800B4143046BDE8F883AB89012B07D9B5F90E3058
S3150800B424013303D029463846C04706436835E9E759
S3150800B4340FB407B5064904AB086853F8042B8168AA
S3150800B444019300F023FB03B05DF804EB04B07047E6
S3150800B4547400002010B50C46B1F90E1000F0DEF8A1
S3150800B4640028ABBF636DA3891B1823F48053ACBFB4
S3150800B4746365A38110BD2DE9F0411F468B890546F6
S3150800B484DB050C46164605D502230022B1F90E1033
S3150800B49400F0B2F8A389324623F48053A3812846E0
S3150800B4A43B46B4F90E10BDE8F04100F0D9B810B522
S3150800B4B40C46B1F90E1000F09FF8431CA38915BF7A
S3150800B4C4606523F4805343F48053A38118BFA38192
S3150800B4D410BDB1F90E1000F07FB830B51446002C33
S3150800B4E405461A469BB005DA8B2303604FF0FF30F6
S3150800B4F41BB030BD4FF40273ADF80C300CBF2346B5
S3150800B50404F1FF33029305934FF6FF7300910491F8
S3150800B514ADF80E3069461E9B00F094F9431CBCBF77
S3150800B5248B232B60002CE3D00022009B1A70DFE7E4
S3150800B53407B5009313460A46014603480068FFF711
S3150800B544CCFF03B05DF804FB7400002010B5013984
S3150800B5540244904201D1002005E0037811F8014F16
S3150800B564A34201D0181B10BD0130F2E7034602447A
S3150800B574934200D1704703F8011BF9E70346C9B2A1
S3150800B584184613F8012B12B18A42F9D170470029DB
S3150800B59418BF00207047034670B51E4613F8014BC2
S3150800B5A444B14A1E01E0A54204D012F8015F002DF9
S3150800B5B4F9D1F2E7301A70BD034670B51E4613F882
S3150800B5C4014B3CB14A1E01E0A542F7D012F8015FCF
S3150800B5D4002DF9D1301A70BD38B50023054D04463F
S3150800B5E408462B60F5F750F9431C02D12B6803B1C2
S3150800B5F4236038BD28D0002038B5044608461146CD
S3150800B6040022054D2A601A46F5F748F9431C02D16B
S3150800B6142B6803B1236038BD28D0002038B504460A
S3150800B624084611460022054D2A601A46F5F70EF912
S3150800B634431C02D12B6803B1236038BD28D00020EF
S3150800B64438B50023054D044608462B60F5F728F956
S3150800B654431C02D12B6803B1236038BD28D00020CF
S3150800B66438B50446084611460022054D2A601A468E
S3150800B674F5F7FCF8431C02D12B6803B1236038BDE7
S3150800B68428D00020014B1868704700BF74000020BA
S3150800B69470B500260C4D0D4C641BA410A64209D1A6
S3150800B6A400F0BCFE00260A4D0A4C641BA410A642F0
S3150800B6B405D170BD55F8043B98470136EEE755F8B1
S3150800B6C4043B98470136F2E7F4DF0008F4DF000884
S3150800B6D4F4DF0008F8DF00087047704770470A442B
S3150800B6E4914200F1FF3300D1704710B511F8014BB0
S3150800B6F4914203F8014FF9D110BD000038B505464B
S3150800B704002940D051F8043C0C1F002BB8BFE4189C
S3150800B714FFF7C0FD1C4A136833B9636014602846F2
S3150800B724BDE83840FFF7BCBDA34208D920682118F4
S3150800B7348B4201BF19685B6809182160EDE71A4650
S3150800B7445B680BB1A342FAD911685018A0420BD111
S3150800B75420680144501883421160E0D118685B6878
S3150800B764084410605360DAE702D90C232B60D6E745
S3150800B774206821188B4201BF19685B680918216083
S3150800B78463605460CBE738BDE8CE00202DE9F04766
S3150800B7941F468E688246BE420C4690460B682DD8D4
S3150800B7A4B1F90C2012F4906F26D06569096905EB86
S3150800B7B44505A3EB010905EBD5757B1C4B446D10B8
S3150800B7C49D4238BF1D46530527D52946FFF7E2FC97
S3150800B7D4064660B34A462169FFF781FFA38923F425
S3150800B7E4906343F08003A38126614E4426603E4657
S3150800B7F46561A5EB0905A560BE4200D93E463246F9
S3150800B8044146206800F028FD0020A3689B1BA3601E
S3150800B814236833442360BDE8F0872A4600F044FDD4
S3150800B82406460028E0D150462169FFF767FF0C2336
S3150800B834CAF80030A3894FF0FF3043F04003A381D0
S3150800B844E9E700002DE9F04F98468B8907461B0661
S3150800B8540D4614469DB010D50B6973B94021FFF700
S3150800B86499FC2860286130B90C233B604FF0FF30FF
S3150800B8741DB0BDE8F08F40236B6100230993202394
S3150800B8848DF8293030234FF00109CDF80C80DFF804
S3150800B89498818DF82A3023469A4613F8012B0AB163
S3150800B8A4252AF9D1BAEB040B0BD05B462246294666
S3150800B8B43846FFF76BFF013000F0A780099A5A440F
S3150800B8C409929AF80030002B00F09F8000234FF06D
S3150800B8D4FF32CDE905230AF1010A049307938DF88B
S3150800B8E453301A935446052214F8011B4E4800F0A7
S3150800B8F4CDFC049AD8B9D00644BF20238DF853301A
S3150800B904110744BF2B238DF853309AF800302A2B9D
S3150800B91415D0544600204FF00A0C079A214611F810
S3150800B924013B303B092B4BD9B0B1079214E0A0EB8D
S3150800B934080309FA03F31343A2460493D2E7039BC5
S3150800B944191D1B680391002BBBBF5B4242F0020220
S3150800B95407930793B8BF049223782E2B0AD16378EA
S3150800B9642A2B32D1039B02341A1D1B68039243EA1D
S3150800B974E3730593DFF8B4A003225046217800F058
S3150800B98485FC38B14022049BA0EB0A00824013438D
S3150800B9940134049314F8011B062225488DF828104F
S3150800B9A400F074FC002836D0224B1BBB039B0733DC
S3150800B9B423F0070308330393099B334409936AE77F
S3150800B9C40C4601200CFB0232A8E700234FF00A0CB0
S3150800B9D4194601340593204610F8012B303A092AF2
S3150800B9E403D9002BC6D00591C4E7044601230CFBF2
S3150800B9F40121F0E703AB00932A4638460E4B04A907
S3150800BA04AFF30080421C0646D6D1AB895B063FF5E8
S3150800BA142DAF09982CE703AB00932A463846064B04
S3150800BA2404A900F0BDF9EDE7B6DF0008BCDF00089D
S3150800BA34C0DF00080000000091B70008936810B43E
S3150800BA44013B002B936007DA9469A34201DB0A29B8
S3150800BA5402D110BC00F06CBB1368581C1060197036
S3150800BA64084610BC7047F8B506460F461446D5185E
S3150800BA74AC4201D1002007E03A46304614F8011BCF
S3150800BA84FFF7DCFF431CF3D1F8BD00002DE9F04FA6
S3150800BA940D461446984606469DB018B1036A0BB976
S3150800BAA4FFF790FC6B6ED90705D4AB899A0502D4C7
S3150800BAB4A86DFFF712FEAB891B0701D52B699BB945
S3150800BAC42946304600F072FB70B16B6EDC0704D56C
S3150800BAD44FF0FF301DB0BDE8F08FAB899805F7D459
S3150800BAE4A86DFFF7FBFDF3E70023099320238DF8E0
S3150800BAF4293030234FF00109CDF80C80DFF8A881EE
S3150800BB048DF82A3023469A4613F8012B0AB1252ABA
S3150800BB14F9D1BAEB040B0BD05B46224629463046CC
S3150800BB24FFF7A1FF013000F0A780099A5A44099249
S3150800BB349AF80030002B00F09F8000234FF0FF3264
S3150800BB44CDE905230AF1010A049307938DF85330C6
S3150800BB541A935446052214F8011B534800F096FB21
S3150800BB64049AD8B9D10644BF20238DF85330130755
S3150800BB7444BF2B238DF853309AF800302A2B15D05E
S3150800BB84544600204FF00A0C079A214611F8013B47
S3150800BB94303B092B4BD9B0B1079214E0A0EB08034C
S3150800BBA409FA03F31343A2460493D2E7039B191D28
S3150800BBB41B680391002BBBBF5B4242F0020207934A
S3150800BBC40793B8BF049223782E2B0AD163782A2BBD
S3150800BBD432D1039B02341A1D1B68039243EAE373AA
S3150800BBE40593DFF8C8A003225046217800F04EFBDF
S3150800BBF438B14022049BA0EB0A0082401343013467
S3150800BC04049314F8011B062229488DF8281000F01D
S3150800BC143DFB00283FD0274B1BBB039B073323F070
S3150800BC24070308330393099B3B4409936AE70C46C5
S3150800BC3401200CFB0232A8E700234FF00A0C194630
S3150800BC4401340593204610F8012B303A092A03D902
S3150800BC54002BC6D00591C4E7044601230CFB012139
S3150800BC64F0E703AB00932A463046134B04A9AFF317
S3150800BC7400800746781CD6D16B6ED90705D4AB89E4
S3150800BC849A0502D4A86DFFF729FDAB895B063FF533
S3150800BC941FAF09981EE703AB00932A463046064BA6
S3150800BCA404A900F07DF8E4E7B6DF0008BCDF000865
S3150800BCB4C0DF0008000000006BBA00082DE9F04751
S3150800BCC4164698468A680B6907469342B8BF1346D0
S3150800BCD4336091F843200C46DDF820900AB101330D
S3150800BCE433602368990642BF336802333360256894
S3150800BCF415F0060506D104F1190AE36832689B1A99
S3150800BD04AB422BDC94F843302268003B18BF01236E
S3150800BD14920630D44146384604F14302C8470130F6
S3150800BD2423D02368226903F00603042B14BF0025D5
S3150800BD3433684FF0000608BFE56804F11A0408BF23
S3150800BD44ED1A54F8123C08BF25EAE5759342C4BFB8
S3150800BD549B1AED18B5421AD1002008E00123524671
S3150800BD6441463846C847013003D14FF0FF30BDE895
S3150800BD74F0870135C1E73020E11881F843005A1CE1
S3150800BD8494F845102244023382F84310C2E701238B
S3150800BD94224641463846C8470130E6D00136D9E737
S3150800BDA42DE9FF470F7E9146782F80460C469A4622
S3150800BDB40C9E01F1430207D8622F0AD8002F00F01F
S3150800BDC4D380582F00F0BA8004F1420684F84270F2
S3150800BDD43AE0A7F16303152BF6D801A151F823F02D
S3150800BDE43DBE000851BE0008CDBD0008CDBD000803
S3150800BDF4CDBD0008CDBD000851BE0008CDBD000864
S3150800BE04CDBD0008CDBD0008CDBD000853BF000850
S3150800BE147BBE00080DBF0008CDBD0008CDBD0008D7
S3150800BE2475BF0008CDBD00087BBE0008CDBD00085F
S3150800BE34CDBD000815BF000833681A1D1B6832609B
S3150800BE4404F1420684F8423001239EE033682068F0
S3150800BE54191D3160060601D51D6803E04506FBD5A4
S3150800BE64B3F90050002D03DA2D236D4284F84330CC
S3150800BE740A23594811E021683368080653F8045B15
S3150800BE8402D4490648BFADB26F2F336014BF0A23E4
S3150800BE9408235148002184F843106668002EA8BF79
S3150800BEA42168A660A4BF21F0040121600DB9002E03
S3150800BEB44BD01646B5FBF3F103FB1157C75D06F8DD
S3150800BEC4017D2F46BB420D46F4D9082B0BD12368B6
S3150800BED4DF0708D5236961689942DEBF302306F86F
S3150800BEE4013C06F1FF36921B22614B462146404629
S3150800BEF4CDF800A003AAFFF7E1FE01304AD14FF0BE
S3150800BF04FF3004B0BDE8F087236843F020032360BC
S3150800BF147827324884F84570236831681F0651F833
S3150800BF24045B02D45F0648BFADB23160D90744BF8B
S3150800BF3443F0200323601DB11023ABE72648E9E745
S3150800BF44236823F020032360F6E71646BDE7336823
S3150800BF542568181D616930602E061B6801D51960AD
S3150800BF6402E06806FBD51980002316462361BCE760
S3150800BF74336800211A1D32601E686268304600F074
S3150800BF8485F908B1801B606063682361002384F81F
S3150800BF944330AAE73246494640462369D04701302A
S3150800BFA4ADD023689B0713D4E068039B9842B8BFB7
S3150800BFB41846A6E70123324649464046D04701308B
S3150800BFC49DD00135E36803995B1AAB42F2DCEBE7D3
S3150800BFD4002504F11906F5E7C7DF0008D8DF0008CD
S3150800BFE4B1F90C20F8B5160705460C4654D44B6827
S3150800BFF4002B02DC0B6C002B48DDE66A002E45D0CC
S3150800C004002312F480522F68216A2B6030D0626DA7
S3150800C014A389590705D56368D21A636B0BB1236CD8
S3150800C024D21A00232846E66A216AB047431CA38924
S3150800C03406D129681D292BD8284A0A41D60727D4A8
S3150800C044002262602269D904226004D5421C01D107
S3150800C0542B6803B96065616B2F60B9B104F14403B9
S3150800C064994202D02846FFF749FB002363630DE093
S3150800C07401232846B0470246501CC9D12B68002B19
S3150800C084C6D01D2B01D0162B1DD12F60002021E010
S3150800C09443F040031BB21AE00F69002FF6D093074A
S3150800C0A418BF00230E6808BF4B69F61B0F608B6028
S3150800C0B4002EEBDD33463A462846216AD4F828C0D2
S3150800C0C4E047002807DCB4F90C3043F040034FF08E
S3150800C0D4FF30A381F8BD0744361AE9E7FEFFBFDF40
S3150800C0E438B50B6905460C4613B90025284638BDEC
S3150800C0F418B1036A0BB9FFF765F9B4F90C30002BCC
S3150800C104F3D0626ED00704D4990502D4A06DFFF764
S3150800C114E4FA28462146FFF763FF636E0546DA0705
S3150800C124E4D4A3899B05E1D4A06DFFF7D7FADDE72C
S3150800C134F8B50E461446054618B1036A0BB9FFF757
S3150800C14441F9A369A360A3891A0701D5236943B9E9
S3150800C1542146284600F02AF818B14FF0FF3738462A
S3150800C164F8BD23682269F6B2981A6369374683428A
S3150800C17405DC21462846FFF7B3FF0028EDD1A3685E
S3150800C184013BA36023685A1C22601E706269431C23
S3150800C1949A4204D0A389DB07E1D50A2EDFD12146CA
S3150800C1A42846FFF79DFF0028D9D0D6E738B5294B8E
S3150800C1B4054618680C4618B1036A0BB9FFF702F965
S3150800C1C4B4F90C30190722D4DA0607D409222A60EE
S3150800C1D443F040034FF0FF30A38133E0580712D5EC
S3150800C1E4616B41B104F14403994202D02846FFF732
S3150800C1F485FA00236363A38923F02403A381002318
S3150800C204636023692360A38943F00803A381236930
S3150800C2144BB9A38903F42073B3F5007F03D02146F1
S3150800C224284600F094F8B4F90C3013F001020AD049
S3150800C2340022A26062695242A261226942B913F0DD
S3150800C2448000C5D138BD990758BF6269A260F4E772
S3150800C2540020F7E774000020884210B501EB0204B9
S3150800C26402D98442234607D8431EA14208D011F8AE
S3150800C274012B03F8012FF8E7014602448A4200D14C
S3150800C28410BD13F8014D02F8014DF7E7034610B542
S3150800C294C9B202449342184601D1002003E0047847
S3150800C2A401338C42F6D110BD2DE9F041804615467E
S3150800C2B40C4621B91146BDE8F041FEF76BBF2AB911
S3150800C2C4FFF71CFA00242046BDE8F08100F09EF82A
S3150800C2D48542064602D8B5EB500FF4D8294640469F
S3150800C2E4FEF758FF07460028ECD0B5422A462146F1
S3150800C2F428BF3246FFF7F3F921464046FFF7FEF911
S3150800C3043C46E0E770B50C46B1F90E10154600290F
S3150800C3141E4696B00CDAA389002113F0800F14BFC9
S3150800C32440234FF48063002031602B6016B070BD43
S3150800C3346A4600F049F80028EDDB019901F47041DA
S3150800C344A1F50053594259414FF48063EBE78B89B1
S3150800C354F7B59D0706460C4607D504F1470323603F
S3150800C36423610123636103B0F0BD6A4601ABFFF79D
S3150800C374C9FF009F054639463046FEF70BFF48B904
S3150800C384B4F90C309A05EED423F0030343F0020300
S3150800C394A381E2E7A389C4E9040743F08003A381E0
S3150800C3A4019B20605BB13046B4F90E1000F01EF80C
S3150800C3B428B1A38923F0030343F00103A381A389C6
S3150800C3C41D43A581CFE7000038B50023064D044672
S3150800C3D4084611462B60F4F75AFA431C02D12B6817
S3150800C3E403B1236038BD00BF28D0002038B5002328
S3150800C3F4054D044608462B60F4F74EFA431C02D151
S3150800C4042B6803B1236038BD28D0002051F8043CBA
S3150800C414181F002BBCBF0B58C0187047F8B500BFCF
S3150800C424F8BC08BC9E467047F8B500BFF8BC08BC03
S3090800C4349E4670475B
S3150800C438FFFFFFFFFFFFFFFF4E41000048414C5F2B
S3150800C44846756E6374696F6E000000000000000090
S3150800C45801020304000000000000000001020304B2
S3150800C468060708092E2E2F447269766572732F53AC
S3150800C478544D3332463178785F48414C5F44726987
S3150800C4887665722F5372632F73746D3332663178FB
S3150800C498785F68616C5F636F727465782E630000F5
S3150800C4A82E2E2F447269766572732F53544D333284
S3150800C4B8463178785F48414C5F4472697665722FD1
S3150800C4C85372632F73746D3332663178785F686197
S3150800C4D86C5F6372632E63002E2E2F44726976652D
S3150800C4E872732F53544D3332463178785F48414C2E
S3150800C4F85F4472697665722F5372632F73746D334E
S3150800C50832663178785F68616C5F6770696F2E6329
S3150800C518000000002E2E2F447269766572732F5319
S3150800C528544D3332463178785F48414C5F447269D6
S3150800C5387665722F5372632F73746D33326631784A
S3150800C548785F68616C5F6932632E63002E2E2F440C
S3150800C5587269766572732F53544D3332463178783B
S3150800C5685F48414C5F4472697665722F5372632F30
S3150800C57873746D3332663178785F68616C5F72639D
S3150800C588632E630001020000020304050607080972
S3150800C5980A0B0C0D0E0F10102E2E2F447269766595
S3150800C5A872732F53544D3332463178785F48414C6D
S3150800C5B85F4472697665722F5372632F73746D338D
S3150800C5C832663178785F68616C5F7263635F657835
S3150800C5D82E63000001020000020304050607080985
S3150800C5E80A0B0C0D0E0F10102E2E2F447269766545
S3150800C5F872732F53544D3332463178785F48414C1D
S3150800C6085F4472697665722F5372632F73746D333C
S3150800C61832663178785F68616C5F7274632E63007E
S3150800C6282E2E2F447269766572732F53544D333202
S3150800C638463178785F48414C5F4472697665722F4F
S3150800C6485372632F73746D3332663178785F686115
S3150800C6586C5F7274635F65782E6300002E2E2F4414
S3150800C6687269766572732F53544D3332463178782A
S3150800C6785F48414C5F4472697665722F5372632F1F
S3150800C68873746D3332663178785F68616C5F73707E
S3150800C698692E63002E2E2F447269766572732F539E
S3150800C6A8544D3332463178785F48414C5F44726955
S3150800C6B87665722F5372632F73746D3332663178C9
S3150800C6C8785F68616C5F74696D2E63002E2E2F443F
S3150800C6D87269766572732F53544D333246317878BA
S3150800C6E85F48414C5F4472697665722F5372632FAF
S3150800C6F873746D3332663178785F68616C5F746914
S3150800C7086D5F65782E6300002E2E2F447269766554
S3150800C71872732F53544D3332463178785F48414CFB
S3150800C7285F4472697665722F5372632F73746D331B
S3150800C73832663178785F68616C5F756172742E63EA
S3150800C74800000000222A2B2C3A3B3C3D3E3F5B5D0D
S3150800C7587C7F0000809A90B68EB78F80D2D3D4D8C3
S3150800C768D7DE8E8F909292E299E3EAEB59999A9DD1
S3150800C7789C9D9E9FB5D6E0E9A5A5A6A7A8A9AAAB9C
S3150800C788AC21AEAFB0B1B2B3B4B5B6B7B8B9BABBE7
S3150800C798BCBDBEBFC0C1C2C3C4C5C7C7C8C9CACB4A
S3150800C7A8CCCDCECFD0D1D2D3D4D5D6D7D8D9DADB3B
S3150800C7B8DCDDDEDFE0E1E2E3E5E5E6E7E7E9EAEB2B
S3150800C7C8EDEDEEEFF0F1F2F3F4F5F6F7F8F9FAFB1A
S3150800C7D8FCFDFEFF7374617465203C2065494E4470
S3150800C7E85F4D4158000000002E2E2F557365725F65
S3150800C7F846696C65732F417070436F6D6D6F6E2F48
S3150800C808417070496E6469636174696F6E2F41700F
S3150800C81870496E6469636174696F6E2E63000000FF
S3150800C828417070496E6469636174655F53657453D2
S3150800C8387461746500000000000000000000010132
S3150800C84800010200010300010400010500010600B9
S3150800C85801070001010101020101030101040101A7
S3150800C868050101060101070101010201020201038E
S3150800C8780201040201050201060201070201010379
S3150800C8880102030103030104030105030106030169
S3150800C8980703010104010204010304010404010554
S3150800C8A804010604010704004E554C4C20213D207E
S3150800C8B8704D65002E2E2F557365725F46696C6537
S3150800C8C8732F417070436F6D6D6F6E2F417070498D
S3150800C8D86E6469636174696F6E2F547269436F6C0D
S3150800C8E86F724C45442F547269436F6C6F724C458E
S3150800C8F8442E6300654C45445F434F4C4F525F5383
S3150800C908544154455F4D4158203E20747269436F1F
S3150800C9186C6F724C4544537461746500547269436C
S3150800C9286F6C6F724C65645F5374617274426C699C
S3150800C9386E6B0000547269436F6C6F724C65645F66
S3150800C9485365745374617465000000005472694332
S3150800C9586F6C6F724C65645F546F67676C65537468
S3150800C96861746500547269436F6C6F724C65645FD5
S3150800C978496E697400000000FFFFFFFF050000000C
S3150800C9880A0000001400000028000000000000014A
S3150800C998000000010000000101010001000100017A
S3150800C9A801010101000C014010000000000C0140C3
S3150800C9B808000000000C014020000000001001409B
S3150800C9C80008000000100140001000000010014097
S3150800C9D800040000000100006964203C2065534FEC
S3150800C9E846545F54494D45525F4D41580000000072
S3150800C9F82E2E2F557365725F46696C65732F4170C5
S3150800CA0870436F6D6D6F6E2F4170705574696C69E0
S3150800CA1874792F536F667454696D65722F536F66F0
S3150800CA287454696D65722E6300000000536F66744E
S3150800CA3854696D65725F537461727400536F6674D6
S3150800CA4854696D65725F526567697374657200002B
S3150800CA580D0A20466173616C2E2047726F77204D48
S3150800CA686F72652C2047726F7720426574746572F9
S3150800CA78210D0A20576F6C6B757320546563686EB1
S3150800CA886F6C6F677920536F6C7574696F6E732056
S3150800CA9850726976617465204C696D697465642C91
S3150800CAA82042616E67616C6F72652C20496E6469F5
S3150800CAB8612E00000D0A204465766963653A2048A8
S3150800CAC8572076657273696F6E3A2025642E256439
S3150800CAD82C2046572076657273696F6E3A2025644E
S3150800CAE82E25640031363A35323A323400000000D1
S3150800CAF84465632020362032303234000D0A20423D
S3150800CB08696E617269657320636F6D70696C6564B7
S3150800CB18206F6E202573206174202573000000009D
S3150800CB280D0A204275696C6420666F722046617327
S3150800CB38616C20466C617368657220426F61726425
S3150800CB48000000000D0A3E3E2050726573732046A9
S3150800CB586C61736820427574746F6E20666F7220F4
S3150800CB68496E6974696174696E67205472616E7377
S3150800CB78666572000D0A3E3E2044555420466C618F
S3150800CB887368205365747570202573000D0A3E3E38
S3150800CB98205472616E73666572204D6F64653A201B
S3150800CBA85344206361726420746F20666C617368ED
S3150800CBB82073656C65637465640000000D0A3E3E63
S3150800CBC8205472616E73666572204D6F64653A20EB
S3150800CBD8582D4D6F64656D20746F20666C61736897
S3150800CBE82073656C65637465640000000D0A3E3E33
S3150800CBF82053442D4361726420496E697420257355
S3150800CC08000000000D0A3E3E20476F6C64656E20E2
S3150800CC18496D61676520696E2053442D43617264C6
S3150800CC282073746174757320257300000D0A3E3EDF
S3150800CC38205472616E7366657272696E6720476FF3
S3150800CC486C64656E20496D6167652066696C652048
S3150800CC5866726F6D2053442D4361726420746F2089
S3150800CC68466C6173682E20457374696D61746564D2
S3150800CC782054696D6520746F20436F6D706C6574F8
S3150800CC88696F6E3A20333073000000000D0A3E3E85
S3150800CC982046696C65205472616E736665722066F3
S3150800CCA8726F6D2053442D4361726420746F204659
S3150800CCB86C617368202573000D0A3E3E2053656E25
S3150800CCC86420476F6C64656E20496D616765206FDF
S3150800CCD876657220582D6D6F64656D20666F7220B3
S3150800CCE85570646174652E20457374696D61746541
S3150800CCF8642054696D6520746F20436F6D706C6588
S3150800CD0874696F6E3A20343573200D0A00000000E6
S3150800CD180D0A3E3E20436F6D707574696E67204331
S3150800CD285243206F662066696C657320696E2053C6
S3150800CD3844206361726420616E6420466C6173687E
S3150800CD482073746F726167652E2E2E204573746979
S3150800CD586D617465642054696D6520746F20436F2E
S3150800CD686D706C6574696F6E3A2035730000000043
S3150800CD780D0A3E3E205472616E736665727265646A
S3150800CD882046696C657320696E746567726974797B
S3150800CD982076657269666965642000000D0A3E3E5C
S3150800CDA82053442D4361726420616E6420666C6169
S3150800CDB873682066696C6520435243206D69736DF4
S3150800CDC861746368200000000D0A3E3E2046696CBF
S3150800CDD865207472616E7366657220737563636520
S3150800CDE8737366756C6C7920636F6D706C657465A2
S3150800CDF8212000000D0A3E3E2053442D43617264EB
S3150800CE0820616E642066696C652073797374656D34
S3150800CE18207365747570206661696C757265200083
S3150800CE280D0A3E3E20476F6C64656E20496D616742
S3150800CE3865206E6F7420666F756E6420696E20694A
S3150800CE486E2053442D436172642100000D0A3E3E4C
S3150800CE5820456E737572652044555420466C617377
S3150800CE686820697320636F6E6E65637465642C2029
S3150800CE78616E6420445554204D43552069732065D6
S3150800CE886D7074792F68656C6420696E2072657395
S3150800CE98657400000D0A3E3E2046696C652074726A
S3150800CEA8616E73666572204661696C210000000030
S3150800CEB80D0A3E3E204170706C69636174696F6E35
S3150800CEC8204572726F7220436F64653A20253034A4
S3150800CED858000000040B12191919191A1A1A030905
S3150800CEE8090909090000000053756363657373002F
S3150800CEF84661696C7572650063757272656E744C05
S3150800CF086576656C203C2065434F4E534F4C455F0C
S3150800CF185052494E545F4C564C5F4D4158000000DC
S3150800CF282E2E2F557365725F46696C65732F41708F
S3150800CF3870496E746572666163652F436F6E736FA9
S3150800CF486C652F436F6E736F6C652E630000000067
S3150800CF580D0A0D0A2A2A2A2A2A2A2A2A2A2A2A2A95
S3150800CF682A2A2A2A2A2A2A2A2A2A2A2A2A2A2A2A0B
S3150800CF782A2A2A2A2A2A2A2A2A2A2A2A2A2A2A2AFB
S3150800CF882A2A2A2A2A2A2A2A2A2A2A2A2A2A2A2AEB
S3150800CF980D0A0000436F6E736F6C655F5072696E99
S3150800CFA8740000000D0A3E3E204552524F523A2060
S3150800CFB848414C206572726F722068616E646C65B0
S3150800CFC87220696E766F6B65640000000D0A3E3E36
S3150800CFD8204552524F523A2041524D204661756CAF
S3150800CFE87420456E636F756E74657265640000001B
S3150800CFF80D0A3E3E204552524F523A2041737365F8
S3150800D0087274696F6E206661696C75726520696EDF
S3150800D0182066696C65202573206F6E206C696E65BD
S3150800D0282025642061742066756E6374696F6E20A6
S3150800D038257300002E2E2F557365725F46696C6539
S3150800D048732F41707053746F726167652F417070E2
S3150800D058466C61736846532F417070466C617368F5
S3150800D0685F4150492E63000066696C65456E756DAB
S3150800D078203C206546535F4D415800004E554C4CA0
S3150800D08820213D2070496E5772697465427566009D
S3150800D0984E554C4C20213D20704F75744279746565
S3150800D0A873526561640000004E554C4C20213D20A2
S3150800D0B8704F7574435243004E554C4C20213D2001
S3150800D0C870496E4F757452616D42756600000000AE
S3150800D0D8466C61736846735F5265616446696C6538
S3150800D0E852617700466C61736846735F436F6D706B
S3150800D0F875746546696C654352430000466C6173EE
S3150800D1086846735F4150495F436F6D70757465472C
S3150800D1186F6C64656E496D61676546696C654352EF
S3150800D12843000000466C61736846735F44656C6526
S3150800D138746546696C650000466C61736846735F7A
S3150800D148436C6F736546696C655261770000000029
S3150800D158466C61736846735F577269746546696C8D
S3150800D1686552617700000000466C61736846735F14
S3150800D1784F70656E46696C6552617700466C6173D7
S3150800D1886846535F496E69740000000066616C6CF6
S3150800D1986261636B2E7478740000000066696C65BA
S3150800D1A8322E74787400000094D10008A4D10008BF
S3150800D1B80100000002000000030000000101000051
S3150800D1C80201000002090000030100000000000037
S3150800D1D8E7640008DB640008D1640008CD64000829
S3150800D1E880000000800000000000010080000000A8
S3150800D1F8FFFFFFFF8000000010000000B0070020B6
S3150800D208300700202007002000000000000000006A
S3150800D21800000000000000002E2E2F557365725F6F
S3150800D22846696C65732F41707053746F72616765D0
S3150800D2382F417070466C61736846532F4C69747435
S3150800D2486C6546532F6C66732E63000065727220F0
S3150800D2583C3D2030000000006C66735F7461675FB0
S3150800D26873697A65286C66732D3E6773746174658D
S3150800D2782E74616729203E203078303030207C7C37
S3150800D288206F727068616E73203E3D203000000082
S3150800D2986C66735F7461675F73697A65286C667311
S3150800D2A82D3E6773746174652E74616729203C2066
S3150800D2B83078316666207C7C206F727068616E7380
S3150800D2C8203C3D203000000025733A25643A6572F3
S3150800D2D8726F723A20436F7272757074656420644F
S3150800D2E869722070616972206174207B3078256CB8
S3150800D2F8782C203078256C787D25730A0000000084
S3150800D30825733A25643A7761726E3A204379636CD5
S3150800D3186520646574656374656420696E20746144
S3150800D328696C206C69737425730A00007370203C55
S3150800D3382033000025733A25643A6572726F723A8B
S3150800D348204E6F206D6F7265206672656520737052
S3150800D35861636520256C7525730A0000706361632F
S3150800D36868652D3E626C6F636B203C206C66732D76
S3150800D3783E6366672D3E626C6F636B5F636F756E9F
S3150800D38874000000626C6F636B203D3D2028286C92
S3150800D39866735F626C6F636B5F7429202D20322970
S3150800D3A8207C7C20626C6F636B203C206C66732D36
S3150800D3B83E6366672D3E626C6F636B5F636F756E5F
S3150800D3C8740000006F6666202B2073697A65203C16
S3150800D3D83D206C66732D3E6366672D3E626C6F63EF
S3150800D3E86B5F73697A6500007063616368652D3ED3
S3150800D3F8626C6F636B203D3D2028286C66735F62FC
S3150800D4086C6F636B5F7429202D203129000000009A
S3150800D41825733A25643A64656275673A20426164F9
S3150800D42820626C6F636B206174203078256C7825D0
S3150800D438730A0000636F6D6D69742E6F6666202522
S3150800D448206C66732D3E6366672D3E70726F675F44
S3150800D45873697A65203D3D203000000025733A251A
S3150800D468643A7761726E3A205375706572626C6FAA
S3150800D478636B203078256C78206861732062656351
S3150800D4886F6D6520756E7772697461626C65257350
S3150800D4980A00000025733A25643A7761726E3A20C5
S3150800D4A8556E61626C6520746F2073706C697420A0
S3150800D4B87B3078256C782C203078256C787D257318
S3150800D4C80A00000025733A25643A64656275673A66
S3150800D4D820457870616E64696E6720737570657229
S3150800D4E8626C6F636B2061742072657620256C7593
S3150800D4F825730A0025733A25643A7761726E3A20CD
S3150800D508556E61626C6520746F20657870616E640B
S3150800D518207375706572626C6F636B25730A0000F9
S3150800D5286469722D3E636F756E74203E2030000064
S3150800D538706469720000000025733A25643A6465C8
S3150800D5486275673A2052656C6F636174696E672005
S3150800D5587B3078256C782C203078256C787D202DC2
S3150800D5683E207B3078256C782C203078256C787DA1
S3150800D57825730A0025733A25643A64656275673A1D
S3150800D58820466978696E67206D6F766520776869C1
S3150800D5986C652072656C6F636174696E67207B3091
S3150800D5A878256C782C203078256C787D203078257D
S3150800D5B868780A25730A0000212868617370617201
S3150800D5C8656E7420262620657272203D3D204C46DD
S3150800D5D8535F4552525F4E4F454E5429000000008E
S3150800D5E825733A25643A64656275673A2046697808
S3150800D5F8696E672068616C662D6F727068616E2047
S3150800D6087B3078256C782C203078256C787D202D11
S3150800D6183E207B3078256C782C203078256C787DF0
S3150800D62825730A0025733A25643A64656275673A6C
S3150800D63820466978696E67206D6F76652077686910
S3150800D6486C6520666978696E67206F727068616EA6
S3150800D65873207B3078256C782C203078256C787D7B
S3150800D6682030782568780A25730A000025733A2534
S3150800D678643A64656275673A20466978696E672010
S3150800D6886F727068616E207B3078256C782C203034
S3150800D69878256C787D25730A0000000025733A25DD
S3150800D6A8643A64656275673A20526577726974697F
S3150800D6B86E67207375706572626C6F636B207B305A
S3150800D6C878256C782C203078256C787D25730A00A7
S3150800D6D825733A25643A64656275673A2046697817
S3150800D6E8696E67206D6F7665207B3078256C782C97
S3150800D6F8203078256C787D20307825687825730A57
S3150800D708000000006C66735F7461675F7479706502
S3150800D71833286C66732D3E676469736B2E7461676C
S3150800D72829203D3D204C46535F545950455F444592
S3150800D7384C455445000000002866696C652D3E6610
S3150800D7486C6167732026204C46535F4F5F52444FDF
S3150800D7584E4C5929203D3D204C46535F4F5F524455
S3150800D7684F4E4C59000000002866696C652D3E66C8
S3150800D7786C6167732026204C46535F4F5F57524F9C
S3150800D7884E4C5929203D3D204C46535F4F5F575212
S3150800D7984F4E4C59000000006C66732D3E63666751
S3150800D7A82D3E726561645F73697A6520213D203074
S3150800D7B8000000006C66732D3E6366672D3E707226
S3150800D7C86F675F73697A6520213D20300000000085
S3150800D7D86C66732D3E6366672D3E63616368655F95
S3150800D7E873697A6520213D20300000006C66732D28
S3150800D7F83E6366672D3E63616368655F73697A652C
S3150800D8082025206C66732D3E6366672D3E7265611A
S3150800D818645F73697A65203D3D2030006C66732D18
S3150800D8283E6366672D3E63616368655F73697A65FB
S3150800D8382025206C66732D3E6366672D3E70726FD1
S3150800D848675F73697A65203D3D2030006C66732DE5
S3150800D8583E6366672D3E626C6F636B5F73697A65B4
S3150800D8682025206C66732D3E6366672D3E636163CB
S3150800D87868655F73697A65203D3D203000000000C1
S3150800D8886C66732D3E6366672D3E626C6F636B5FCD
S3150800D89873697A65203E3D203132380034202A20C3
S3150800D8A86C66735F6E707732283078666666666669
S3150800D8B8666666202F20286C66732D3E6366672D7C
S3150800D8C83E626C6F636B5F73697A65202D20322020
S3150800D8D82A20342929203C3D206C66732D3E636630
S3150800D8E8672D3E626C6F636B5F73697A650000002B
S3150800D8F86C66732D3E6366672D3E626C6F636B5F5D
S3150800D9086379636C657320213D2030006C66732D3E
S3150800D9183E6366672D3E6C6F6F6B61686561645F11
S3150800D92873697A65203E2030000000006C66732D06
S3150800D9383E6366672D3E6C6F6F6B61686561645FF1
S3150800D94873697A6520252038203D3D203020262613
S3150800D958202875696E747074725F74296C66732DE5
S3150800D9683E6366672D3E6C6F6F6B61686561645FC1
S3150800D97862756666657220252034203D3D20300094
S3150800D9886C66732D3E6366672D3E6E616D655F6DC9
S3150800D9986178203C3D203235350000006C66732DD1
S3150800D9A83E6366672D3E66696C655F6D6178203CE7
S3150800D9B83D203231343734383336343700000000E6
S3150800D9C86C66732D3E6366672D3E617474725F6D6F
S3150800D9D86178203C3D203130323200006C66732D68
S3150800D9E83E6366672D3E6D657461646174615F6D3B
S3150800D9F86178203C3D206C66732D3E6366672D3E34
S3150800DA08626C6F636B5F73697A6500006C6974741E
S3150800DA186C6566730000000025733A25643A6572DA
S3150800DA28726F723A20496E76616C696420766572FF
S3150800DA3873696F6E20762568752E25687520213DD1
S3150800DA4820762568752E25687525730A0000000056
S3150800DA5825733A25643A64656275673A20466F7590
S3150800DA686E64206F6C646572206D696E6F722076BD
S3150800DA78657273696F6E20762568752E2568752018
S3150800DA883C20762568752E25687525730A000000DA
S3150800DA9825733A25643A6572726F723A20556E7321
S3150800DAA87570706F72746564206E616D655F6D61FF
S3150800DAB8782028256C75203E20256C752925730A3B
S3150800DAC80000000025733A25643A6572726F723A47
S3150800DAD820556E737570706F727465642066696C0C
S3150800DAE8655F6D61782028256C75203E20256C7544
S3150800DAF82925730A0000000025733A25643A6572D9
S3150800DB08726F723A20556E737570706F72746564A9
S3150800DB1820617474725F6D61782028256C75203EC3
S3150800DB2820256C752925730A0000000025733A25F7
S3150800DB38643A6572726F723A20496E76616C6964E6
S3150800DB4820626C6F636B20636F756E742028256C72
S3150800DB587520213D20256C752925730A00000000CB
S3150800DB6825733A25643A6572726F723A20496E7659
S3150800DB78616C696420626C6F636B2073697A6520CF
S3150800DB8828256C7520213D20256C752925730A00E2
S3150800DB9825733A25643A64656275673A20466F754F
S3150800DBA86E642070656E64696E6720677374617445
S3150800DBB8652030782530386C782530386C782530EB
S3150800DBC8386C7825730A00002F0000002E2E0000F6
S3150800DBD8216C66735F6D6C6973745F69736F7065C2
S3150800DBE86E286C66732D3E6D6C6973742C202873C9
S3150800DBF87472756374206C66735F6D6C6973742AC6
S3150800DC082966696C652900006C66735F6D6C6973B3
S3150800DC18745F69736F70656E286C66732D3E6D6CDC
S3150800DC286973742C2028737472756374206C667310
S3150800DC385F6D6C6973742A2966696C65290000002A
S3150800DC486C66735F66696C655F726177777269740B
S3150800DC58650000006C66735F66696C655F77726954
S3150800DC68746500006C66735F66696C655F726177D8
S3150800DC7872656164000000006C66735F66696C65AE
S3150800DC885F726561640000006C66735F66696C653F
S3150800DC985F636C6F736500000000000000000000F9
S3150800DCA8000000006C66735F66696C655F6F706577
S3150800DCB86E0000006C66735F696E69740000000088
S3150800DCC86C66735F66735F707265706F7270686191
S3150800DCD86E7300006C66735F6469725F636F6D705C
S3150800DCE8616374006C66735F62645F73796E630060
S3150800DCF86C66735F6469725F747261766572736560
S3150800DD08000000006C66735F6469725F72656C6F09
S3150800DD18636174696E67636F6D6D697400000000EE
S3150800DD286C66735F62645F666C75736800000000F2
S3150800DD386C66735F62645F70726F67006C66735FA8
S3150800DD4862645F6572617365000000006C66735FE4
S3150800DD586469725F6F727068616E696E67636F6D0A
S3150800DD686D6974006C66735F62645F7265616400EE
S3150800DD786C66735F66735F64656D6F766500000031
S3150800DD88000000006410B71DC8206E3BAC30D926C9
S3150800DD989041DC76F4516B6B5861B24D3C71055075
S3150800DDA82083B8ED44930FF0E8A3D6D68CB361CB9D
S3150800DDB8B0C2649BD4D2D38678E20AA01CF2BDBD51
S3150800DDC82E2E2F557365725F46696C65732F4170E1
S3150800DDD87053746F726167652F4170705344465368
S3150800DDE82F41707053445F4150492E63000000006C
S3150800DDF84E554C4C20213D20704F757446696C650C
S3150800DE0853697A65496E4279746573006D6F6465FE
S3150800DE18456E756D203C206546535F4D4F44455FFA
S3150800DE284D415800534446735F436F6D707574656A
S3150800DE3846696C6543524300534446735F415049EB
S3150800DE485F436F6D70757465476F6C64656E496D71
S3150800DE5861676546696C65435243000053444673D7
S3150800DE685F5265616446696C655261770000000017
S3150800DE78534446735F47657446696C6553697A65A2
S3150800DE8852617700534446735F4150495F4765744A
S3150800DE98476F6C64656E496D61676546696C65535D
S3150800DEA8697A6500534446735F436C6F73654669C0
S3150800DEB86C65526177000000534446735F4F70657E
S3150800DEC86E46696C655261770000000053444673D4
S3150800DED85F47657446696C6550726573656E74004C
S3150800DEE8534446735F496E697400000094D100086C
S3150800DEF8A4D1000801020311121213004E554C4C06
S3150800DF0820213D20704F757449734352434D6174FF
S3150800DF186368696E670000002E2E2F557365725F59
S3150800DF2846696C65732F41707053746F72616765C3
S3150800DF382F41707053746F726167652E6300000015
S3150800DF480D0A3E3E20435243206F6620476F6C6495
S3150800DF58656E20496D6167652066696C6520696E1E
S3150800DF68205344203A202558207C20466C61736843
S3150800DF78203A20255800000041707053746F72616A
S3150800DF8867655F436F6D706172654352434F6647B5
S3150800DF986F6C64656E496D61676546696C65496E3F
S3150800DFA85344416E64466C61736800000001232D72
S3150800DFB8302B2000686C4C0065666745464700307C
S3150800DFC831323334353637383941424344454600C9
S3150800DFD830313233343536373839616263646566C9
S3090800DFE80000000027
S30D0800DFEC3822FF7F0100000046
S3090800DFF40902000808
S3090800DFF8E501000829
S3150800DFFC0024F4000100000010000000ED370008B2
S3150800E00C01380008153800081D380008253800089E
S3150800E01C01010101000000000000000000000000E2
S3150800E02C00000000C4C9000800000000CCC90008A4
S3150800E03C00000000D4C9000800000000ACC90008A4
S3150800E04C00000000B4C9000800000000BCC90008A4
S3150800E05C00000000010000000000000003000000A2
S3150800E06CECCE00207800002000000000ECCE00204A
S3150800E07C54CF0020BCCF0020000000000000000098
S3150800E08C0000000000000000000000000000000076
S3150800E09C0000000000000000000000000000000066
S3150800E0AC0000000000000000000000000000000056
S3090800E0BC0000000052
S70508000ABD2B
