S0140000466173616C466C61736865722E7372656364
S3150800000000000120B10A0008090800080D080008C8
S31508000010150800081D08000825080008000000004B
S315080000200000000000000000000000002D08000885
S3150800003031080008000000003508000839080008E3
S31508000040F90A0008F90A0008F90A0008F90A000876
S31508000050F90A00083D080008F90A0008F90A000824
S31508000060F90A0008F90A0008F90A0008F90A000856
S31508000070F90A0008F90A0008F90A0008F90A000846
S31508000080F90A0008F90A0008F90A0008F90A000836
S31508000090F90A0008F90A0008F90A0008F90A000826
S315080000A0F90A0008F90A0008F90A0008F90A000816
S315080000B0F90A0008F90A0008F90A0008F90A000806
S315080000C0F90A0008F90A0008F90A0008F90A0008F6
S315080000D0F90A0008F90A0008F90A0008F90A0008E6
S315080000E0F90A0008F90A0008F90A0008F90A0008D6
S315080000F0F90A0008F90A0008F90A0008F90A0008C6
S31508000100F90A0008F90A0008F90A0008F90A0008B5
S31508000110F90A0008F90A000841080008F90A00085F
S31508000120F90A0008F90A0008F90A0008F90A000895
S3150800013000000000000000000000000000000000B1
S3150800014000000000000000000000000000000000A1
S315080001500000000000000000000000000000000091
S315080001600000000000000000000000000000000081
S315080001700000000000000000000000000000000071
S315080001800000000000000000000000000000000061
S315080001900000000000000000000000000000000051
S315080001A00000000000000000000000000000000041
S315080001B00000000000000000000000000000000031
S315080001C00000000000000000000000000000000021
S315080001D00000000000000000000000000000000011
S309080001E05FF8E0F1E5
S315080001E410B5054C237833B9044B13B10448AFF35F
S315080001F400800123237010BDE000002000000000E9
S3150800020410E8000808B5034B1BB103490348AFF3CC
S31508000214008008BD00000000E400002010E8000883
S31508000224034613F8012B002AFBD1181A0138704724
S31508000234430803F05533C01A830803F0333300F038
S315080002443330184400EB101000F00F3000EB002098
S3150800025400EB0040000E704708B50548054B0360DF
S3150800026400F05EFD00B908BDBDE8084000F076B9A7
S31508000274FC00002000300240094B02689A4200D074
S315080002847047A3F500535A6982B042F040025A6196
S315080002945B6903F040030193019B02B0704700BFFA
S315080002A4003002402DE9F0430024102189B0CDE93D
S315080002B40444CDE90644494B494E9A69494D0A43D3
S315080002C49A619A69DFF820810A400092009A9A692D
S315080002D4304642F020029A619A694FF0010902F009
S315080002E420020192019A9A69022742F004029A614D
S315080002F49A6902F004020292029A9A6942F0080282
S315080003049A619B69224603F008030393039B01F051
S315080003141DF82246284641F2381101F017F82246FC
S3150800032440464FF4E05101F011F840F2FF3203233E
S31508000334404604A9CDE9042300F04EFD01222B4BC7
S31508000344304604A9CDE90423069400F045FD49F690
S3150800035402120323304604A9CDE9042300F03CFD28
S31508000364102330460DEB03010493CDE90594079752
S3150800037400F032FD40F605420023284604A9CDE9DB
S315080003840423069400F028FD40F20222032328469B
S3150800039404A9CDE9042300F01FFD41F238132846C9
S315080003A404A90493CDE90594079700F015FD4FF4C5
S315080003B4E053404604A90493CDE90647CDF81490C2
S315080003C400F00AFD04220323094804A9CDE90423FD
S315080003D400F002FD09B0BDE8F08300BF001002403A
S315080003E400080140000C01400010014000001110F3
S315080003F40014014000234FF4804210B509480A4C02
S315080004040A49C0E90233C0E90041C0E90423C0E946
S315080004140633036200F0B4FF00B910BDBDE810400E
S3150800042400F09CB80801002000540040A086010092
S315080004340023D0B5144A016886B09142CDE9023347
S31508000444CDE9043301D006B0D0BD0322C026122755
S315080004540E4C0F48A36902A943F00803A361A369D4
S31508000464CDE9026703F008030093009B059200F0A8
S31508000474B3FCE36943F40013E361E36903F400138B
S315080004840193019B06B0D0BD005400400010024001
S31508000494000C01400023012230B597B005244FF41F
S315080004A480350221CDE90F22CDE911334FF480328C
S315080004B4CDE90233CDE90433CDE90733CDE9093370
S315080004C40E93019306930B934FF4E0130CA8CDE90E
S315080004D40C4513911492159301F09AF8C0B90023A8
S315080004E402210F224FF4806401A8CDE90121049466
S315080004F40393059301F002FB88B901224FF4807334
S3150800050406A8CDE9062301F06BFC20B917B030BD67
S3150800051406F00CF9E3E706F009F917B030BD06F062
S3150800052405F9EAE708B500F00BFBFFF7B3FFFFF799
S31508000534B9FEFFF791FEFFF75DFF00F019F800F02A
S315080005445FF800F07FF800F017FA00F031FA03F0CC
S31508000554C7F800F0C9F905F065FDFCE706F0E6B84A
S31508000564014B024A06F002B930E8000834E80008EC
S3150800057400234FF0FF3200B50F48104983B0C0E995
S31508000584001200938360019301F04CFD58B90122CF
S31508000594022369460848CDE9002301F0EBFD28B992
S315080005A403B05DF804FBFFF7D9FFF0E7FFF7D6FFC2
S315080005B403B05DF804FB00BF60010020002800407A
S315080005C40C4B02689A4200D0704700B583B001F01C
S315080005D419F80120084B0949DA6942F00062DA6120
S315080005E4DB6903F000630193019BC1F83C0403B083
S315080005F45DF804FB00280040001002400000424257
S3150800060438B5082100234FF482754FF400740A2282
S315080006140A48C0E90153C0E90333C0E90534C0E90F
S315080006240713C0E90933064BC262036001F050FEA2
S3150800063400B938BDBDE83840FFF790BFD0010020A7
S315080006440030014010B500234FF482744FF4007152
S315080006540A220B48C0E90143C0E90333C0E905315E
S31508000664C0E90733C0E90933064BC262036001F0E7
S315080006742FFE00B910BDBDE81040FFF76FBF00BFDD
S315080006847801002000380040D0B500242F4A0368BA
S3150800069488B09342CDE90444CDE9064404D02C4AF3
S315080006A4934229D008B0D0BD2A4BA0269A690227BE
S315080006B442F480529A619A6904A902F4805200921B
S315080006C4009A9A69244842F004029A619B69CDE922
S315080006D4046703F0040301930323019A079300F0C4
S315080006E47BFB402200231C4804A9CDE90423069475
S315080006F400F072FB08B0D0BD164B4FF42046DA69F9
S31508000704022742F48042DA61DA6904A902F48042D3
S315080007140292029A9A69114842F008029A619B6900
S31508000724CDE9046703F0080303930323039A0793A5
S3150800073400F052FB4FF480420023084804A9CDE98F
S315080007440423069400F048FB08B0D0BD00300140ED
S31508000754003800400010024000080140000C014027
S315080007640E4A0368934203D00D4A93420AD070474F
S3150800077402F560429369E02123F4805309489361A2
S3150800078400F000BD02F5EC32D3694FF4604123F45E
S3150800079480430548D36100F0F5BC00BF0030014032
S315080007A40038004000080140000C01400022134BA9
S315080007B400B5996983B041F00101996199690520E9
S315080007C401F0010100910099D96941F08051D9617C
S315080007D4DB69114603F080530193019B00F004FA88
S315080007E4052000F047FA064A536823F0E06343F00D
S315080007F40073536003B05DF804FB00BF00100240A9
S3150800080400000140FEE700BF08B505F09FFFFEE7BC
S3150800081408B505F09BFFFEE708B505F097FFFEE768
S3150800082408B505F093FFFEE7704700BF704700BFA1
S31508000834704700BF00F096B9704700BF014802F040
S3150800084467BB00BF3002002070B5161E07DD0C46D4
S315080008548D19AFF3008004F8010BA542F9D130468F
S3150800086470BD00BF70B5161E07DD0C468D1914F849
S31508000874010BAFF30080AC42F9D1304670BD00BF1E
S315080008844FF0FF30704700BF4FF4005300204B6011
S31508000894704700BF01207047002070470D49034682
S315080008A410B50D4A0D4C0868121B20B10344934237
S315080008B407D80B6010BD0A4C2046034493420C60CB
S315080008C4F7D90DF0D7F80C2203464FF0FF301A601B
S315080008D410BD00BF280200200000012000100000FF
S315080008E430D00020704700BF002340F67F416322C2
S315080008F410B50F480F4C82B0C0E901130460009389
S31508000904C2608361019302F0BDF950B90022002345
S3150800091469460748CDE9002302F096FB20B902B0E0
S3150800092410BDFFF71BFEF1E7FFF718FE02B010BD76
S3150800093430020020001000400E4B02689A4200D094
S315080009447047002203F50033D96900B541F0100158
S31508000954D961DB6983B003F010030193362011468D
S31508000964019B00F041F9362003B05DF804EB00F072
S3150800097481B900BF0010004000234FF4E1310C2276
S3150800098410B50948094CC0E90113C0E90333C0E9A5
S3150800099405230460C36102F051FC00B910BDBDE82B
S315080009A41040FFF7DBBD00BFC0020020003801403D
S315080009B400234FF4E1310C2210B50948094CC0E96B
S315080009C40113C0E90333C0E905230460C36102F0D7
S315080009D435FC00B910BDBDE81040FFF7BFBD00BF28
S315080009E47802002000440040D0B500242B4A03684E
S315080009F488B09342CDE90444CDE9064404D0284A94
S31508000A0493422BD008B0D0BD264B4FF400769A6992
S31508000A14022742F480429A619A69234802F4804282
S31508000A240092009A9A6904A942F004029A619B69A1
S31508000A34CDE9046703F0040301930323019A07939A
S31508000A4400F0CAF94FF480620023174804A9CDE9D7
S31508000A540423069400F0C0F908B0D0BD114B04264F
S31508000A64DA69022742F40032DA61DA690E4802F4D6
S31508000A7400320292029A9A6904A942F004029A611F
S31508000A849B69CDE9046703F0040303930323039ADC
S31508000A94079300F0A1F90822D6E700BF0038014001
S31508000AA4004400400010024000080140FFF71AFF06
S31508000AB40B480C490C4A002302E0D458C4500433AA
S31508000AC4C4188C42F9D3094A094C002301E013607F
S31508000AD40432A242FBD30CF0D3FFFFF723FD704781
S31508000AE400000020C40000204CF80008E0000020A4
S31508000AF430D00020FEE7000038B54FF47A730D4A6B
S31508000B04054611780C4AB3FBF1F31268B2FBF3F00D
S31508000B1400F0EEF808B90F2D01D9012038BD0446B6
S31508000B24024629464FF0FF3000F05EF8034B204694
S31508000B341D6038BD040000200000002008000020C5
S31508000B44074A08B51368032043F01003136000F03E
S31508000B542DF80F20FFF7D0FFFFF728FE002008BD69
S31508000B6400200240034A044B11681B780B441360A7
S31508000B74704700BF0803002004000020014B1868D2
S31508000B84704700BF0803002038B50446FFF7F6FF90
S31508000B94631C054602D0044B1B781C44FFF7EEFF82
S31508000BA4401BA042FAD338BD04000020C31E042B00
S31508000BB410B504460ED84FF6FF0009492302CA6841
S31508000BC403F4E0630240134343F0BF6343F4003382
S31508000BD4CB6010BD91210348FFF7C2FCEBE700BFC9
S31508000BE400ED00E05CE800080F2A70B516460546D5
S31508000BF40C4634D80F2C2DD81B4BDB68C3F30223C1
S31508000C04C3F10702042A03F1040128BF04220629B2
S31508000C1417D9D91E4FF0FF338B4026EA03064FF047
S31508000C24FF33934024EA03038B4033431B01002D0F
S31508000C34DBB209DB05F1604505F5614585F8003346
S31508000C4470BD00263146EAE7084A05F00F052A442E
S31508000C54137670BDAA210648FFF782FCCCE7A921C2
S31508000C640348FFF77DFCC5E700ED00E0FCEC00E077
S31508000C745CE80008002808DB012300F01F01054A88
S31508000C8440098B4042F820307047BD210248FFF7DF
S31508000C9467BC00BF00E100E05CE8000800280DDB43
S31508000CA401220849430900F01F002033824041F815
S31508000CB42320BFF34F8FBFF36F8F7047CD210248B0
S31508000CC4FFF74EBC00E100E05CE80008BFF34F8F75
S31508000CD40549064BCA6802F4E0621343CB60BFF3C6
S31508000CE44F8F00BFFDE700BF00ED00E00400FA05E2
S31508000CF40138B0F1807F01D3012070474FF0E0231B
S31508000D044FF0F00C0022072110B4044C586184F803
S31508000D1423C010469A6110BC1961704700ED00E0C3
S31508000D24C8B10E4B026810B59A42044603D068212E
S31508000D340B48FFF715FC637903F0FF021BB1012387
S31508000D446371002010BD20462271FFF795FA01232E
S31508000D546371002010BD0120704700BF00300240B7
S31508000D6498E80008022310B48446046843713AB12B
S31508000D74043901EB820251F8043F8A422360FAD10E
S31508000D84012320688CF8053010BC704790F82120A0
S31508000D940346022A06D004229A630022012083F815
S31508000DA4202070474FF0010C1A680020116821F0C2
S31508000DB40E011160116821F001011160D3E90F12C7
S31508000DC40CFA02F24A60002283F821C083F8202034
S31508000DD4704700BF806B70472DE9F04FA84B064655
S31508000DE498420F4683B01BD003F58063984217D008
S31508000DF403F58063984213D003F5806398420FD0B5
S31508000E0403F5806398420BD003F58063984207D0B4
S31508000E1403F58063984203D0BD219A48FFF7A0FBE7
S31508000E243B689AB21AB1B3F5803FC0F02381BE215C
S31508000E349448FFF795FB7A68012A0BD9924B9A4294
S31508000E4408D064D8A3F580139A4203D050D98F4B9F
S31508000E549A4252D13B68002B56D04FF00009DFF86E
S31508000E6420B24D46DFF828A28A4A03E0013533FA50
S31508000E7405F149D00124AC4034EA030104EA030825
S31508000E84F4D15E4519D0844B9E4216D0964214D0AE
S31508000E9403F500639E4210D003F580639E420CD08E
S31508000EA403F580639E4208D003F580639E4204D00E
S31508000EB4CD217448FFF754FB764A7B68122B00F25F
S31508000EC4B880122B40D8DFE813F0C1000A010301E9
S31508000ED419013F003F003F003F003F003F003F002D
S31508000EE43F003F003F003F003F003F00FC00F50085
S31508000EF4032AAFD9113A012AACD9BF216148FFF7B1
S31508000F042FFB3B68002BA8D103B0BDE8F08F634BD9
S31508000F149A429FD0A3F5702322F480129A4299D05C
S31508000F24BF215848FFF71CFBEBE7A1F580118B425C
S31508000F3400F08C8001F570218B4200F08780A1F5C2
S31508000F4480118B4200F08280B8F1FF0F00F289808D
S31508000F543446A9000F20236809FA01FC00FA01F1B6
S31508000F6423EA010343EA0C0323607B68D9007FD58F
S31508000F74DAF8181005F0030441F00101CAF818104C
S31508000F84DAF81810A40001F001010191019925F07D
S31508000F94030101F1804101F58031D1F808C0A04070
S31508000FA45E452CEA00001ED0DFF8ECC0664500F06A
S31508000FB4AE80DFF8E0C0664500F0A380DFF8E0C045
S31508000FC4664500F0BA80DFF8DCC0664500F0D080DC
S31508000FD4DFF8D4C066450CBF4FF0050C4FF0060C7D
S31508000FE40CFA04F4204388603048DC0281684CBF5C
S31508000FF441EA080121EA080181602C489C02C1687B
S315080010044CBF41EA080121EA0801C16027489C034C
S3150800101441684CBF41EA080121EA080141602349B5
S3150800102413F4803F0B6820D043EA08030B603B683F
S315080010341CE71F498B4209D07FF677AF17498B42C5
S3150800104404D001F580318B427FF47EAFBB68022B56
S315080010546AD8002B61D1B8F1FF0F4FF004097FF667
S3150800106477AFA9002039341D74E723EA08030B6017
S315080010743B68FBE67A68012A3FF6E0AEEDE600BF78
S3150800108400080140D0E800080000211000001210F2
S315080010940010024000100140000C0140000031100D
S315080010A40014014000180140001C014000040140DE
S315080010B400002210FB68591E022952D803F10C09B4
S315080010C442E7FB68591E022944D803F104093BE7A1
S315080010D4FB68591E022936D803F1080934E7D7F8FC
S315080010E40C9009F1FF33022B7FF62EAFD521234846
S315080010F4FFF736FAD7F80C90214A25E74FF000098E
S3150800110422E74FF0020C0CFA04F420436BE74FF085
S31508001114010C0CFA04F4204365E7012B4FF0080987
S315080011240CBF346174610FE7F7211448FFF718FA06
S31508001134BB68134A002B8ED0EFE74FF0030C0CFA6A
S3150800114404F420434FE7E3210C48FFF709FAFB6848
S315080011540B4AC1E7DC210948FFF702FAFB68084A8B
S31508001164B3E7EA210548FFF7FBF9FB68044AA5E754
S315080011744FF0040C0CFA04F4204334E7D0E80008D2
S31508001184001001402DE9F84F5F4B044698420D467E
S315080011941CD003F58063984218D003F580639842FF
S315080011A414D003F58063984210D003F580639842FF
S315080011B40CD003F58063984208D003F580639842FF
S315080011C404D04FF4B4715148FFF7CAF9ABB2002BF7
S315080011D478D0B5F5803F80F08680002001274FF04F
S315080011E40F094FF0040A0346494E51E00EF5806E86
S315080011F4744570D0DFF81CE174456FD0DFF818E148
S31508001204744576D0DFF814E1744577D0DFF810E139
S31508001214744514BF4FF0060E4FF0050E0EFA02F28F
S3150800122490456FEA010E15D1326802EA0E02326061
S31508001234726802EA0E027260F26802EA0E02F2604C
S31508001244B26802EA0E02B260DCF8082022EA0B024F
S31508001254CCF80820FF299ABFA446014604F1040CD9
S31508001264DCF8002088BFA0F1200109FA01F822EA77
S3150800127408020AFA01F10A43CCF80020E26802EAF5
S315080012840E02E260013335FA03F200F1040020D0BD
S3150800129407FA03F212EA0501F4D023F0030C0CF161
S315080012A4804CDFF864E00CF5803C03F00302DCF8BC
S315080012B40880920009FA02FB74450BEA080895D1DE
S315080012C40022ADE740F269111048FFF749F9002DED
S315080012D483D1BDE8F88F07FA02F2A1E74FF0020EB0
S315080012E40EFA02F29CE740F269110848FFF738F94A
S315080012F473E74FF0030E0EFA02F291E74FF0040E6D
S315080013040EFA02F28CE700BF00080140D0E8000894
S315080013140004014000100140001401400018014077
S31508001324001C014038B505460C4629B183681942A4
S3150800133414BF0120002038BD4FF4DA710248FFF7C4
S315080013440FF92046AB6838BDD0E8000870B50646E4
S315080013540C46154661B1012D03D805B92404346138
S3150800136470BD40F2D5110548FFF7FAF8346170BD2F
S315080013744FF4EA710148FFF7F3F8ECE7D0E8000800
S31508001384002800F02C8138B5964A0368044693422F
S3150800139408D002F58062934204D040F2DB119248E9
S315080013A4FFF7DEF86368914A013B934200F2FF8037
S315080013B4A36833F4804340F0D880E368B3F5806FBC
S315080013C480F0DD80236923F40043B3F5804F04D00D
S315080013D440F2DF118448FFF7C3F86369012B00F272
S315080013E4D480A36933F0FE0340F0D980E36933F06F
S315080013F4400304D04FF4F1717B48FFF7B1F8236A30
S3150800140433F0800340F09F8094F83D3003F0FF02E8
S31508001414002B00F0A4802422236884F83D201A684F
S3150800142422F001021A601A6842F400421A601A6825
S3150800143422F400421A6000F0B3FC63686C4A9342D3
S315080014444FD86C4A904240F2B0806B4D5A00A5FBC7
S315080014540035431EB3FBF2F340F6FC7C2268A90C64
S315080014645068013120F03F0040EA95405060106A08
S31508001474013320F03F0001431162D16913EA0C0FCE
S3150800148421F44F4121F0FF0140F0978004230B43D8
S31508001494D3611168D4E9073021F0C00103430B4333
S315080014A413609168D4E9030321F40341034321F04B
S315080014B4FF010B439360D068D4E9053120F0FF009F
S315080014C40B430343D3601368002143F001031360FD
S315080014D42023216484F83D30216384F83E100846AD
S315080014E438BD464A904260D9434A454DA2FB002C72
S315080014F44FF496724FEA9C4102FB01F12268A5FB60
S3150800150401515568890925F03F0545EA9C4555600A
S31508001514156A013125F03F0529431162D169A56889
S3150800152421F44F41013821F0FF01002D48D103EB86
S315080015344303B0FBF3F30133C3F30B03002B4CD083
S3150800154443F40043A3E740F2E3112748FFF708F8FA
S3150800155494F83D3003F0FF02002B7FF45CAF20467D
S3150800156484F83C20FEF764FF55E740F2DD111E4877
S31508001574FEF7F6FFE368B3F5806FFFF423AF4FF485
S31508001584EF711948FEF7ECFF1CE74FF4F0711648A3
S31508001594FEF7E6FFA36933F0FE033FF427AF40F2F4
S315080015A4E1111148FEF7DCFF20E7012038BD4FF4AE
S315080015B4EE710D48FEF7D4FFFAE6C3F30B0366E7AC
S315080015C403EB830303EB8303B0FBF3F30133C3F3A6
S315080015D40B0313B143F4404359E7012357E70120AA
S315080015E4704700BF005400400CE900087F1A060043
S315080015F4A08601007F841E0083DE1B43FF083D008E
S31508001604D34D62100122014B1A62704700000E4244
S31508001614002800F06B822DE9F0410368044682B085
S31508001624002B48D01E0700F0C781DD0740F1B280C1
S31508001634636833F4803203D0B3F5A02F40F0988161
S31508001644A24A536803F00C03042B00F09A805368EB
S3150800165403F00C03082B00F090806368B3F5803F11
S3150800166400F07381002B00F0AE81B3F5A02F00F0D3
S315080016740582964B1A6822F480321A601A6822F494
S3150800168480221A6066E1914A136A43F001031362E1
S31508001694FFF774FA41F2883806468C4F05E0FFF7DF
S315080016A46DFA801B404500F283813B6A9B07F6D599
S315080016B4002D40F0DD81E369022B00F23C81002B0A
S315080016C457D0824D6A6802F00C02082A00F0BF81DE
S315080016D4022B40F0E881236A33F4803304D040F2C5
S315080016E4B6217B48FEF73CFF636A33F4402212D0E6
S315080016F4B2F5801F0FD0B2F5001F0CD023F4802258
S31508001704B2F5401F07D0B3F5601F04D040F2B721E5
S315080017146F48FEF725FF00226E4B6C4E1A66FFF7DC
S315080017242DFA054605E0FFF729FA401B022800F2C0
S315080017343F8133689901F6D4226AB2F5803F00F0F6
S31508001744C3810120614D616A6B6823F474130B43EA
S31508001754604913436B600866FFF710FA044605E010
S31508001764FFF70CFA001B022800F222812B689A0163
S31508001774F6D5002002B0BDE8F0815368D8037FF59A
S315080017846CAF524B1B68990303D56368002B00F0B2
S315080017949A8023689F072FD52369012B00F2A2801C
S315080017A463691F2B00F2A780484B5A6812F00C0F86
S315080017B400F082805A6802F00C02082A79D023695C
S315080017C4002B00F033810122424B404E1A60FFF78A
S315080017D4D5F9054605E0FFF7D1F9401B022800F2C2
S315080017E4E78033689807F6D53368626923F0F80307
S315080017F443EAC203336023681A0725D5A369012B74
S3150800180400F29080002B7CD00122324B2F4EC3F875
S315080018148024FFF7B3F9054605E0FFF7AFF9401B47
S31508001824022800F2C580736A9B07F6D52A4B2B4A11
S315080018341B68A2FB03235B0A019300BF019B5A1E84
S315080018440192002BF9D123685D077FF534AFE3686D
S31508001854012B06D9052B04D040F20F211C48FEF7AC
S315080018647FFE1A4BDA69D00000F1C3800125DA69D4
S3150800187442F08052DA61DB6903F080530093009BDF
S31508001884174E3368D90540F18380E368012B3FF48A
S31508001894FAAE002B00F0AF80052B0C4B1A6A00F049
S315080018A4FA8022F001021A621A6A22F004021A6203
S315080018B4EEE65B68DE0382D4044B1B689D075DD5A0
S315080018C42369012B5AD0012054E700BF00100240B7
S315080018D444E900080000424200000020D34D62108B
S315080018E40070004040F29F118148FEF739FE636993
S315080018F41F2B7FF659AF4FF4D0717D48FEF730FEA3
S3150800190452E77C4A7C4EC2F88034FFF737F905461D
S3150800191404E0FFF733F9401B022849D8736A9F0786
S31508001924F7D490E74FF4F0717148FEF719FEA369EE
S31508001934002BE6D068E740F2AD216D48FEF710FEAD
S31508001944E369002B7FF4BDAE13E76B4A136843F4CF
S3150800195480331360FFF712F9674E054604E0FFF774
S315080019640DF9401B642823D833689A03F7D510E782
S3150800197440F26B115E48FEF7F3FD61E65E4A616963
S31508001984136823F0F80343EAC1031360236833E7B3
S31508001994336843F480733360FFF7F0F80746336817
S315080019A4DA053FF572AFFFF7E9F8C01B6428F6D9E4
S315080019B4032002B0BDE8F08140F265114C48FEF7F9
S315080019C4CFFD236831E64C4D2B6823F480332B6016
S315080019D42B6823F480232B60FFF7D0F8064604E02F
S315080019E4FFF7CCF8801B6428E2D82B689B03F7D44E
S315080019F4CFE6002544E7404E41F28838336A23F09F
S31508001A0401033362336A23F004033362FFF7B6F83B
S31508001A14074604E0FFF7B2F8C01B4045C8D8336A46
S31508001A249807F7D4002D3FF446AE21E0314A324EEA
S31508001A341360FFF7A3F8054604E0FFF79FF8401B79
S31508001A440228B5D833689907F7D42368D4E6012B56
S31508001A543FF439AF6B68226A03F4803191427FF40C
S31508001A6432AF606A03F47013181A18BF012081E6AE
S31508001A74214AD36923F08053D3611CE603F18043DA
S31508001A84A3F53C331A6842F480221A601A6842F4B1
S31508001A9480321A605EE742F004021A621A6A42F059
S31508001AA401021A62F4E50022124B1A66FFF766F879
S31508001AB4044605E0FFF762F8001B02283FF678AFF4
S31508001AC42B689B01F6D454E6A16831F4003306D09A
S31508001AD440F2CD210648FEF743FDA168226A06486E
S31508001AE4436823F400330B4343602AE60120704716
S31508001AF444E900080000424200100240002800F0B1
S31508001B04FF8003682DE9F0411B0704460D4600F0E3
S31508001B14CF80022D00F2C680834A136803F00703B8
S31508001B24AB420CD2136823F007032B4313601368E4
S31508001B3403F00703AB4202D00120BDE8F081236815
S31508001B449F0728D55E0704D578494A6842F4E062B7
S31508001B544A60180704D575494A6842F460524A60CF
S31508001B64A26892B1C02A10D000F2C180A02A0CD073
S31508001B7400F2B98022F01001802906D040F25D31C6
S31508001B846B48FEF7EDFCA26823686848416821F0B3
S31508001B94F0010A434260D90726D56368022B00F28E
S31508001BA4B580624A012B126800F0AC80022B00F063
S31508001BB496809607C0D55D4E41F28838726822F041
S31508001BC4030213437360FEF7D9FF074605E0FEF7E1
S31508001BD4D5FFC01B404500F2A0807368626803F015
S31508001BE40C03B3EB820FF2D14F4A136803F00703D1
S31508001BF4AB4209D9136823F007032B431360136810
S31508001C0403F00703AB4297D12368580718D5E16850
S31508001C1431F480620ED021F40072B2F5A06F09D0B7
S31508001C24B1F5C06F06D040F2A2314148FEF798FCE0
S31508001C34E16823683D48426822F4E0620A43426048
S31508001C44190718D5226932F480630DD022F400737B
S31508001C54B3F5A06F08D0B2F5C06F05D040F2A9312C
S31508001C643348FEF77DFC226930494B6823F46053F8
S31508001C7443EAC2034B602D494A6802F00C03082B59
S31508001C841CD02C4B294A2C4852682C49C2F30312FF
S31508001C94805C2B4AC34008681360FEF72DFF0020BA
S31508001CA4BDE8F08140F237312148FEF759FC33E7A5
S31508001CB440F236311E48FEF753FC2AE72148C2F3A0
S31508001CC48343D203C35C2AD51A484A6800FB03F344
S31508001CD41D49C2F340428A5CB3FBF2F3D2E797018B
S31508001CE43FF569AF28E7B02A3FF44FAF46E7E02A45
S31508001CF43FF44BAF22F02001D0297FF43FAF44E7ED
S31508001D040120704792033FF556AF15E74FF4597112
S31508001D140748FEF725FC636843E703200DE70B4AEB
S31508001D2402FB03F3AEE700BF0020024000100240A6
S31508001D3444E9000800127A004CE80008080000206C
S31508001D440000002080E900087CE9000800093D003D
S31508001D540E4A536803F00C01082901D00C48704751
S31508001D640C48C3F38341DB03405C0AD5084953682E
S31508001D7401FB00F0084AC3F34043D35CB0FBF3F01D
S31508001D847047064B03FB00F0704700BF0010024083
S31508001D9400127A0080E900087CE9000800093D0081
S31508001DA4044B054A5B680549C3F30223CB5C1068F8
S31508001DB4D8407047001002400000002044E800089C
S31508001DC4044B054A5B680549C3F3C223CB5C106818
S31508001DD4D8407047001002400000002044E800087C
S31508001DE42DE9F04103680446DD0682B063D0D807BE
S31508001DF439D5636833F440737BD1474BDA69D1002C
S31508001E045FD4DA69454D42F08052DA61DB6901260E
S31508001E1403F080530193019B2B68DA0556D53E4D92
S31508001E2461682B6A13F4407311D001F440729A4224
S31508001E340DD0002001272B6A394A23F44071C2F8D1
S31508001E444074C2F84004D807296257D46168324AF4
S31508001E54136A23F440730B4313621EB1D36923F048
S31508001E648053D36123689A070FD5A16831F4404299
S31508001E7405D0B7212B48FEF773FBA16823682648CB
S31508001E84426822F440420A434260DB060FD562697F
S31508001E9432F4800305D040F213112248FEF760FBA2
S31508001EA462691D494B6823F4800313434B60002081
S31508001EB402B0BDE8F0816A211A48FEF751FB23688F
S31508001EC495E7164D00262B68DA05A8D42B6843F443
S31508001ED480732B60FEF752FE07462B68DB059ED4FB
S31508001EE4FEF74CFEC01B6428F7D9032002B0BDE8F0
S31508001EF4F08172210B48FEF733FB7EE7FEF73EFEC0
S31508001F0441F2883807462B6A99079FD4FEF736FEAE
S31508001F14C01B4045F7D9E8E70010024000700040AE
S31508001F240000424290E90008C10610B5044622D0D2
S31508001F34013C0F2C19D8DFE804F00824181A1818DD
S31508001F44181A181818181818182F40F202322E4999
S31508001F540B6A1A40B2F5817F52D003F44073B3F585
S31508001F64007F45D0B3F5407F2FD0002010BDBDE8D3
S31508001F741040FFF7EDBE4FF4CA712448FEF7F0FA95
S31508001F84D6E7FFF71DFF204B5B68C3F381330133A4
S31508001F945B00B0FBF3F010BD1B4B5A68186810F0D1
S31508001FA48070E3D01A48C2F38341D203405C14D448
S31508001FB4184B03FB00F0144B5B685B02D6D4164B34
S31508001FC44000A3FB0030400810BD4FF224430868C4
S31508001FD410F4003018BF184610BD5B680F4AC3F3E7
S31508001FE44043D25C0E4BB3FBF2F303FB00F0E2E78B
S31508001FF449F64043486A10F0020018BF184610BD57
S315080020044FF4004010BD00BF0010024090E90008DC
S31508002014D0E9000800093D00ABAAAAAACCE9000841
S3150800202400127A00002800F09D8038B502684E4BED
S3150800203404469A4204D04FF48F714C48FEF790FA3E
S31508002044A36833F080026BD16FF480126368A3F53A
S31508002054801393426FD3637C03F0FF02002B74D082
S31508002064022322686374536823F008035360FEF757
S3150800207485FD054605E0FEF781FD431BB3F57A7F2A
S315080020844AD823685B681B07F5D5FEF777FD05462E
S3150800209405E0FEF773FD401BB0F57A7F3CD823684C
S315080020A45A689006F5D55A68A06842F010025A6034
S315080020B45A6822F007025A6020B12D490A6B22F0A9
S315080020C401020A632A49CA6A22F460720243CA628E
S315080020D46268511C3ED0C2F3034192B29960DA6039
S315080020E45A6822F010025A60FEF748FD054605E0D4
S315080020F4FEF744FD401BB0F57A7F0DD823685B686C
S315080021049B06F5D5002340F201110122E373A4F8D6
S315080021140D106274184638BD04236374012038BD53
S3150800212423F40073B3F5807F8ED040F21F110F4855
S31508002134FEF716FA88E74FF490710C48FEF710FA82
S31508002144637C03F0FF02002B8AD120462274FEF733
S3150800215437FA85E70120FFF7E7FE0028DCD0236875
S31508002164421EB8E70120704700280040E0E900084D
S31508002174006C004000283AD038B50D4699B30B6870
S315080021840446012B22D16B6833F0020303D05A218B
S315080021941848FEF7E5F9237C012B26D002234FF0D5
S315080021A4010C154984F810C06374CB6A13F4C07320
S315080021B415D1D5E90025086B2A4320F0030002430C
S315080021C40A6384F811C02374184638BD592109488E
S315080021D4FEF7C6F96B6833F00203D8D1DBE70422AD
S315080021E4002362742374012038BD022038BD0120FF
S315080021F4704700BF18EA0008006C00402DE9F04358
S31508002204984683B015460C4607460A9EFEF7B6FC62
S315080022144644361AFEF7B2FC2C4BB8F1FF3F1A684F
S3150800222418BF8146C2F3CB3206FB02F201923A6822
S3150800223419D1936834EA03030CBF012300239D4292
S31508002244F7D1002003B0BDE8F083FEF797FCA0EBB6
S315080022540900B04210D2019B3A68002B08BF002639
S31508002264019B013B0193936834EA03030CBF0123E2
S315080022740023AB42E9D1E4E7D7E900315A68B1F55E
S31508002284827F22F0E0025A6013D0BA6AB2F5005F80
S3150800229407D11A6822F400521A601A6842F40052E6
S315080022A41A6001220023032087F8512087F850304A
S315080022B4C8E7BA68B2F5004F02D0B2F5806FE4D128
S315080022C41A6822F040021A60DFE700BF0000002007
S315080022D4002800F00481F8B5914A0368044693423D
S315080022E40CD0A2F57842934208D002F58062934254
S315080022F404D04FF4AC718B48FEF732F963683BB1EE
S31508002304B3F5827F04D040F259118648FEF728F9BE
S31508002314A36833F4806240F08280E36833F4006390
S3150800232404D040F25B117F48FEF71AF9A36933F427
S31508002334007203D0B3F5802F40F0C780E36983B1F8
S31508002344182B40F2A980203B182B05D84FF00132F0
S3150800235422FA03F3DE0704D440F25D117148FEF74E
S31508002364FFF8236A33F0800363D1636A002B68D1CC
S31508002374236933F0020340F0A2806369012B04D970
S3150800238440F265116748FEF7EBF86368B3F5827F98
S3150800239400F0A7800023E361002094F85130A0627E
S315080023A403F0FF02002B00F08180D4E901320226F3
S315080023B44FF0010C002502F4044203F4827313431C
S315080023C4E26884F85160266902F40062134306F051
S315080023D4020633436669A169276A06EA0C0633438B
S315080023E4E66907F0800E01F4007706F038063B43E9
S315080023F42268334343EA0E0303431068090C01F0C9
S31508002404040120F04000106013605160D369284627
S3150800241423F40063D361656584F851C0F8BDB3F548
S31508002424004F3FF47AAF4FF4AD713E48FEF798F883
S3150800243473E74FF4AF713B48FEF792F8636A002BD3
S3150800244496D040F261113748FEF78AF8636A002B82
S315080024548ED0E3697BB1182B11D9203B182B05D8EC
S315080024644FF0013222FA03F3DA0704D440F2731167
S315080024742C48FEF775F80023C4E904338CE7072BC8
S31508002484F4D9294A22FA03F3DB07F4D440F2731188
S315080024942448FEF765F8EEE7072B7FF65DAF224A78
S315080024A422FA03F3DD077FF557AF5AE7204684F887
S315080024B45020FEF7E9F8A06A00F4005075E74FF4D7
S315080024C4B2711848FEF74CF857E74FF4AE71154841
S315080024D4FEF746F8E369002B3FF443AF30E70120E3
S315080024E47047E369002B3FF457AF182B0FD9203BED
S315080024F4182B06D84FF0013222FA03F3D8073FF512
S315080025044BAF40F269110748FEF72AF844E7072B50
S31508002514F7D9054A22FA03F3D907F2D53CE700BFEF
S315080025240030014054EA00080001010128B3036899
S31508002534134A10B5934204460DD0A2F57842934245
S3150800254409D002F58062934205D04FF4EC710D4828
S31508002554FEF706F82368022284F851201A682046F2
S3150800256422F040021A60FEF7FBF80023636584F83C
S31508002574503084F85130184610BD0120704700BF0A
S315080025840030014054EA00082DE9F0411D468368ED
S31508002594044633F400430F46904684B004D040F210
S315080025A421318848FDF7DCFFFEF7E8FA94F8512054
S315080025B40646012AD3B27CD1002F76D0B8F1000F93
S315080025C473D094F85020012A73D0032284F850302B
S315080025D4002384F85120A3636365A387A4F836808F
S315080025E42364E3876364A3682068B3F5004F014650
S315080025F42763A4F8348007D1036823F040030360F3
S31508002604036843F48043036003685B0656D5E368AE
S315080026146268B3F5006F5AD0002A40F09D803B7873
S315080026240373E38E226B013B01329BB22263E3867A
S31508002634E38E9BB2A3B1681C7DD123689A6891077F
S3150800264440F18F80226B12781A73E28E236B013A5B
S3150800265492B2E286E28E013392B22363002AECD167
S3150800266401222B46022120460096FFF7C7FD0246A3
S3150800267400287ED12B46802120460096FFF7BEFD12
S31508002684002876D1A36833B922680393D3680393E1
S3150800269493680393039B0123002284F85130636DE6
S315080026A484F850209B1A18BF0123184604B0BDE8C5
S315080026B4F0810223184604B0BDE8F0810368626815
S315080026C443F040030360E368B3F5006FA4D1002A1E
S315080026D46ED0B8F1010F6BD0E38E9BB2002BBFD03E
S315080026E46B1C5CD183689F070FD5226B32F8023BBB
S315080026F4C360E38E2263013B9BB2E386E38E9BB2FF
S31508002704002BADD083689F07EFD4FEF737FAE38E24
S315080027149BB2002BA4D02068E4E7226B12781A73C4
S31508002724E38E226B013B01329BB22263E386E38E7E
S315080027349BB2002B94D023689A689207EDD4FEF7CF
S315080027441DFA831BAB42F2D30123002284F85130CD
S3150800275484F850200323A8E7B8F1010F7FF468AF83
S315080027645DE7FEF70BFAE38E9BB2002B7FF465AFA9
S3150800277476E7636D43F0200363652023636581E789
S31508002784226B32F8023BCB60E38E2263013B9BB299
S31508002794E386E38E9BB2002B3FF462AF21688B6815
S315080027A49A07EDD4FEF7EAF9831BAB42F1D3CBE7DC
S315080027B437F8023BC360E38E2763013B9BB2E3868B
S315080027C48AE700BF54EA00082DE9F0431F468368E8
S315080027D485B00446884691460C9E002B40F08B80B3
S315080027E4FEF7CCF994F851300546012B6268D9B244
S315080027F407D0B2F5827F7AD1A368002B77D1042952
S3150800280475D1B8F1000F00F0F180B9F1000F00F0AE
S31508002814ED80002F00F0EA8094F85030012B66D042
S31508002824012384F8503094F851302168042B1CBFD6
S31508002834052384F8513000236365E787E786C4E9EE
S3150800284410330B68C4F838905806A787C4F8308044
S31508002854A78603D40B6843F040030B60E368B3F51B
S31508002864006F4ED0002A00F0AD80012F00F0AA8038
S315080028740127E38E9BB21BB9E38F9BB2002B7DD055
S315080028842268936899070FD5E38E9BB263B15FB14B
S315080028940027236B1B781373E38E226B013B0132EB
S315080028A422639BB22268E386936813F001030DD072
S315080028B4E18F89B251B1D2681F46A36B1A70A36B14
S315080028C40133A363E38F013B9BB2E387FEF756F913
S315080028D4401BB042CDD3731CCBD00123032084F80C
S315080028E45130002384F8503005B0BDE8F083022047
S315080028F405B0BDE8F0834FF495615748FDF730FEFF
S315080029046EE7002A74D1424632F8023BCB60E38E66
S315080029142263013B9BB2E386731C4FF0010725D063
S3150800292469E02268936898070DD5E38E9BB253B184
S3150800293447B1236B33F8021BD1602363E38E013B53
S315080029449BB2E3860027936813F001030CD0E18F4A
S3150800295489B249B1D2681F46A36B23F8022BA36335
S31508002964E38F013B9BB2E387FEF708F9E38E9BB23C
S31508002974002BD6D1E38F9BB2002BD2D1012233464A
S31508002984022120460095FFF739FC024628BB334648
S31508002994802120460095FFF731FCF0B9A36833B9C6
S315080029A422680393D368039393680393039B0122D2
S315080029B4002384F85120606D84F85030C01A18BF7B
S315080029C4012095E798F800300B73E38E226B013BE0
S315080029D401329BB22263E3864AE7636D202243F001
S315080029E4200363650023626584F8503001207FE77D
S315080029F4012F91D187E7E38E9BB21BB9E38F9BB274
S31508002A04002BBBD02268936899070DD5E38E9BB239
S31508002A1453B147B1236B33F8021BD1602363E38EAA
S31508002A24013B9BB2E3860027936813F001030CD09D
S31508002A34E18F89B249B1D2681F46A36B23F8022BEA
S31508002A44A363E38F013B9BB2E387FEF797F8401B2A
S31508002A54B042D0D341E700BF54EA00082DE9F04359
S31508002A641D4690F8513083B0012B75D15FFA83F86F
S31508002A7443680446B3F5827F1746894603D18368BB
S31508002A84002B00F0D080FEF779F80646B9F1000F5E
S31508002A945ED0002F5CD094F85030012B5CD0012214
S31508002AA484F850200422002384F85120A26821685F
S31508002AB4B2F5004F6365C4E910332363A386E78739
S31508002AC4C4F83890E386A7870B466CD00A68500684
S31508002AD403D40A6842F040020A60E268002A41D137
S31508002AE4E28F92B2CAB16F1C0ED074E01A7BA36B44
S31508002AF41A70E28FA16B013A92B2E287E38F013131
S31508002B049BB2A1634BB123689A68D007EED4FEF74B
S31508002B1435F8E38F9BB2002BF5D16368B3F5827F52
S31508002B2400F08B802B460022802120460096FFF772
S31508002B3465FB002840F098800123002284F8513070
S31508002B44636D84F85020B3EB020818BF4FF00108F0
S31508002B54404603B0BDE8F0834FF00208404603B090
S31508002B64BDE8F083E28F92B2002AD6D06A1C49D116
S31508002B748B68DB070FD5CA68A36B23F8022BE28F91
S31508002B84A363013A92B2E287E38F9BB2002BC4D0C7
S31508002B948B68DB07EFD4FDF7F1FFE38F9BB2002BBD
S31508002BA4BBD02168E4E70A6822F040020A600A6892
S31508002BB422F480420A6089E71A7BA36B1A70E38FB2
S31508002BC4A26B013B01329BB2A263E387E38F9BB2FC
S31508002BD4002BA2D023689A68D107EDD4FDF7CEFF5F
S31508002BE4831BAB42F2D315E0DB68A26B22F8023BE7
S31508002BF4E38FA263013B9BB2E387E38F9BB2002B6F
S31508002C048BD023689A68D207EED4FDF7B7FF831BE7
S31508002C14AB42F2D3012384F8513000234FF0030862
S31508002C2484F8503094E700950425134680F85150EB
S31508002C340A46FFF7C9FD80468AE7A368B3F5004F3D
S31508002C4419D0B3F5806F7FF46DAF21682B460A68F7
S31508002C54204622F040020A60002201210096FFF76E
S31508002C64CDFA00283FF468AF636D43F0200363652B
S31508002C742023636560E72268136823F04003136022
S31508002C8450E700BF002800F0DB8038B56D4A0368BA
S31508002C94044693421FD002F5006293421BD0B3F157
S31508002CA4804F18D0A2F59832934214D002F5806268
S31508002CB4934210D002F5806293420CD002F58062EA
S31508002CC4934208D002F58062934204D040F213116D
S31508002CD45D48FDF745FCA36833F010020AD023F0DB
S31508002CE44002202A06D0402B04D04FF48A71564855
S31508002CF4FDF736FC236933F4807234D14FF6FE723D
S31508002D04E368013B93423CD8A36933F0800341D17D
S31508002D1494F83D3003F0FF02002B46D002232268C4
S31508002D24484984F83D308A42136844D001F5006165
S31508002D348A4240D0B2F1804F70D0A1F598318A42C8
S31508002D446CD001F580618A4268D001F580618A42B7
S31508002D5464D0A5696168E06823F080032B43136097
S31508002D64D06291623AE0B3F5007FC7D040F21511FC
S31508002D743548FDF7F5FB4FF6FE72E368013B9342CF
S31508002D84C2D94FF48B713048FDF7EAFBA36933F0D7
S31508002D948003BDD040F217112B48FDF7E1FB94F8E8
S31508002DA43D3003F0FF02002BB8D1204684F83C20BE
S31508002DB4FDF7C2FDB2E7A06823F070032169034357
S31508002DC423F440730B43A16923F080030B43136078
S31508002DD4E368D36263689362636913630123536187
S31508002DE41369DB0703D5136923F001031361012370
S31508002DF484F8463084F83E3084F83F3084F840300E
S31508002E0484F8413084F8423084F8433084F84430F6
S31508002E1484F8453084F83D30002038BDA16823F095
S31508002E24700320690B4323F44073A169034323F019
S31508002E348003E0680B4361681360D0629162CDE752
S31508002E4401207047002C01408CEA0008294A0368CF
S31508002E5410B5934204461FD002F5006293421BD074
S31508002E64B3F1804F18D0A2F59832934214D002F5E4
S31508002E748062934210D002F5806293420CD002F528
S31508002E848062934208D002F58062934204D04FF4DC
S31508002E94E8711948FDF764FB94F83D30012B27D1F6
S31508002EA40222236884F83D20DA68124942F00102B6
S31508002EB48B42DA6011D0114A93420ED0B3F1804F97
S31508002EC40BD0A2F59832934207D002F5806293425A
S31508002ED403D002F58062934204D19A6802F007028D
S31508002EE4062A03D01A6842F001021A60002010BDAF
S31508002EF4012010BD002C01408CEA00080034014072
S31508002F04704700BF704700BF704700BF704700BFD7
S31508002F14036870B5DE681D690446A90701D5B207BA
S31508002F2451D4690701D572073AD42B0701D530075E
S31508002F3424D4EA0601D5F30610D4E80701D5F10727
S31508002F4457D42A0601D533065BD4680601D571061B
S31508002F545FD4AA0601D5B30642D470BD6FF010013A
S31508002F6408222368204619612277DB6913F4407F17
S31508002F7463D0FFF7C7FF00232377DEE76FF0080166
S31508002F8404222368204619612277DB69990751D1FF
S31508002F94FFF7B6FF2046FFF7B7FF00232377C8E7F6
S31508002FA46FF00401022223682046196122779B697F
S31508002FB413F4407F3BD1FFF7A3FF2046FFF7A4FF96
S31508002FC400232377B1E76FF002021A610122027720
S31508002FD49B699B0725D0FFF795FF00232377A0E776
S31508002FE46FF0200223682046BDE870401A6100F09D
S31508002FF4ADB86FF00102236820461A6103F0CAFBD4
S315080030049FE76FF08002236820461A6100F0A0F853
S315080030149BE76FF04002236820461A61FFF776FFA4
S3150800302497E7FFF76DFF2046FFF76EFFD5E7FFF733
S3150800303469FFC5E7FFF766FFAFE7FFF761FF2046BD
S31508003044FFF762FF97E700BF38B53D4A03680446B1
S3150800305493420D461FD002F5006293421BD0B3F18A
S31508003064804F18D0A2F59832934214D002F58062A4
S31508003074934210D002F5806293420CD002F5806226
S31508003084934208D002F58062934204D040F2A971B3
S315080030942C48FDF765FA2B6833F040020CD0402B18
S315080030A444D9602B08D023F02003502B04D040F2D7
S315080030B4AA712448FDF754FA6B6833F0800304D0E8
S315080030C440F2AB711F48FDF74BFA94F83C30012BDC
S315080030D433D00222236884F83D205A6829681848A0
S315080030E422F070020A43834299685A6011D0164A3C
S315080030F493420ED0B3F1804F0BD0A2F59832934287
S3150800310407D002F58062934203D002F580629342A7
S3150800311404D16A6821F080011143996000230122D1
S3150800312484F83C3084F83D20184638BD202BC3D09B
S3150800313423F02003102BBAD1BEE7022038BD00BF06
S31508003144002C0140C4EA000800340140704700BF5F
S31508003154704700BF38B54268344B04469A4255D87E
S31508003164E36833F4005304D040F676613048FDF73B
S31508003174F7F9236933F4806202D0B3F5C06F4FD1EF
S315080031844FF6F3736069184239D1002837D023689B
S31508003194E1681A69256922F440520A431A61D96812
S315080031A4A26821F4B05121F00C012A430A430243D0
S315080031B4DA605A69A0691F4922F4407202438B42B5
S315080031C45A6129D0FEF7ECFD0346626803EB8303D4
S315080031D4920003EB8303B3FBF2F34FF0640C164936
S315080031E42068A1FB034252090CFB12331B0132333C
S315080031F4A1FB0313120102EB5312826038BD0C487B
S3150800320440F67861FDF7ACF96069C0E740F6756188
S315080032140748FDF7A5F9A3E7FEF7D2FD0346D4E769
S3150800322440F677610248FDF79BF9A9E720AA44000E
S3150800323400EB0008003801401F85EB51002877D0C1
S31508003244826910B503680446002A44D039498B427A
S315080032545AD0A1F574418B4256D001F580618B4250
S3150800326452D04FF4B7713448FDF77AF9A269002AA7
S315080032744AD1A36833F4805304D040F275112E481A
S31508003284FDF76EF994F8413003F0FF02002B49D09C
S315080032942423226884F84130D368204623F4005353
S315080032A4D360FFF757FF00224FF0200C236810461F
S315080032B4196921F490411961596921F02A01596162
S315080032C4D96841F40051D960626484F841C084F82D
S315080032D442C0626310BD174A9342CAD0A2F574422B
S315080032E49342C6D002F580629342C2D002F5806248
S315080032F49342BED002F580629342BAD040F273116B
S315080033040D48FDF72DF9B4E722F40073B3F5807F71
S31508003314AFD0B2F5007FACD040F26F110648FDF786
S315080033241FF9A6E7204684F84020FDF75DFBAFE7C2
S31508003334012070470038014000EB00082DE9F843E6
S315080033441D4690F84130202B4BD1884609B11746C3
S3150800335412B90120BDE8F88321234FF00009044679
S31508003364C0F8449080F84130FDF708FCA368064687
S31508003374B3F5805FA784E78442D0E28C236892B2CF
S3150800338492B1681C22D11A681206FCD5B8F1000F4E
S3150800339422D018F8012B5A60E28C013A92B2E284E0
S315080033A4E28C92B2002AECD1691C25D11A6852061D
S315080033B4FCD52023002084F84130CBE7FDF7DEFB5B
S315080033C4801B854222D30DB32368DA681A68170668
S315080033D4F4D5B8F1000FDCD139F8022BC2F3080290
S315080033E4D9E70220BDE8F883FDF7C8FB831B9D4295
S315080033F40CD35DB12368DA681B685B06F4D5D8E795
S315080034042369002BB9D1C1469846B6E7202384F828
S3150800341441300320BDE8F8832DE9F0431F4690F8B0
S31508003424423083B0202B40F09E80884609B1164668
S315080034341AB9012003B0BDE8F08322234FF000092E
S315080034440446C0F8449080F84230C0F83090FDF73E
S3150800345495FBA3680546B3F5805FA685E68500F067
S3150800346486804E46E38D9BB2EBB17A1C236821D144
S315080034741A689106FCD5B8F1000F6ED0A268B2F5A9
S31508003484805F04D0002A64D12269002A61D15B686E
S31508003494DBB208F8013BE28D013A92B2E285E38D8C
S315080034A49BB2002BE1D12023002084F8423003B0DC
S315080034B4BDE8F0831A6812F02009DCD1FDF75EFB3B
S315080034C4401B87423ED3002F3CD02368DA6819464E
S315080034D45207EFD51A681007ECD5CDF804901A6888
S315080034E401925A680192019A03F10C0252E8002FDC
S315080034F422F490720C3343E8002058B101F10C030E
S3150800350453E8003F23F4907301F10C0040E80032BD
S31508003514002AF3D101F1140353E8003F23F0010311
S3150800352401F1140040E80032002AF3D1236B012B81
S3150800353424D000232021082284F8421084F840303D
S31508003544236362642023032084F8423003B0BDE871
S31508003554F0835B6803F07F039BE75B68C3F30803A8
S3150800356426F8023B97E7022003B0BDE8F0832369F7
S31508003574002B7FF476AF4646984673E701F10C03B1
S3150800358453E8003F23F0100301F10C0040E8003231
S31508003594002AF3D1CDE700BF90F84230202B20D182
S315080035A401B10AB90120704710B44FF0220C002467
S315080035B48162016904630368C2858285446480F86C
S315080035C442C019B1DA6842F48072DA605A69002096
S315080035D442F001025A61DA6810BC42F02002DA604D
S315080035E470470220704700BF10B50446036803F10C
S315080035F40C0252E8002F22F4F07203F10C0040E8A2
S3150800360400210029F3D103F1140252E8002F22F015
S31508003614010203F1140040E800210029F3D1226BCA
S31508003624012A3BD05A69110622D45A69520613D57F
S3150800363403F1140252E8002F22F0400203F11400A9
S3150800364440E800210029F3D1E06B28B10023436345
S31508003654FDF79CFB002837D100232022E384E38569
S31508003664636484F8422084F841201846236310BD15
S3150800367403F1140252E8002F22F0800203F1140029
S3150800368440E800210029F3D1A06B0028CDD00023FF
S315080036944363FDF77BFB70B92368C6E703F10C02A5
S315080036A452E8002F22F0100203F10C0040E8002132
S315080036B40029F3D1B6E7A06BFDF78CFB2028EBD1E4
S315080036C410230320636410BDE06BFDF783FB2028F9
S315080036D4C2D1F5E790F8412090F8420010437047AC
S315080036E408B50349034802F025FB034B187008BDC7
S315080036F40C0300200C000020100300200020704753
S3150800370408B500F049FA024B1870187808BD00BFCE
S315080037142000002008B500F057FB024B18701878F3
S3150800372408BD00BF2000002000F058BB00F0B0BB65
S3150800373400F054BC2DE9F04385B08146FDF71EFA26
S31508003744C8232B4D2B4C4FF0FF0832272A4E2860EE
S31508003754236006E0FDF712FA2A682368801A98425D
S3150800376442D2012330460DF10F020DF10E010097E6
S315080037748DF80E80FFF728F89DF80F30FF2BE9D057
S31508003784FE2B31D1FF2532261B4F09F1FF3409F2EE
S31508003794FF19012338460DF10F020DF10E010096AB
S315080037A48DF80E50FFF710F89DF80F3004F8013F16
S315080037B44C45EED10DF10F020DF10E0101230096D1
S315080037C40D488DF80E50FEF7FFFF01230DF10F0289
S315080037D40DF10E01009608488DF80E50FEF7F4FF19
S315080037E4012005B0BDE8F083002005B0BDE8F083EC
S315080037F41803002014030020D00100202DE9F04707
S3150800380484B081468A46FDF7B9F9C8232B4D2C4C5A
S315080038144FF0FF0832272B4E2860236006E0FDF799
S31508003824ADF92A682368801A984243D201233046A0
S315080038340DF10F020DF10E0100978DF80E80FEF7BB
S31508003844C3FF9DF80F30FF2BE9D0FE2B32D1FF259D
S3150800385432260AF1FF3A1B4F09F1FF34D1440123FA
S3150800386438460DF10F020DF10E0100968DF80E5033
S31508003874FEF7AAFF9DF80F3004F8013F4C45EED138
S315080038840DF10F020DF10E01012300960D488DF876
S315080038940E50FEF799FF01230DF10F020DF10E01EB
S315080038A4009608488DF80E50FEF78EFF012004B0E6
S315080038B4BDE8F087002004B0BDE8F08718030020AF
S315080038C414030020D00100202DE9F04385B080467A
S315080038D48946FDF753F9FF2732250446374E05E096
S315080038E4FDF74CF9001BB0F5FA7F20D201233046C8
S315080038F40DF10F020DF10E0100958DF80E70FEF70D
S3150800390463FF9DF80F30FF2BEAD101232B4800955E
S315080039140DF10F020DF10E018DF80E90FEF754FF0E
S31508003924B9F1FD0F07D1012005B0BDE8F0830020E9
S3150800393405B0BDE8F0833225204E08F1FF3408F2BD
S31508003944FF1814F8011F01238DF80E1030460DF1E7
S315080039540F0200950DF10E01FEF736FF4445F0D12E
S31508003964FF240DF10F020DF10E01012300951348F2
S315080039748DF80E40FEF728FF0DF10F020DF10E012A
S31508003984012300950D488DF80E40FEF71DFF01230F
S315080039940DF10F020DF10E01009508488DF80E4041
S315080039A4FEF712FF9DF80F0000F01F00A0F10500B6
S315080039B4B0FA80F0400905B0BDE8F083D0010020D4
S315080039C42DE9F04F030680468B4685B000F1D58075
S315080039D4B8F10C0F00F0BA80012210216C48FDF7EB
S315080039E4B5FC32276B48FF2482460DF10F060DF10C
S315080039F40E0501233246294600978DF80E40FEF738
S31508003A04E3FE002210216248FDF7A0FC012332469A
S31508003A142946504600978DF80E40FEF7D5FEFDF769
S31508003A24ADF8814607E0FDF7A9F8A0EB0900B0F563
S31508003A34FA7F80F090800123324629465046009743
S31508003A448DF80E40FEF7C0FE9DF80F30FF2BEAD125
S31508003A54322448F04003324629468DF80E304D4844
S31508003A6401230094FEF7B0FE4FEA1B670123324692
S31508003A742946484800948DF80E70FEF7A5FE4FEACD
S31508003A841B47012332462946424800948DF80E7096
S31508003A94FEF79AFE4FEA1B270123324629463D487C
S31508003AA400948DF80E70FEF78FFE012332462946E0
S31508003AB4384800948DF80EB0FEF786FEB8F1000F6C
S31508003AC428D1952232248DF80E2001233246294620
S31508003AD430480094FEF778FE0A244FF0FF094FF0A9
S31508003AE432082C4F0123324629463846CDF8008041
S31508003AF48DF80E90FEF768FE9DF90F209DF80F00CD
S31508003B04002A04F1FF3302DA13F0FF04EAD105B000
S31508003B14BDE8F08FB8F1080F38D001273246294698
S31508003B243B461C4800948DF80E70FEF74DFEB8F11E
S31508003B340C0FD1D14FF0FF0C3B4632462946009470
S31508003B4414488DF80EC0FEF73FFEC5E70DF10F06C3
S31508003B540DF10E057CE7012210210D48FDF7F6FB51
S31508003B6401233246294600970A488DF80E40FEF787
S31508003B742BFEFF2005B0BDE8F08F00213720FFF7A4
S31508003B841FFF0128C3D808F07F0821E7872299E791
S31508003B9400080140D0010020002844D12DE9F04F47
S31508003BA4834D87B02B789B0738D40A264FF0FF0835
S31508003BB43227804C2268136823F0380343F0300315
S31508003BC413600123204605AA0DF113010097013E4F
S31508003BD48DF81380FEF7F8FD16F0FF06F1D131468D
S31508003BE43046FFF7EDFE012881461ED00DF1120678
S31508003BF40024714B32271C70FF24012210216F48C0
S31508003C04FDF7A4FB012331466A480DF11302009718
S31508003C148DF81240FEF7D8FD01232B702878C0B220
S31508003C2407B0BDE8F08F01207047FCF7A7FF4FF4F3
S31508003C347A73DFF88C81634FC8F800004FF4D571A6
S31508003C4408203B60FFF7BCFE012860D105AB4FF0A6
S31508003C54FF0B994603930DF1180A0DF11206322348
S31508003C6431460093534801230DF113028DF812B01F
S31508003C74FEF7AAFD9DF8133009F8013BD145EED1AC
S31508003C849DF81630012BB3D19DF81730AA2BAFD166
S31508003C9405E04FF08041A920FFF792FE38B1FCF702
S31508003CA46DFFD8F800303A68C31A9342F1D3FCF78B
S31508003CB465FFD8F800303A68C31A934298D20021AF
S31508003CC43A20FFF77DFE002892D14FF0FF094FF006
S31508003CD43208384FDDF80CB0012331463846CDF8A2
S31508003CE400800DF113028DF81290FEF76DFD9DF814
S31508003CF413300BF8013BD345EED19DF8143013F07D
S31508003D04400F14BF4FF00C0A4FF0040A2CE031465A
S31508003D14A920FFF755FE012896BF4FF0A9094FF0D1
S31508003D24010A4FF0020A04E000214846FFF748FE5C
S31508003D3438B1FCF723FFD8F800203B68801A98426C
S31508003D44F2D3FCF71BFFD8F800303A68C31A93423B
S31508003D54BFF44CAF4FF400711020FFF731FE0DF19C
S31508003D64120600287FF444AF134B0122102113488E
S31508003D7483F800A0FDF7EAFAFF2332200DF11302B7
S31508003D8400908DF81230314601230A48FEF71CFDCF
S31508003D942268136823F0380343F0100313602B7862
S31508003DA403F0FE032B702878C0B207B0BDE8F08F85
S31508003DB421000020D00100201C0300200008014037
S31508003DC4180300201403002018B9034B1878C0B24E
S31508003DD470470120704700BF2100002070B584B0E9
S31508003DE4002839D11C46002B36D0254B1B78D8071A
S31508003DF436D4244B0E461B781B0758BF5202012C97
S31508003E04114631D01220FFF7DBFD0546B8B101256E
S31508003E143226FF24012210211B48FDF797FA0123B5
S31508003E240DF10F020DF10E01009618488DF80E409B
S31508003E34FEF7CAFC284604B070BD013C07D03046DC
S31508003E44FFF778FC06F500760028F6D1012500214F
S31508003E540C20FFF7B5FDDBE70425284604B070BD42
S31508003E640325284604B070BD1120FFF7A9FD0028D4
S31508003E74CDD13046FFF75EFCB0FA80F56D09C7E789
S31508003E84210000201C03002000080140D001002066
S31508003E942DE9F04786B0002870D11C46002B6DD05A
S31508003EA44A4B0D461978CE076DD41B7858076FD43C
S31508003EB4474B1B78190758BF5202012C74D013F0CC
S31508003EC4060F6AD111461920FFF77AFDE0B10DF104
S31508003ED417060DF116050124012210213D48FDF7A8
S31508003EE435FA4FF0320CFF27324629460123CDF81E
S31508003EF400C039488DF81670FEF766FC204606B0F1
S31508003F04BDE8F087013C07D02846FC21FFF7DCFC16
S31508003F1405F500750028F5D1FCF730FE4FF0FF0AC9
S31508003F244FF032080746DFF8B0900DF117060DF189
S31508003F34160505E0FCF722FEC01BB0F5FA7FCAD2C7
S31508003F440123324629464846CDF800808DF816A046
S31508003F54FEF73AFC9DF81730FF2BEBD1FD27003C02
S31508003F644FF0010332462946CDF800801A4818BF97
S31508003F7401248DF81670FEF727FCADE704242046C5
S31508003F8406B0BDE8F0870324204606B0BDE8F087EE
S31508003F940224204606B0BDE8F087214697200392FE
S31508003FA4FFF70EFD039A8DE711461820FFF708FD63
S31508003FB400288CD12846FE21FFF786FCB0FA80F447
S31508003FC40DF117060DF11605640985E72100002091
S31508003FD41C03002000080140D00100202DE9F04F01
S31508003FE489B070B9C64B1C7814F0010440F0D88027
S31508003FF41546042900F2CE80DFE801F02956CC8D57
S3150800400408000424204609B0BDE8F08FBD4C237887
S3150800401413F0060F40F0FF800DF10F0601240DF191
S315080040240E0701221021B848FDF790F94FF0320C1B
S31508004034FF25324639460123CDF800C0B3488DF82A
S315080040440E50FEF7C1FB204609B0BDE8F08F3227B3
S31508004054FF2500221021AC48FDF778F90DF10F066B
S31508004064AA480123314604AA009781468DF80F50C1
S31508004074FEF7AAFBFCF782FD804607E0FCF77EFD07
S31508004084A0EB0800B0F5FA7F80F0B680012331462C
S31508004094484604AA00978DF80F50FEF795FB9DF83D
S315080040A41030FF2BEAD178E000210920FFF788FCBD
S315080040B40028B1D110210DEB0100FFF79FFB002862
S315080040C4AAD09DF810109DF81920890901299DF890
S315080040D418009DF8173000F0F3809B0003EB90134B
S315080040E49DF81600520002F00601820202F44062AC
S315080040F413449DF815209DF81A0002F00F0202EBEE
S31508004104D0120A440133073A93402B600DF10F0687
S315080041140DF10E0785E77B4E317811F0040144D082
S3150800412400218D20FFF74CFC00287FF475AF4FF073
S3150800413432094FF0FF080DF10F0631460123734883
S3150800414404AACDF800908DF80F80FEF73DFB1021E8
S3150800415404A8FFF753FB00283FF460AF4FF0300B79
S31508004164DFF8A8A10DF10E07012332463946504659
S31508004174CDF800908DF80E80FEF726FB0BF1FF3381
S3150800418413F0FF0BF0D110239DF81A20120993405F
S315080041942B6046E704240DF10F060DF10E0740E7E0
S315080041A40324204609B0BDE8F08F0920FFF708FC70
S315080041B400287FF431AF10210DEB0100FFF71EFB39
S315080041C400283FF429AF32789DF81A3092079DF8F3
S315080041D41B1040F185809DF81D205B0003F07E03CB
S315080041E403EBD11392090133013A93402B600DF185
S315080041F40F060DF10E0714E7012210214248FDF7B8
S31508004204A5F80123314604AA009740488DF80F50B3
S31508004214FEF7DAFA02E70B21002004AAFFF7DEFE0E
S3150800422400287FF4F9AE9DF81A309DF8102003F0A3
S31508004234400353EA92133FF4EFAE23782020D5E9DE
S3150800424400141B075CBF49026402FFF7B9FB002888
S315080042547FF4E2AE21462120FFF7B2FB00287FF463
S31508004264DBAE01462620FFF7ABFB00287FF4D4AE6D
S31508004274FCF784FC4FF0FF094FF032080546234C3F
S315080042840DF10F060DF10E0706E0FCF777FC47F271
S315080042942F52431B93420ED80123324639462046F1
S315080042A4CDF800808DF80E90FEF78EFA9DF80FA0D3
S315080042B4BAF1FF0FE9D1BAF1FF0418BF0124B0E639
S315080042C4BDF818201B0452BA92B203F47C131344A3
S315080042D401339B022B600DF10F060DF10E07A0E6C4
S315080042E4CA0002F01802C3F3840302EB5112013325
S315080042F402FB03330DF10F060DF10E072B6090E652
S31508004304210000201C03002000080140D0010020E1
S31508004314034B03EB8002526803445268187A104729
S3150800432440030020084A0346115C51B94FF0010CBA
S3150800433402EB80014968101802F803C0007A0B687A
S3150800434418470020704700BF4003002030B4054CCE
S3150800435404EB80056D680444AD68207AAC4630BC2D
S31508004364604700BF4003002030B4054C04EB8005C9
S315080043746D680444ED68207AAC4630BC604700BFDB
S3150800438440030020044B03EB000C03EB80035B683B
S315080043949CF808001B691847400300202B4B30B5CE
S315080043A41A68D0F800428446944224D0D868A042B9
S315080043B404D082B3002846D0002030BD1D69DCF83D
S315080043C408E27545F5D19D8ABCF806E2754508BF2D
S315080043D40122EED102EB420003EB8000408954002F
S315080043E4A9B10028E8D14FF48071501C144403EB9A
S315080043F48403598130BDD0F808025D688542D5D159
S315080044041D89BCF806028542D0D10022E2E7411C88
S3150800441489B2501CEAE701204FF0000E002902EB8E
S31508004424420143F82140DCF8084203EB81014C6061
S31508004434BCF80642A1F80AE00C8114BF4FF4807157
S3150800444401215400D2E702200122E5E720030020D7
S3150800445470B54FF0FF360023B142044680F80432A3
S31508004464C0F82C6218D14AF65523B4F8FE219A42AC
S315080044740ED1D4F83630104A23F07F43934209D03C
S31508004484D4F8520020F07F40801A18BF012070BD6E
S31508004494022070BD002070BD0D460A460123014660
S315080044A490F80102FFF752FF18B10320C4F82C62F2
S315080044B470BDC4F82C52D6E74641540070B590F83E
S315080044C4043204466BB994F80032032B31D0002227
S315080044D494F801021146FFF755FF003818BF01206A
S315080044E470BDD0F82C52014601232A4690F80102E1
S315080044F4FFF73AFFD8B9D4F82022D4F81832AA1A02
S315080045049A4284F80402DED294F80362012E02D891
S31508004514D9E7D4F818321D442A460123214694F8CB
S315080045240102013EFFF720FF012EF2D1CBE701205D
S3150800453470BD94F80552012DC9D14FF400720021BB
S31508004544204609F00BFA4AF655210F48D4F81C22DE
S31508004554D4F80C322060A4F8FE11D4F810020B49E2
S315080045640132C4F8EC31C4F8E8012B46C4F8E41166
S3150800457494F801022146C4F82C22FFF7F5FE00231D
S3150800458484F80532A3E700BF525261417272416151
S31508004594F8B5D0F82C528D4201D10020F8BD90F818
S315080045A4043204460E4690F8010263B932460123E2
S315080045B42146FFF7CBFE00281CBF4FF0FF3601202B
S315080045C4C4F82C62F8BD01232A462146FFF7CCFE1F
S315080045D4E8B9D4F82022D4F81832AA1A9A4284F8E8
S315080045E4040211D294F80372012F02D80CE0D4F80D
S315080045F418321D442A460123214694F80102013F34
S31508004604FFF7B2FE012FF2D194F80102CEE701209A
S31508004614F8BD00BF00232DE9F0410C6803608CB196
S3150800462415462278202A13D91346A44603E01CF813
S31508004634013F202B0CD93A2BF9D1302A02D1013467
S31508004644A44502D00B20BDE8F0810CF101030B60F0
S31508004654A64B1C68002C00F0CF80046094F8003246
S315080046645BB194F80102FFF753FEC30705D415B1ED
S31508004674470700F1BE80002096E00020A4F8000257
S31508004684FFF750FEC60700F1918015B1450700F102
S31508004694B08000212046FFF7DBFE012800F0898060
S315080046A4032800F0B480054600287CD1B4F80B3002
S315080046B4B3F5007F77D1E18A01B9616A227CC4F82F
S315080046C41812531E012B84F803226CD8637B84F8D2
S315080046D40232002B67D0581E184264D1B4F8116010
S315080046E43007A4F808625ED1B4F8130000B9206A4A
S315080046F4B4F80EC0BCF1000F55D001FB02F20CEB66
S3150800470416171744B8424ED3C01B9842B0FBF3FEA3
S3150800471449D30CEB050340F6F57CE6452F440EF128
S31508004724020000F29280C4F81C52C4F82872C4F835
S315080047341402C4F82032002E35D001251A4400EBA1
S31508004744400300F0010000EB530000F2FF10B1EB48
S31508004754502FC4F8242226D34FF0FF338022C4E90D
S31508004764833384F805226249624A0B881068013348
S315080047749BB2A0420B80A4F8063204BF0023136040
S31508004784D36884F800529C427FF475AF0023D36043
S3150800479471E7D4F8F651002E46D1002F4DD1B8F161
S315080047A4000F38D155BB0D20BDE8F0810320BDE8C4
S315080047B4F08194F8C2610EB1D4F8C66194F8D27146
S315080047C40FB1D4F8D67194F8E23113B3D4F8E6816C
S315080047D494F8F251002DDCD136BB6FBBB8F1000F4B
S315080047E4E1D041462046FFF733FE0028DBD1454693
S315080047F45CE70A20BDE8F0810C20D5E72946204667
S31508004804FFF726FE00283FF451AF0328CBD1012039
S31508004814CAE79846DCE741462046FFF719FE002812
S31508004824E5D0002DEAD1BEE731462046FFF710FE53
S315080048340028B2D1354639E7354639462046FFF7CA
S3150800484407FE0028ABD13D4630E74FF6F57CE64532
S315080048540DD8C4F81C52C4F82872C4F81402C4F853
S315080048642032002E9FD002251A4440006DE7C4F872
S315080048742032C4F82872C4F81402C4F81C52002E54
S3150800488491D18300E26A03F2FF13B1EB532FC4F804
S31508004894242288D34FF0FF338021228EC4E9833340
S315080048A4012A84F8051201D003255CE72046691C11
S315080048B4FFF76EFE0028F7D14AF65523B4F8FE2111
S315080048C484F805629A42EFD10B4B22689A42EBD1DF
S315080048D403F1FF53D4F8E42103F5005320339A4235
S315080048E404BFD4E97A23C4E98332DDE73C03002014
S315080048F4380300202003002052526141F8B590F88D
S3150800490400320646022B0C4605D0032B1FD0012B7A
S3150800491411D00120F8BDD0F8201201EB1421FFF7BD
S3150800492437FE88B9640004F4FF7433195B78305D84
S3150800493440EA0320F8BDD0F8201204EB540501EB35
S315080049445521FFF725FED8B14FF0FF30F8BDD0F852
S31508004954201201EBD411FFF71BFE0028F4D1A400A2
S3150800496404F4FE7432199378D578315D180440EA54
S3150800497405605378084340EA032020F07040F8BDE8
S31508004984D6F820126F1C3046C5F3080501EB5721EB
S31508004994755DFFF7FDFD0028D6D1C7F30807F35D5B
S315080049A445EA0320E3074CBF0009C0F30B00F8BD32
S315080049B42DE9F0470E46D0E982156D1A954228BFAF
S315080049C41546002D50D004461F46C1F30802002A96
S315080049D466D1D4F800C24B0A9CF80202421E02EAC7
S315080049E4512212F0FF087AD0D4F81402DCF81432F3
S315080049F40238023B984280F084809CF80212DCF864
S31508004A04282201FB0022002A7BD0B5F5007F02EBA1
S31508004A1408092BD308EB552399424FEA552A38BF80
S31508004A24A1EB080A53464A4631469CF80102FFF7A9
S31508004A348DFC002840F0A58094F806325A0606D55F
S31508004A44D4F81832A3EB09039A4500F2BF804FEA5B
S31508004A544A20D4F808123B68014403442D1AC4F8C2
S31508004A64081206443B60B0D100204EE0D4F8182260
S31508004A7491450FD094F806329CF801025B0600F1C2
S31508004A84868001234A4621469CF80102FFF75EFC0C
S31508004A94002876D1D4F80822C4F81892C2F308027A
S31508004AA4C2F50070A84228BF284600F1FF3E2244FA
S31508004AB4BEF1050F02F1010C03D9A6EB0C03022B78
S31508004AC435D80EF1010E7244731E01E00CF1010C87
S31508004AD41CF8011C944503F8011FF7D1B9E7B1B9CD
S31508004AE4D4F8100201280CD9411C4AD0D4F800C2C3
S31508004AF4C4F81402DCF814320238023B9842FFF474
S31508004B047CAF0223184684F80732BDE8F087D4F848
S31508004B142422002A4AD1D4F814120129F1D9DCF83E
S31508004B2414329942EDD26046FFF7E8FEDAE71346F7
S31508004B3431460EF1010929F00308904453F804CBD1
S31508004B44434541F804CBF9D129F0030319F0030FBF
S31508004B54AEEB030106EB030C02EB030E3FF479AF4D
S31508004B64D25CF25400293FF474AF9EF8013001294F
S31508004B748CF801303FF46DAF9EF802308CF80230A1
S31508004B8467E7012384F807321846BDE8F08701234E
S31508004B942146FFF7E9FB0028F3D194F80632D4F846
S31508004BA400C223F0400384F806326AE7B3FBF0F048
S31508004BB4536804322BB9A4E7C01A52F8083F002BED
S31508004BC49FD09842F8D2536818448BE706EB4323E0
S31508004BD4621C9A1A022A09D9224603F5007052F869
S31508004BE4041B43F8041B9842F9D130E72246013BDB
S31508004BF404F5007012F8011B824203F8011FF9D16B
S31508004C0425E700BF2DE9F84390F800720546022F00
S31508004C140E46144606D0032F3DD0012F13D002208A
S31508004C24BDE8F883D0F8201201EB1621FFF7B0FC93
S31508004C340028F5D1760006F4FF76AB19C4F30722EB
S31508004C44AC555A7040E0D0F8201206EB560901EB31
S31508004C545921FFF79DFC0028E2D1D5F8201209F165
S31508004C640108F307C9F3080901EB582132D515F8E9
S31508004C740930284603F00F0343EA041305F80930FC
S31508004C8485F80472FFF784FC0028C9D1C8F308081C
S31508004C94C4F3071330E0D0F8201201EBD611FFF75E
S31508004CA477FC0028BCD1B60006F4FE76AA19D37898
S31508004CB41B0603F070432343C3F30721AB55517016
S31508004CC4190C1B0E9170D370012385F80432002049
S31508004CD4BDE8F88305F80940284685F80472FFF705
S31508004CE457FC00289CD1C8F3080815F80830C4F303
S31508004CF4032423F00F03234305F80830E4E700BF31
S31508004D042DE9F84305460F46002958D1D0F80C6218
S31508004D14D0F81432002E00F0B9809E4228BF01262E
S31508004D24344601349C425DD295F80032022B75D084
S31508004D34032B00F08C80012B58D1D5F8201204EBF4
S31508004D445408284601EB5821FFF722FC002860D1B5
S31508004D54D5F8201208F101092846C8F3080801EB1A
S31508004D64592115F80880FFF713FC002851D1C9F317
S31508004D74080915F80930E10748EA032840F188804C
S31508004D845FEA18135CD1D5F81432A3422ED96FF012
S31508004D94704221462846FFF735FFC0BB57BBD5F8F6
S31508004DA41032C5F80C425A1C21D095F80522013B4D
S31508004DB442F00102C5F8103285F8052217E00129E8
S31508004DC414D0D0F81432994210D2FFF797FD01286F
S31508004DD404460BD9601C1CD0D5F81432A34206D855
S31508004DE43E469DE7012E4DD0022B56D80124204677
S31508004DF4BDE8F883012FF9D0D5F814329F42F5D2CD
S31508004E04224639462846FFF7FDFE0028C7D0012862
S31508004E14ECD14FF0FF342046BDE8F883D5F82012CC
S31508004E24284601EB1421FFF7B3FB0028F1D16300F0
S31508004E3403F4FF73EA185278EB5C53EA0223A2D010
S31508004E44012BD3D0A6421DD0D5F8143269E7D5F87C
S31508004E542012284601EBD411FFF79AFB0028D8D173
S31508004E64A30003F4FE73EA18E95C9378D0781B046C
S31508004E74527843EA00630B4343EA022333F0704350
S31508004E84DED180E700242046BDE8F883012647E7FB
S31508004E94C8F30B03002BD3D175E7022444E700BFFC
S31508004EA42DE9F047D0F808420646012CA0F8061268
S31508004EB44BD0D0F80052D5F81432A34245D90F4640
S31508004EC4002C45D095F80222B1EB021F4FEA0218CE
S31508004ED471D39C4239D295F80032022B00F08480B3
S31508004EE4032B43D0012B30D1D5F8201204EB5409F7
S31508004EF4284601EB5921FFF74BFBA0BBD5F8201236
S31508004F0409F1010A2846C9F3080901EB5A2115F8DB
S31508004F140990FFF73DFB30BBCAF3080A15F80A30B7
S31508004F2449EA0329E3074CBF4FEA1914C9F30B04EA
S31508004F3435E0D5F8241279B195F80222B7EB021FA9
S31508004F444FEA021865D3012965D10220BDE8F08726
S31508004F5495F80022032AECD0B5F80832BB42F4D9F6
S31508004F64D5F8243231E00120BDE8F087D5F82012BF
S31508004F74284601EBD411FFF70BFB0028F3D1A40054
S31508004F8404F4FE742B192A5D9C78D97824045B787A
S31508004F9444EA0164144344EA032424F07044012CCB
S31508004FA4D3D9D6F80052D5F81432A342CDD9A7EBF3
S31508004FB4080747458DD2023BA21E9A4226D295F887
S31508004FC40212D5F8283202FB0133C6F80C42002B2C
S31508004FD4BBD007F00F0203EB171305EB42120020B0
S31508004FE4C6E98432BDE8F087D5F82012284601EBD5
S31508004FF41421FFF7CDFA0028B5D1640004F4FF7430
S315080050042B195B782C5D44EA0324C8E7C6F80C42DE
S315080050149BE70C46CFE70C465BE700BF2DE9F04754
S315080050240B7889462F2B044634D05C2B32D00025C6
S31508005034C4F8085299F800301F2B34D9D4F81852FA
S31508005044DFF8A4A249460A780B462F2A084601F136
S315080050540101F8D05C2AF6D04FF02032202142F222
S3150800506420062A606A602E81A9721A788A420ED9A5
S315080050744FF0000C4FF0080E4FF0010967462F2A2F
S315080050844DD05C2A4BD02E2A15D0BE4526D80620EC
S31508005094BDE8F087002509F10109C4F8085299F812
S315080050A400301F2BCAD829462046FFF7F9FEC4F854
S315080050B41452BDE8F087BEF1080FE8D177464FF0E1
S315080050C40B0E4FEA8C0C5FFA8CFC10F8012F09F1D1
S315080050D40109202AD3D89944042324E0110604D5C7
S315080050E4803A1AF802204CF0030C22267F49B24271
S315080050F4CDD011F8016F002EF9D1A2F14101192979
S3150800510404D84CF0020CEA550137DEE7A2F1610136
S315080051141929F8D8203A4CF0010CD2B2F3E799448D
S31508005124002FB4D000232A78E52A04BF05222A7062
S31508005134BEF1080F00F011810CF00302012A01D117
S3150800514443F010030CF00C0CBCF1040F08BF43F039
S31508005154080300212046EB72FFF7A2FE002840F060
S31508005164F580D4F80072D4F81062D7F82C52B542F8
S3150800517415D097F8043297F80102002B40F08A807C
S31508005184012332463946FFF7E1F830B14FF0FF33D1
S31508005194C7F82C320120BDE8F087C7F82C62D4F88A
S315080051A41432197819B3DA7A12F0080027D0B4F849
S315080051B406520135ABB2D3B1D4F81062BEB115F0BC
S315080051C40F08D4F800720BD1D4F80C120136C4F8BF
S315080051D41062002940F08C80B7F808329D4206D246
S315080051E407EB4813A4F80652C4F81432BDE7D4F8FA
S315080051F41832DB7A590700F1B580052048E7D4F858
S31508005204185295F800C08C45D1D195F801C0597843
S315080052148C45CCD195F802C099788C45C7D193F8BA
S3150800522403C0E9788C45C2D193F804C029798C4522
S31508005234BDD193F805C069798C45B8D193F806C0F1
S31508005244A9798C45B3D193F807C0E9798C45AED1D1
S3150800525493F808C0297A8C45A9D193F809C0697AC4
S315080052648C45A4D193F80AC0A97A8C459FD1E97ACA
S315080052744E073FF50DAFD206BFD5D4F800125A8BA8
S3150800528491F80012032904BF9B8A42EA0342C4F830
S315080052940822D7E601232A463946FFF765F8002887
S315080052A47FF478AFD7F82022D7F81832AA1A9A4288
S315080052B487F8040214D297F80382B8F1010F02D8CA
S315080052C40EE0D7F818321D442A460123394697F8C2
S315080052D4010208F1FF38FFF747F8B8F1010FF0D1DA
S315080052E497F801024CE700BF4CEB00083CEB0008BA
S315080052F497F80232013B13EA15137FF471AF0129BB
S3150800530422D0D7F8143299421ED23846FFF7F6FA55
S31508005314012819D9471C3FF43DAFD4F80072D7F8D1
S3150800532414329842BFF463AF023BC4F80C02023845
S3150800533498422FBF002697F80222D7F8283200FB96
S315080053440236C4F810624BE70220A1E6D4F81832F4
S315080053540428DB7A3FF44EAF9AE64FEA8C0C5FFAE0
S315080053648CFCEFE6042093E62DE9F04F002183B088
S315080053740446FFF795FD002840F02481D4F800522E
S31508005384D4F810A2D5F82C62564516D095F80432EE
S3150800539495F80102002B64D1012352462946FEF7EB
S315080053A4D5FF40B14FF0FF33C5F82C320125284606
S315080053B403B0BDE8F08FC5F82CA2D4F814321B78D4
S315080053C4E52B00D043BBD4F81012D4F80002FFF73B
S315080053D4DFF805460028EAD101462022D4F814024B
S315080053E408F0BCFAD4E98532511C591A022940F24C
S315080053F417811168196051685960117A284619721B
S31508005404517A5972917A01229972D4F8003283F842
S31508005414042203B0BDE8F08FB4F806620136B3B2CD
S31508005424002B00F0D380D4F810A2BAF1000F00F0D4
S31508005434CD8016F00F07D4F800520BD1D4F80C120D
S315080054440AF1010AC4F810A219BBB5F808329E423B
S3150800545480F0BC8005EB4717A4F80662C4F81472FA
S3150800546490E7012332462946FEF77EFF00289DD1A0
S31508005474D5F82022D5F81832B21A9A4285F80402C9
S3150800548404D295F80372012F00F2A48095F801025C
S3150800549482E795F80232013B13EA1613DAD1012999
S315080054A400F0A680D5F81432994280F0A1802846E7
S315080054B4FFF724FA0128804640F29A80B0F1FF3FAC
S315080054C43FF474AFD4F80052D5F814329842C0F0B9
S315080054D494802846D4F80C12FFF712FC804600285C
S315080054E474D0012800F08480B0F1FF3F3FF45EAF2A
S315080054F4D4F8005295F80432002B40F0A2804FF4F9
S3150800550400722846002108F029FAD4F80052A8F1B6
S31508005514020AD5F8143295F80212023B9A452EBFB0
S315080055244FF0000BD5F828220AFB012BC5F82CB23C
S31508005534002900F0B48001974FF000095F46B3468E
S3150800554426464FF001033A4685F8043229460123D4
S3150800555495F80102FEF708FF00287FF427AFD5F86F
S31508005564203285F80402F91AD5F81832994211D26C
S3150800557495F80342012C02D80CE0D5F818321F44DA
S315080055843A460123294695F80102013CFEF7ECFE4A
S31508005594012CF2D1D6F8005209F10109D5F82C22CA
S315080055A495F80232571C9945C5F82C72C9D3344666
S315080055B45E46BB46019FABEB0902D5F81432C5F823
S315080055C42C221CE0042805467FF4F1AE0725EEE6F6
S315080055D4D5F818321E4432460123294695F80102A5
S315080055E4013FFEF7C1FE012FF2D195F80102D3E679
S315080055F40225284603B0BDE8F08FA0F1020A023B53
S31508005604534598BF4FF0000AC4F80C8282BF95F838
S315080056140222D5F828320AFB023AC4F810A219E77E
S31508005624117819705178597091789970D178D97020
S31508005634117919715179597191799971D179D97108
S31508005644DBE6D5F82C9201234A46294695F8010249
S31508005654FEF78AFE00287FF4A9AED5F8203285F82D
S315080056640402A9EB0302D5F818329A4214D295F823
S3150800567403A2BAF1010F02D80EE0D5F818329944FC
S315080056844A460123294695F801020AF1FF3AFEF72C
S315080056946BFEBAF1010FF0D1D4F800522FE7894610
S315080056A489E700BF012940F2E480D0F814322DE9D5
S315080056B4F0478B420D46044608D9012794F8003270
S315080056C4022B2FD0032B12D0012B02D00220BDE8C7
S315080056D4F087D4F8201205EB5506204601EB56212F
S315080056E4FEF756FF002867D00120BDE8F087D4F8F6
S315080056F42012204601EBD511FEF74AFF0028F3D104
S31508005704AB0003F4FE73E2189678D178E35C3604AA
S3150800571446EA01661E43537846EA032636F070467F
S3150800572412D163E0D4F82012204601EB1521FEF7C6
S315080057342FFF0028D8D16B0003F4FF73E2185278C0
S31508005744E65C56EA022651D0012EBFD0D4F81432AC
S31508005754AB42BBD994F80082B8F1020F78D0B8F1FD
S31508005764030F45D0B8F1010FB0D1D4F8201205EBD8
S315080057745509204601EB5921FEF70AFF0028A6D150
S31508005784D4F8201209F1010AED07C9F3080901EB57
S315080057945A2174D514F80930204603F00F0304F887
S315080057A4093084F80482FEF7F3FE00288FD1CAF381
S315080057B4080A04F80A0030E0D4F8201206F10108B1
S315080057C42046C6F3080601EB5821A65DFEF7E0FE5F
S315080057D4002889D1C8F3080814F8083046EA0326CD
S315080057E4EB0748D4C6F30B06002EADD100206EE7AE
S315080057F4D4F82012204601EBD511FEF7C9FE00287D
S315080058047FF465AFAD0005F4FE756219D17860556D
S3150800581401F0F003A2F80100D370D4F8103284F82A
S3150800582404725A1C0ED0013394F80522C4F81032B7
S31508005834D4F8143242F001029E4284F80522D5D2E5
S3150800584435463BE7D4F81432B342CFD9354635E763
S31508005854D4F82012204601EB1521FEF799FE0028FC
S315080058647FF435AF6D0005F4FF75605525446870FF
S31508005874D3E70220704736097FF466AFB6E704F823
S315080058840900204684F80482FEF782FE00287FF485
S315080058941EAFCAF3080A14F80A0000F0F00088E7F5
S315080058A410B582B0CDE9001099B191F800C0BCF1E9
S315080058B4200F11D96346084603E010F8013F202B50
S315080058C40AD93A2BF9D1BCF1300F02D101318842F9
S315080058D402D00B2002B010BD12490B686BB11248F6
S315080058E40468A34204BF00240460C4689C4204BF3D
S315080058F40024C460002083F80002019B7BB10020C9
S31508005904012A0B6083F8000202D0002002B010BD01
S315080059140246694601A8FEF77DFE02B010BD0B607B
S31508005924F3E700BF3C030020200300202DE9F047DD
S31508005934ADF50E7D0191002800F0B38004460023DE
S3150800594402F01E07164601A93A4686A8C4F800328C
S31508005954FEF760FE054620B128460DF50E7DBDE826
S31508005964F08703AB019906A88C93FFF757FB06F05B
S315080059741F0ADDF82C82B0B9B8F1000F00F0D980FF
S315080059848049DDF818920868002800F0D680484552
S3150800599400F08D80CB68002B00F09A804B4500F010
S315080059A48F801225D8E716F01C0F78D0042876D1F4
S315080059B4744B1A68002A00F0C780DB68002BF0D104
S315080059C406A8FFF7D1FC4AF0080A0346DDF82C823C
S315080059D4002840F0D480DDF81892FDF78FFE0023E6
S315080059E4C8F80E0088F80B30C8F81C3099F800324D
S315080059F4B8F81A60032B08BFB8F814304FF0010240
S31508005A0408BF46EA03460023A8F81A30A8F8143053
S31508005A1489F804229EBB4AF0200AD9F82C32BAF136
S31508005A24010F94BF00210121C4E9873806A8FEF7AF
S31508005A34B5FCC4F82802002879D0002384F806A205
S31508005A4484F8073299F80022B8F81A30032A08BFEE
S31508005A54B8F81420B9F8061208BF43EA0243C4F892
S31508005A6410320023D8F81C20C4F80092C4E9823204
S31508005A74A4F80412C4F81832C4F824326CE7314680
S31508005A844846D9F82C72FFF70DFE40B9013E39464F
S31508005A944846C9F80C62FEF77BFD0028BBD00546CC
S31508005AA45AE7092528460DF50E7DBDE8F0874A68AC
S31508005AB4889B9A4254D0CB6853B198427FF471AF0D
S31508005AC428460A69889B9A420ED000283FF469AF93
S31508005AD416F01C0F19D098F80B3013F0110F1CD1BF
S31508005AE4720720D5082537E78A8ABDF81E329A42F6
S31508005AF4EBD101233FB903EB430301EB83014B8944
S31508005B04B3F5807FE4D1102526E798F80B30DF0635
S31508005B1411D4B00703D5DA0701D507251CE73307DF
S31508005B247FF57BAF77E733077FF577AF55E7022530
S31508005B3412E7062510E704250EE7CB68002BC7D025
S31508005B444B45C5D10120BCE706A8FFF70DFC4AF072
S31508005B54080ADDF82C8200283FF43DAF0546FBE62B
S31508005B640A89BDF81E329A4207D0CB68002BAFD0FB
S31508005B7499457FF416AF0020A3E72B46BAE71D46DE
S31508005B84EAE600BF200300202DE9F04100251D6048
S31508005B9470B10446D0F8000250B11E4690F800329F
S31508005BA433B11746B4F80432B0F806229A4202D042
S31508005BB40920BDE8F08190F801028846FEF7A8FBA3
S31508005BC4C207F5D494F807020028F2D194F80632ED
S31508005BD4DB0707D533463A4641462046BDE8F04139
S31508005BE4FEF7E6BE0720E4E770B560B1D0F80032E8
S31508005BF4044643B193F800222AB1B3F80612B0F862
S31508005C040422914202D00925284670BD93F8010260
S31508005C14FEF77EFBC107F6D494F80632D4F80002E0
S31508005C249A064ED55B0611D501232146D4F81822C7
S31508005C3490F80102FEF798FB002875D194F806320D
S31508005C44D4F8000223F0400384F80632D4F81C1270
S31508005C54FEF79EFC05460028D6D1D4F82062F37ACE
S31508005C6443F02003F372D4F80C323377B4F80C32C9
S31508005C741B0A7377B4F80E32B37794F80F32F377B6
S31508005C84D4F81032C3F30722B3761B0CF2761A0A39
S31508005C9433757275FDF732FD01227582C6F8160052
S31508005CA494F80632D4F8000223F0200384F8063266
S31508005CB480F80422FEF702FC05460028A4D1D4F88D
S31508005CC4000200289FD090F80032002B9BD0B0F831
S31508005CD40622B4F804329A4295D190F80102FEF7E6
S31508005CE417FB10F001058ED1D4F82832013B012B9D
S31508005CF412D80F4E03EB430106EB810148895A007B
S31508005D04B0F5807F12D048B91A4400239200B350E4
S31508005D140023C4F8003277E7022575E7013880B214
S31508005D2448810028F4D1EFE701256DE74D81EBE7BB
S31508005D3420030020144B5A7A012A01D901207047FE
S31508005D44002230B53A252F2493F809C093F809E0C0
S31508005D545FFA8CFC03EB8E0ECEF8040003F80C20D5
S31508005D64587A93F809C018440CF1010E5FFA8EFEAE
S31508005D74027283F809E00CF1300C10464D7081F874
S31508005D8400C08C70CA7030BD4003002000F07AB899
S31508005D94094A1378834200D000B9704730B4074CD7
S31508005DA4074D00EB400110702B706318625C58783D
S31508005DB4997830BC00F07AB823000020CCEB0008B0
S31508005DC4220000202DE9F0411D4C82B0207300B159
S31508005DD4607301AE0025B0461A4B00EB4000191853
S31508005DE41A5A8B78184FADF804208DF8063018F82F
S31508005DF4012BAB1CBA5C04EBC3010A7154F83300DB
S31508005E0454F83330006899880135FBF79FFA032D57
S31508005E14EDD1002516F8012B6B1DBA5C04EBC30102
S31508005E240A7154F8330054F83330006899880135F8
S31508005E34FBF78CFA032DEDD102B0BDE8F08100BF63
S31508005E442400002050EC000898EC000810B50C4C0F
S31508005E5423788BB163787BB1A3680133A360626846
S31508005E64934209D3237B43B9637BDBB22373207B39
S31508005E74FFF7A8FF0023A36010BD0023F6E700BFC1
S31508005E842400002030B400250122064C3221257353
S31508005E94657302206570044B6560A560227030BC8A
S31508005EA400F058B824000020515E000870B50A4E68
S31508005EB4337803B970BD0D461446FFF783FF0022F5
S31508005EC4064B747053F82530B2602146736002207D
S31508005ED4BDE8704000F084B8240000203CEC0008BB
S31508005EE400BF704770B500240D4D2601AA5D05EB69
S31508005EF40413013482B15A6872B15A68013A5A6075
S31508005F0452B9DA680AB1DB689847AB195A781AB1F4
S31508005F14012299685960AA55032CE6D170BD00BFC1
S31508005F244C0300200022084B084909481A705A7085
S31508005F34D9601A745A74D96183F8202083F8212009
S31508005F44D962FCF783BF00BF4C030020E55E000856
S31508005F54300200202DE9F84F1E4C81464FF47A761C
S31508005F6436200D46002B14BF9B46A3469246FAF7E5
S31508005F7495FE0021DFF86080184FD8F80420D8F879
S31508005F840C3002FB033306FB03F44FEA0913F954F6
S31508005F9407EB091787F801A0C7F80CB0FBF700FF51
S31508005FA4B4FBF0F2B5FBF2F2D8F80410D8F80C30CA
S31508005FB4BA6001FB033306FB03F4FBF7F1FE034661
S31508005FC4B4FBF3F4B5FBF4F436207C60BDE8F84F73
S31508005FD4FAF750BEE55E0008300200204C030020A4
S31508005FE438B504460D463620FAF758FE054B220105
S31508005FF49D5403EB04139A6836205A60BDE838406A
S31508006004FAF738BE4C030020FAF7BEBD012108B5DD
S315080060140348FBF787F9B0FA80F0400908BD00BFCA
S315080060240008014030B5914D914A2B7885B0D05C73
S31508006034FFF7AEFE2C78102C22D8DFE814F05A00AD
S31508006044640088008F009F00AF00C200CC00E20005
S31508006054F0001A0024002C0034003C00110046000D
S31508006064102000F03DF90020824900F07BF9102346
S315080060742B700020804900F075F910231C462B70FC
S31508006084204605B030BD012000F02AF97B490020DE
S3150800609400F068F9F1E7022000F022F978490020B7
S315080060A400F060F9E9E7042000F01AF975490020C0
S315080060B400F058F9E1E7082000F012F972490020C7
S315080060C400F050F900F0AEFBD7E700F003F96F498A
S315080060D40246002000F046F9002007F07DF900F09A
S315080060E407F941F28830FFF78FFF01231C462B700E
S315080060F4C6E7FFF717FFFFF749FE0B20FFF748FE31
S3150800610400F008F9F1E700F0ADF96149002000F064
S3150800611429F901235F491A46CDE90033002000F026
S3150800612421F95D4B5D4A5E49002000F01BF95D4983
S31508006134002000F017F900F095F900F07DF9002029
S31508006144594900F00FF902231C462B7098E7FFF70C
S315080061545DFF002818BF05242C7091E707F07CF82A
S31508006164044600F0CBF851490246002000F0FAF83C
S31508006174002C14BF0B2404242C7081E707F07EF846
S31508006184044600F0BBF84A490246002000F0EAF843
S31508006194002C14BF0C2407242C7071E7012007F087
S315080061A41BF900F001FB044600F0A8F84149024631
S315080061B4002000F0D7F8002C14BF0D2406242C70F8
S315080061C45EE707F025F9002840D0012836D00323D6
S315080061D41C462B7054E700F025FB3749002000F0D5
S315080061E4C1F807F021F9044600F088F83349024655
S315080061F4002000F0B7F8002C14BF0E2409242C70D4
S315080062043EE700F00FFB2E49002000F0ABF800F043
S31508006214DFF9102814BF0E240A242C7030E7002056
S31508006224284900F09FF800230DF10F008DF80F3070
S3150800623407F044F970B10F242C7021E70020224995
S3150800624400F090F808231C462B7019E71F4900F044
S3150800625489F8BCE71E4900F085F89DF80F30002B35
S315080062640CBF0F240A242C700AE700BF7C03002005
S3150800627420F10008E8EF000814F0000840F00008D0
S315080062846CF0000898F00008E0F00008FCF000083C
S315080062949CEC000800ED000830ED00083CED000811
S315080062A448ED00086CED000890ED000838EE00088B
S315080062B450EE0008C0ED000878EE0008D8EE000895
S315080062C404EF00085CEF000808EE0008D8ED0008A3
S315080062D4BCEF0008014B1888704700BF7E030020F6
S315080062E4024B1A8810431880704700BF7E030020AB
S315080062F40022014B1A8070477E030020034A044B90
S31508006304002814BF10461846704700BF3CF1000821
S3150800631434F10008032202490248FDF73DB900BFDB
S3150800632480030020C0020020034600B50C4883B051
S315080063348DF80730FDF7CEF9A0280DD042F2107378
S3150800634401220DF107010648FCF7F8FF003818BFCB
S31508006354012003B05DF804FB0148FDF745F9EDE7B4
S31508006364C00200200EB400B582B070B1012807D06F
S31508006374022828D0002002B05DF804EB03B0704769
S31508006384154B1B7B03F0FF00C3B14FF400720021C9
S31508006394124807F0E3FA04AB4FF40071039A0F4866
S315080063A4019307F0BDFA02464FF47A730B490C4879
S315080063B492B2FCF7C3FF003818BF012002B05DF89B
S315080063C404EB03B07047044B93F8343003F0FF0032
S315080063D4002BF3D0D9E700BF88030020EC03002084
S315080063E4C002002038B5044609480D46FDF772F97F
S315080063F4202802D00648FDF7F7F84FF47A732A46A0
S3150800640421460348FDF708F8003818BF012038BDAF
S31508006414C00200204FF02E0C00B583B000230122E1
S3150800642401A90448ADF804C0FCF788FF03B05DF879
S3150800643404FB00BFC002002000B5084B83B01B68EC
S3150800644407494FEA134C01AA0020ADF804308DF829
S3150800645406C0FFF787FF03B05DF804FB84F1000864
S3150800646414F2000800B593B04322064901A807F0C0
S315080064742EFB054901AA0020FFF774FF13B05DF847
S3150800648404FB00BF44F1000814F20008F0B5012823
S31508006494ADF20C4D78D002280FD002216846FFF7DA
S315080064A4A1FF002102A8FFF79DFF022101A8FFF71B
S315080064B499FFFF200DF20C4DF0BD4FF4806427467A
S315080064C402216846FFF78EFF3946054602A8FFF7FC
S315080064D489FF0221054301A8FFF784FFEDB202AB49
S315080064E405430026184641F2210103EB070CEDB2D9
S315080064F410F8012B86EA022253009BB2170448BF00
S315080065044B405A0092B21E0448BF4A4053009BB2FD
S31508006514120448BF4B405A0092B21B0448BF4A4073
S3150800652453009BB2170448BF4B405A001E0492B24C
S3150800653448BF4A4053009BB2120448BF4B405E0012
S31508006544B6B21B0448BF4E406045D1D1C5B91E4FEB
S31508006554BDF804503B782BB368BA1C4D9DF800204F
S3150800656429789DF80130914280B2134414D0FF2B48
S315080065740DD0B0420CBF022003200DF20C4DF0BD25
S3150800658404200DF20C4DF0BD8024274698E7B0424E
S3150800659414BF03200220F0E7FF2BEAD1B04209D04A
S315080065A40120EAE700F010F910B901233B70D3E79C
S315080065B40820E2E7214602A800F018F90028F7D1D6
S315080065C42B7801332B70D8E7EC05002064000020F3
S315080065D4002201202DE9F04182B08DF80620514FA2
S315080065E451499DF806303A700870002B44D103F0DF
S315080065F4FF054FF0FF082E461FE03B78002B52D0CC
S31508006604012B54D09DF80700042843D03FD8431ED5
S31508006614012B0FD8FFF73AFF002853D0082873D068
S315080066240135EDB2022D51D81520FFF77DFE002362
S315080066348DF806309DF80630F3B901210DF10700EF
S315080066448DF80760FFF7CEFE04460028D5D19DF8DD
S31508006654070004281ED015D8431E012BDAD90135A4
S31508006664EDB2022D3CD81520FFF75EFE8DF80640E4
S315080066749DF80630002BE0D09DF80600C0B202B0A3
S31508006684BDE8F0811828EAD18DF80680D2E71828E3
S31508006694FAD0CFE70620FFF747FE10238DF8063019
S315080066A400F0B4F8C6E74320FFF73EFEAAE7013533
S315080066B4EDB2022D1ED81520FFF736FE00238DF8FD
S315080066C406309FE70620FFF72FFEB3E71820FFF7EB
S315080066D42BFE1820FFF728FE00F0A4F8FF23A7E7EF
S315080066E41820FFF721FE1820FFF71EFEFF2400F0EE
S315080066F499F8BBE71820FFF717FE1820FFF714FED2
S3150800670400F090F8FF23DAE71820FFF70DFE1820AB
S31508006714FFF70AFE00F086F8FF2304258DF80630F5
S3150800672488E700BFEC0500206400002008B572B6AF
S3150800673405490020FFF716FE0920FFF729FB00BFCD
S31508006744FAF7C4FAFEE700BF88F1000808B572B67E
S3150800675405490020FFF706FE0920FFF719FB00BFCD
S31508006764FAF7B4FAFEE700BFB0F1000800B514461C
S31508006774864683B00B467246054900940020FFF707
S31508006784F1FD0920FFF704FB00BFFAF79FFAFEE7BD
S31508006794D4F10008034B02681B689A4200D070477C
S315080067A4FFF7A0BB3002002010B5064C06F0F6F938
S315080067B4204600F0C1F818B9012304F8043C10BDBA
S315080067C4012010BDF4050020064908B5064A40F61E
S315080067D40213A1F1780006F001F8003818BF012069
S315080067E408BD00BF6C06002018F2000810B50C4658
S315080067F4054902462346A1F1780006F083F8001BF2
S3150800680418BF012010BD00BF6C060020044908B556
S31508006814A1F1780005F0ECFF003818BF012008BD87
S315080068246C06002008B50449044805F08BFE0038B8
S3150800683418BF012008BD00BF18F20008F40500209F
S315080068442DE9F04F88463149814616460123304AD8
S3150800685485B0A1F1780005F0C1FF044628B1201ED1
S3150800686418BF012005B0BDE8F08F2A4B2A4F5A6994
S3150800687442F040025A615B6903F040030293029BAB
S315080068843B79012B3DD0396838718B68424643F011
S3150800689401038B600146484607F060F809F1040BCA
S315080068A401941A4943464A46A1F1780006F014F8B9
S315080068B4041E1DDDCA46651E25F003055D449AF8C7
S315080068C401309AF800201B0443EA02639AF803206D
S315080068D4384613439AF8022003A943EA02230122FD
S315080068E40393FAF73FFA0AF1040A55453060E6D1EC
S315080068F4A045D6D00549019CA1F1780005F078FF9A
S31508006904ADE7022005B0BDE8F08F00BF6C06002095
S3150800691418F2000800100240FC000020002070470E
S31508006924084606F047BA00BF1846009B06F082BB25
S315080069341846009B06F058BC38B50849054605F0C4
S3150800694429FC00B938BD2846044905F031FB03493A
S315080069540446284605F01EFC204338BD28F20008E4
S31508006964194A11F0805F194B18BF134610B504680D
S31508006974864684EA010C1CEA030F14D044F309037F
S31508006984013310D0124B0A40234043F09F4343F48B
S31508006994E0039A4207D00B0D03F4E062B2F5806F68
S315080069A406D0002010BD00230120CEF8003010BD0B
S315080069B4C4F38922C1F389218A42F2D35BB204EB78
S315080069C483240460EDE700BF00FCFF7F00FC0F7022
S315080069D400FC0F00034641F30902B2F1FF3F08BF6A
S315080069E401311A68C1F309010432114400201960FF
S315080069F4704700BF03461A68002001321A607047C0
S31508006A04836E10B51A6B04462AB15A6B52B19B6B46
S31508006A147BB1002010BDC06806F08AFDA36E5A6BD0
S31508006A24002AF4D1E06906F083FDA36E9B6B002B64
S31508006A34EFD1606E06F07CFD002010BD2DE9F04F05
S31508006A4487B0129F109C002F67D083460D46924646
S31508006A541E46531E03932B689E4223D0B846DBF882
S31508006A646800BA454169D0F80490B4FBF1F201FB19
S31508006A74124224D81ABB8F4221D3B8FBF1F301FB87
S31508006A8413839C46CDF810C0A8EB0C0C224631465D
S31508006A94119BCDF800C0CDF814C0C84788B307B019
S31508006AA4BDE8F08FD5E901130B44A342D6D9A14218
S31508006AB437D9A1EB0408B84528BFB846CFE7039BE6
S31508006AC42E600B442344B3FBF1FC01FB1C315B1A17
S31508006AD4C169A2EB040C8B4294BF9C448C44836A20
S31508006AE4A21A9C4528BF9C466A60EB68C5F808C08C
S31508006AF43146CDF800C0C8470028ACD007B0BDE879
S31508006B04F08F049BDDF814C0A3EB08031F44119B04
S31508006B14644463441193002F9DD1002007B0BDE857
S31508006B24F08F1A1B1198EB68BA42A4EB010128BF2F
S31508006B343A4619440346BF1A13441444119306F0FB
S31508006B44C6FF002F87D1E8E72DE9F04F87B08846BE
S31508006B54DDE9106419460293836E15461A6ADDF850
S31508006B644CA0B24240F2A280DB6904EB0A029A42C4
S31508006B7400F29C80BAF1000F75D083464B1E03932E
S31508006B84B8F1000F04D0D8F80030109A9A4224D0ED
S31508006B942B68109A57469A422ED0DBF86800029B57
S31508006BA441695345B4FBF1F2D0F8049001FB124253
S31508006BB42ED86ABB51452BD8B7FBF1F301FB1376E4
S31508006BC40496BE1B2246129B109900960596C84742
S31508006BD400283DD007B0BDE8F08FD8E901733B44DF
S31508006BE4A342D5D9A74257D93F1B2B68109A5745B4
S31508006BF428BF57469A42D0D1D5E901130B44A3427C
S31508006C04CBD9A14233D9091B8F4228BF0F46C4E703
S31508006C14109B2B60039B0B442344B3FBF1F701FB46
S31508006C2417315B1AC169171B8B4294BFFF187F186B
S31508006C34836AA21A9F4228BF1F466A60EB68AF6040
S31508006C4410990097C84700289AD007B0BDE8F08F76
S31508006C54049EF31B9A44059E129B344433441293B0
S31508006C64BAF1000F8CD1002007B0BDE8F08F1A1BCB
S31508006C74BA4228BF3A46EB68611A19441298AAEB35
S31508006C84020A034613441444129306F020FFBAF189
S31508006C94000F7FF475AFE6E71A1BD8F80C105245B7
S31508006CA4A4EB070728BF52463944E7E76FF05300B9
S31508006CB490E700BF134670B50826026886B00446F6
S31508006CC4D3E90010936E04ADDB69CDE90010CDE974
S31508006CD40256104602F11001FFF736FF60B9049B0D
S31508006CE462689A4208D0059DA1688D4204D08B42F9
S31508006CF402D0501B18BF012006B070BD2DE9F04F15
S31508006D049A46836E89B0129EDF69013E083FBE42E9
S31508006D148146DDE913459346059132D3B6FBF7F070
S31508006D240138F9F785FA0230A6EB8006B6FBF7F6C2
S31508006D3406AF51462846A04706F00108C8F10203E3
S31508006D449B00D8B9D6B101905A464846CDE9027394
S31508006D540599CDF800A0FFF7F7FE78B90699B8F1BA
S31508006D64000F03D12846A04740B9012008AB03EB1E
S31508006D748000023E50F808AC4644DAE709B0BDE89C
S31508006D84F08F0026D4E700BF8368C1F309018B425C
S31508006D942DE9F04FD2E9009A984628BF8846076835
S31508006DA4D0F804B089B0B8F1000F32D00024CDE988
S31508006DB4041006AE01E0A04528D9BB6EA8EB040270
S31508006DC4196A082A154628BF082589450AEB040CBA
S31508006DD42AD2DB6905EB0C01994225D839464B467C
S31508006DE43846CDE90165CDF800C0FFF727FE0BEB61
S31508006DF404012C4438B930462A4606F09FFD00287B
S31508006E04D9D009DB022009B0BDE8F08FDDE9041505
S31508006E14AB68994204D0F5D9012009B0BDE8F08FD2
S31508006E24002009B0BDE8F08F6FF0530009B0BDE843
S31508006E34F08F00BF2DE9F04F87B01C46DDF840A05F
S31508006E440592002B68D0826E5C1ED3690746A3F1AF
S31508006E5408094C4588465BD3B4FBF9F0013804921B
S31508006E64F9F7E6F90230A4EB8004D145B4FBF9F549
S31508006E74049A56D8BAFBF9F001380492F9F7D8F906
S31508006E84861CAAEB8606B6FBF9F63046F9F7D0F95E
S31508006E94AAEB800406FB1944049AB5422FD94FF08D
S31508006EA4040B4FF0010A0DF11409049400E0BA6EBC
S31508006EB495FAA5F0AC1BB4FA84F4B0FA80F0C4F1E0
S31508006EC41F04844228BF0446116A059B4FEA840CB2
S31508006ED48B420CF1040027D2D269904224D80422AA
S31508006EE441463846CDE9019BCDF800C0FFF7A6FD1B
S31508006EF40AFA04F42D1B40B9B542D8D8049C059B5C
S31508006F040020119A1360129B1C6007B0BDE8F08F2D
S31508006F14D14504D80025ADE74FF0FF33F0E75446D2
S31508006F24EDE754460026B8E76FF0530007B0BDE80E
S31508006F34F08F00BF2DE9F04F8946096889B0CC1C4B
S31508006F4403D9002009B0BDE8F08F8046806ED9F8D1
S31508006F540850924682691C461544013DB5FBF2F376
S31508006F6402FB1353ED1A00958668D9F80C30D9F844
S31508006F740420B0470028E5D1D9F80CC0002C3AD033
S31508006F844FF0FF33CAF80030D9E900B39DB3CDF802
S31508006F941490CDF810A00446E1469A4606AE01E0E0
S31508006FA4A54224D9D8F868302A1B186A082A17462D
S31508006FB428BF082783450AEB040115D2DB6978182C
S31508006FC4984211D88DE8C2005B4604994046FFF7FB
S31508006FD435FD002809EB04013C4418D130463A46ED
S31508006FE406F0ACFC0028DBD06FF05300AAE7DDF806
S31508006FF41490D9F80CC0D8F86830FF219A6A60460C
S3150800700406F0ACFC4FF0FF33C9F8003099E7EBDA29
S3150800701498E700BF2DE9F84F0A9DDDE90BA9B9F1F8
S31508007024000F3BD00C461E46804693460027816EC9
S31508007034236809E08A692660B5FBF2F302FB135359
S31508007044EB1A63603346A760B342F3D16068A8427B
S31508007054F0D88B6A0344AB42ECD95A1B4A4528BF7D
S315080070644A46E368281A514618441544A9EB020906
S31508007074924406F02CFD6368A268EB1A934238BF63
S315080070841346D8F868108A6AA360934209D0B9F1FE
S31508007094000F03D0D8F868102368D5E70020BDE8A8
S315080070A4F88F01235A4621464046FFF743FF002836
S315080070B4EDD0BDE8F88F00BF2DE9F04F0027AFB03B
S315080070C4BDF8EC400E460594BDF8F040904606948B
S315080070D4BDF9F440B946CDE907401C46DDF8E8B0E9
S315080070E444F30903B3F1FF3F14BF2546651CF26850
S315080070F408F10403C5F309051D44954271D3399B68
S31508007104002B40F39280013B3993389B1D68D3F8D2
S3150800711404A008330D953893A14A89EA050303EABE
S315080071240B031340DCD1CBF38922002A7FD1C5F3A4
S315080071340A53002BD4D040F20112934200F0B580D2
S31508007144B3F5817F00F0FB80079B524605EB83214C
S31508007154DDE93E3098470028C0F2A480C0D0002F4D
S3150800716400F0A080013FC7EB071210A92EAB03EB72
S31508007174820301EB8202D2E9018453F86C2C53F89A
S3150800718464BC389253F8682C53F84C5C399233F83B
S315080071945C2C0EAE059233F85A2CA3F144010692E0
S315080071A433F9582CCBF3892C079253F8542C03C97A
S315080071B43E9253F8502C86E8030053F8609C53F823
S315080071C4786C53F848AC0D953F92BCF1000FAED0DD
S315080071D4059AC5F38923934282D3069A9342A6D382
S315080071E47EE708983368826E116A8B4258D2D26950
S315080071F405F1040A924553D8042202920DAACDE950
S31508007204005201460422FFF719FC00284AD1A84671
S315080072140D9D33682DBA654045F00045CDE90E3A13
S315080072242C460DF1380A0D9576E7002097E7C7EB4B
S31508007234071110A800EB81002EAA02EB8102014671
S3150800724442F8786CC0E9018442E919B99946059867
S31508007254389B22F85C0C069842F86C3C22F85A0CC7
S315080072640798399B22F8580C3E9842F8683C42F82D
S31508007274540C01F12C033F983F930EAB42E91405D5
S3150800728493E80300474B42F848AC443ACB4682E8B5
S315080072940300CDE9069901373E93CDF814901FE70C
S315080072A46FF053002FB0BDE8F08F3E4B3E9A9A42DA
S315080072B43FF416AFC7EB07122EAB03EB820392001B
S315080072C400210992A3F178003C220A9306F046FBB2
S315080072D4099A0A9B10A98A1843F8786CC2E90184AA
S315080072E44FF00008059A079923F85C2C389A43F856
S315080072F4609C43F86C2C399A23F8581C43E91A2BDA
S31508007304069A564623F85A2C3E9A4FF0FF3443F809
S31508007314542C3F9A4FF0005943F8502CC5F30902F0
S31508007324C5F389239B1A0B441BB20793531CCDE957
S315080073343888DFF874B0013705920693D0E6C5F3AA
S315080073440903002B3FF4CCAE0023CDE9099729465F
S31508007354DDE93E590B94079F1C4605E01CD10D999F
S31508007364C1F30902944217D29AF80000C1F389219D
S31508007374CA19DAF8081000F5407041EA005141EAE2
S3150800738482214846DAF80420A847002804F10104B3
S315080073940AF10C0AE2DA85E70B9CDDE909979FE610
S315080073A40000F07F6569000800FC0F602DE9F04FC6
S315080073B4D1E9006585B0884699460292002B62D0C9
S315080073C404469A4693460027806E2369039109E08A
S315080073D482692661B5FBF2F302FB1353EB1A636168
S315080073E43346A7619E42F3D161698D42F0D3836A1D
S315080073F40B449D42ECD25A1B524528BF5246E069BB
S31508007404691A084415445946AAEB020A934406F035
S315080074145EFBD4E90523A5EB020C9C4538BF9C46C4
S31508007424A06E836AC4F818C09C4505D0BAF1000F4B
S3150800743427D0A06E2369D5E72169CB1CF6D8D0F8E6
S3150800744418E0D0F818800EF1FF3EF444D0F818E09E
S31508007454E369BCFBFEFE08FB1ECEACEB0E0CCDF8B6
S3150800746400C0D0F808C0E047E0B9A36EFF219A6AC5
S31508007474E06906F073FA4FF0FF332361BAF1000F9F
S31508007484D7D1DDF80C804A460299D8F80C0005F0E5
S315080074947FFA02460020D8F80430C8F80C204B447A
S315080074A4C8F8043005B0BDE8F08F00BF2DE9F04FE9
S315080074B4D1E903458BB08B4682469046DFF8EC90BB
S315080074C4059521E0DAF86820DBF80030116A8B426A
S315080074D465D2D269974262D804220DF1140C02923D
S315080074E451465046CDE9004CFFF7A8FA85EA090249
S315080074F4002838D1059B2E491BBA6B4023F000435C
S315080075040A42059313D01D4645F30906B6F1FF3F13
S3150800751414BF2B466B1CC3F30903221F03F108018E
S315080075248C42A2EB030404F10407CBD22BE0013608
S3150800753429D0DAF86820C5F30904DBF80030106AA4
S315080075440C2C28BF0C24834229D2D269E019904214
S3150800755425D806AE2246514650460097029401960F
S31508007564FFF76CFA98B100281CDBD8E90054DDE96A
S315080075740612D8F80830089869406240C8E900122B
S315080075844340C8F8083000200BB0BDE8F08F014628
S31508007594C4F10C02301906F0E1F92846E3E76FF066
S315080075A45300F1E7831CEED0EEE700BF0C00F07F32
S315080075B40000F07F2DE9F04F8A461946C36BDAF8C6
S315080075C410401F0D89B017F4E06781469346DAF830
S315080075D40C50079410D0026CDAF80000824200F0CE
S315080075E48580D9F84470DAF80460B7427ED0B2428E
S315080075F47CD0B8427AD00027DFF82C81059104E0C4
S31508007604624012EA080F4ED01C4644F30906B6F146
S31508007614FF3F14BF2346631CC3F309032A1F03F160
S3150800762408018D42A2EB030505F1040067D3D9F8D6
S315080076346820DAF80030116A8B4265D2D269904222
S3150800764462D804220DF11C0C4946CDE9005C02926D
S315080076544846FFF7F3F9210D01F4E06CABEB07029A
S31508007664002840D1079BBCF5806F1BBA83EA040344
S3150800767423F000430793C3D12C48C2F3892C104046
S31508007684C4F3892E40F08040E64549B240F48010A0
S31508007694B6D8A04207EB812731D0ABEB070262408C
S315080076A412EA080FB0D10136059928D013980A1D95
S315080076B42A44D9F86810C4F30905854228BF054643
S315080076C4DAF80030086A83421ED2C969A8188842C3
S315080076D41AD80092129A4946019248462A460295B1
S315080076E4FFF7ACF9A8B109B0BDE8F08F104FC3F3A2
S315080076F48923CBF38922934288BF00277CE76FF05E
S31508007704010009B0BDE8F08F6FF0530009B0BDE879
S31508007714F08F139B01465A1B129B581906F01EF943
S31508007724381909B0BDE8F08F00FCF7FF00FC0F001C
S3150800773400FCFFFF2DE9F04F88469346496BD8F8BD
S315080077442C208BB0914280F0D780521A9A4228BFD7
S315080077541A461446002A00F09880CDF814B08146DB
S3150800776493460992D8F83030580354D5D9F8682086
S31508007774D8F83C50D769BD424DD07E1B5E4528BF1C
S315080077845E46DB025BD508F10802B8F804A0731953
S3150800779404925E4ABB4242EA8A2A00F2B180002E6B
S315080077A400F0A580059B0896CDE90663D8F8403015
S315080077B4D8F84C40023306D1D8E911130B449D423C
S315080077C401D28D4265D26FF00102D9F86830C8F843
S315080077D440205E69D3F828E00094741E3C442C4487
S315080077E4B4FBF6FC06FB1C4CB5FBF6F3A4EB0C0445
S315080077F4744528BF744606FB1353EB1AC8E91134BB
S315080078045246484604990194FFF7D4FE0028CDDA77
S315080078140BB0BDE8F08FDA0254D56FF001020D46BD
S31508007824C8E90E21D9F8682043F48023D769C8F833
S3150800783430307E1B5E4528BF5E46DB02A3D4126A3F
S31508007844D8F8383008F14001934259D27219BA422D
S3150800785456D805983A460190009548460296FFF789
S31508007864EDF80028D4D1D8F83C303344D8F834108D
S31508007874C8F83C30059B31443344BBEB060BC8F8C7
S31508007884341005937FF46EAF099C20460BB0BDE80F
S31508007894F08F5E1B069B691A9E4228BF1E460798F0
S315080078A43246214406F013F9079B354433440793BB
S315080078B4069B9B1B06937FF479AF089ED8F83C3049
S315080078C43344D3E708F13C0208F13803CDE9013221
S315080078D44846D8E90A23009108F14001FFF7AAFAB5
S315080078E4002895D1D8F83030D8F83C509AE7D8F81B
S315080078F43410C8F83C3035E700200BB0BDE8F08FEB
S315080079046FF053000BB0BDE8F08F00BF00001020E5
S315080079142DE9F04F89B00593C36B0C694FEA1358E8
S3150800792418F4E06881468A469346CD68079427D0BA
S31508007934026C09688A427CD0466CDAF804008642EE
S3150800794477D0824275D0B14273D04FF0000817E061
S315080079544848C2F3892C1040C4F3892E40F080406D
S31508007964E64549B240F4801005D8A04208EB8128C0
S315080079746AD0ABEB0802404962400A4239D01C4639
S3150800798444F30906B6F1FF3F14BF2346631CC3F349
S3150800799409032A1F03F108018D42A2EB030505F129
S315080079A4040751D3D9F86820DAF80030116A8B42F3
S315080079B44FD2D26997424CD8042207A84946CDE942
S315080079C4005002924846FFF739F8210DABEB08023E
S315080079D401F4E06C50BB079BBCF5806F1BBA83EAC5
S315080079E4040323F000430793B2D0234962400A42B2
S315080079F4C5D1013628D0129AC4F30905D9F86810F6
S31508007A04954228BF1546DAF800300A6A934220D20E
S31508007A14CA69E91991421CD8059A49460192484609
S31508007A242A4600970295FFF709F8B8B109B0BDE8E8
S31508007A34F08F124AC3F38923CBF389218B4294BF6F
S31508007A4490464FF000089BE76FF0010009B0BDE8C7
S31508007A54F08F6FF0530009B0BDE8F08F0146129B12
S31508007A6405985A1B284405F079FF08EB040009B069
S31508007A74BDE8F08F00FC0F0000FCFF7F00FCFFFF51
S31508007A842DE9F04F89B00593C36B0C694FEA135877
S31508007A9418F4E06881468A469346CD68079427D049
S31508007AA4026C09688A427CD0466CDAF8040086427D
S31508007AB477D0824275D0B14273D04FF0000817E0F0
S31508007AC44848C2F3892C1040C4F3892E40F08040FC
S31508007AD4E64549B240F4801005D8A04208EB81284F
S31508007AE46AD0ABEB0802404962400A4239D01C46C8
S31508007AF444F30906B6F1FF3F14BF2346631CC3F3D8
S31508007B0409032A1F03F108018D42A2EB030505F1B7
S31508007B14040751D3D9F86820DAF80030116A8B4281
S31508007B244FD2D26997424CD8042207A84946CDE9D0
S31508007B34005002924846FEF781FF210DABEB08027E
S31508007B4401F4E06C50BB079BBCF5806F1BBA83EA53
S31508007B54040323F000430793B2D0234962400A4240
S31508007B64C5D1013628D0129AC4F30905D9F8681084
S31508007B74954228BF1546DAF800300A6A934220D29D
S31508007B84CA69E91991421CD8059A49460192484698
S31508007B942A4600970295FEF751FFB8B109B0BDE829
S31508007BA4F08F124AC3F38923CBF389218B4294BFFE
S31508007BB490464FF000089BE76FF0010009B0BDE856
S31508007BC4F08F6FF0530009B0BDE8F08F0146129BA1
S31508007BD405985A1B284405F0C1FE08EB040009B0B1
S31508007BE4BDE8F08F00FC0F0000FC0F7000FCFFFFDF
S31508007BF42DE9F04F1446826E9DB0156A09932368E1
S31508007C040591AB4280F0068261688D4240F2028299
S31508007C140026D5698146032DCDE914660ED90422BA
S31508007C2414A90191009601460292FEF707FF8646BB
S31508007C34002840F00881D9F868206168136A9942D7
S31508007C4480F00C81D369032B40F208810B4600218E
S31508007C540422009115A90191484649460292FEF765
S31508007C64EDFE8646002840F0F680DDE914239B1ACB
S31508007C74002B40F3F3800123002254F823100598BF
S31508007C8483F0010801601CA901EB830353F8203C27
S31508007C944FF0020B54F82810C0E902324FF0FF33B4
S31508007CA4CDE90EB8089300F1080341600C93B04B74
S31508007CB4042293E8030016AB83E803000C994FF0FB
S31508007CC4FF3004F065FE059AD9F86830D2F800B09A
S31508007CD4D3E907215945129040F293824FF0FF3AAF
S31508007CE4002355460424DA46089910930D911AAFD1
S31508007CF411930A9304F1040B934500F2CD800421F1
S31508007D04029113A9CDE90041534649464846FEF770
S31508007D1495FE0646002840F05F810422129813A9AE
S31508007D2404F036FE139B12901BBA6B40002B069385
S31508007D341393C0F24F8243F309021846B2F1FF3F88
S31508007D4408BF0133D9F86810C3F30908D1F81CC071
S31508007D5408EB0B036345079300F29E80020D059D0D
S31508007D6402F4F060B0F5A06FD5F800A0154677D0F8
S31508007D74B8F1000F00F0208235460B94664601E000
S31508007D84D9F86810A8EB05040B6A082C28BF082440
S31508007D9453450BEB050CA6EB05027DD9C96904EB23
S31508007DA40C038B42254477D8534649464846CDE9C1
S31508007DB40174CDF800C0FEF741FE002840F00B819F
S31508007DC439462246129804F0E3FDA8451290D7D8FE
S31508007DD41399059B0D0D2A460B9CD3F800A012F4A3
S31508007DE4E06340F0C9800A9AC1F38923934201D318
S31508007DF401330A93269B83EA0104099B1C4040F03D
S31508007E04AD802998289B1AAACDE91AAB9847061E6D
S31508007E14C0F2F181139B00F09D800899554A594098
S31508007E240A40002A00F09480022E40F09480089AB2
S31508007E34C3F38921C2F389228A42C0F08C8043F0B5
S31508007E440043089387E010F1540F3FF4F4AE7046EC
S31508007E541DB0BDE8F08F10F1540FF8D100230BE7DD
S31508007E640B6A534518D904F108039C4514D3042115
S31508007E7402911AA901915346624649464846CDF8E5
S31508007E8400B0FEF7DBFD0646002840F0A5801A9AE6
S31508007E94129B9A4200F02E810024059BDB68002B76
S31508007EA400F0A0809A460023059ADDF834E093751D
S31508007EB44CB1D9F868309A69BAFBF2F402FB14A4F7
S31508007EC4002C00F0CF80D9F83C301A0D12F4E06F7C
S31508007ED40ED00598D9F8402001688A4224D0D9F8EA
S31508007EE44440406884421FD082421DD0A1421BD020
S31508007EF4279B43B1059B9A8ACEF38923934228BFCD
S31508007F041346279A1380BEF1000FA0DACEF389230D
S31508007F14059A928A9A4294BF4FF0000E6FF0010EAA
S31508007F2470461DB0BDE8F08FC3F38923CEF38921CB
S31508007F34994240F2FF304FEA9E2200F01181BEF1C9
S31508007F44FF3F00F03B81994288BFAEF5806ECFE7CC
S31508007F544FF0FF330893059BD3F800A0DDE90654D8
S31508007F64D9F86830D3E9072151453FF6C3AE93E7FC
S31508007F7428E8000800FCFF7FB3F5806F50D0B3F5FE
S31508007F84C06F00F0FB8040F2FF53C2F30A029A4224
S31508007F947FF430AFD9F86830D3E9072151457FF625
S31508007FA47BAF04F10C039A42FFF476AF08210291E1
S31508007FB418A90191534649464846CDF800B0FEF73C
S31508007FC43DFD54303FF468AF01231093059B139984
S31508007FD4D3F800A00EE7064616F1540F3FF45CAF3B
S31508007FE4B64634E70F9A1CAB03EB820353F8203CDE
S31508007FF4059A9360D2E90003C2E900300E9A012A71
S315080080042BD1834C40F27F52CDE900048149824842
S3150800801405F006FC6FF0530E70461DB0BDE8F08FF0
S315080080240A9B6DB22B449BB2089A0A937B4B134066
S3150800803443F09F4343F4E0038B4257D0531C104646
S315080080443FF4D8AEC2F38923C1F389229342FFF4DD
S31508008054D1AE00EB85230893CCE60D9B0893012348
S315080080640E9324E6109A002A3FF42DAFDA69DDF858
S3150800807460B00692059A4FF0FF37D2F80080BBF13C
S31508008084000F2BD01AADCDF81CE001E0D9F8683002
S31508008094ABEB0406186A082E069A28BF08268045FC
S315080080A40AEB0401A2EB040216D2DB6970189842A3
S315080080B4344411D88DE86200434649464846FEF7DB
S315080080C4BDFC002840F08F8038462946324604F025
S315080080D45FFCA3450746D9D8DDF81CE0199B059A29
S315080080E4DB1BB3FA83F35B099375ECE642F00043B2
S315080080F408937FE6139B069A1B0D82EAC37512A999
S315080081040422D9F82C0004F043FC0A9BC9F82C0075
S31508008114059845F309018382119BB1F1FF3F14BF0A
S315080081242A466A1CC375139BD0F800A043F30901B9
S31508008134B1F1FF3F08BF01334FF0FF31C3F3090321
S3150800814404332344C360C2F3090303EB0B04179BEC
S315080081540561C361169B12918361089B0D93FFE623
S31508008164C2F30903279A002A3FF4D2AE1146059AA8
S31508008174928A9A4228BF1A460A80C9E605F001037C
S315080081841193D9F86830D3E9072151457FF684AEAF
S3150800819404F10C039A42FFF47FAE16A9CDE900B1A7
S315080081A408215346029148464946FEF747FC0646C7
S315080081B400283FF40BAF0FE7069910E6279B33B167
S315080081C41A46059B9B8A834228BF0346138040F2BE
S315080081D4FF339DE62C0D04F4F064A4F5A064B4FA08
S315080081E484F4640959E610F1540FDDF81CE03FF4F1
S315080081F475AF86462BE616F1540F3FF44EAEB646D7
S3150800820425E6089B0D9300231C46109345E600BFFC
S3150800821458EF000878F20008ACF2000800FC0F00DA
S315080082242DE9F04F01230026934605460C46B2462F
S315080082341F469C46C2E906638BB00DF11C0902F180
S315080082441808059601264FEA4C0CCDF810C0204BA9
S31508008254CDF80C90CDE901A31E4B42460093636802
S31508008264594609932368284608931B4B0795FFF735
S31508008274BFFC08B1831C09D1DBF81830581C03D09D
S31508008284DBF81C20511C04D16FF001000BB0BDE8CB
S31508008294F08F0599994209D09F4202D105998A42DD
S315080082A406D00499B1420FD00136D0E79742F3D1EC
S315080082B441F2D432094B0A490A4805F0B1FA6FF07B
S315080082C453000BB0BDE8F08F8C4617460593B9E703
S315080082D4B96C000808000020FF03F07F58EF000877
S315080082E478F20008E4F200082DE9F04F4FF0010C8B
S315080082F44FF0000E4FF0FF36144681460D4667468A
S315080083047346B246E046C2E906EC85B002F1180B9C
S31508008314E269511C22D09E4229D0534535D047459F
S3150800832437D008F10108296899421CD06868904238
S3150800833419D0984217D0914215D000234FF0FF3C2C
S31508008344CDE90233CDE900C35A4621464846634679
S31508008354FFF74EFC40B9A369581CD9D16FF0010048
S3150800836405B0BDE8F08F002005B0BDE8F08F524592
S31508008374D3D141F28E320A4B0A490B4805F050FA1A
S315080083846FF0530005B0BDE8F08FB242F1D047450F
S31508008394C7D192461E464FF001087F00C3E700BFC7
S315080083A458EF000878F20008E4F200082DE9F04FC7
S315080083B49A4613688DB08146884607920493BAF1A3
S315080083C4000F03D040F2FF33AAF80030D9E9082396
S315080083D44D4CC8E9062308F118034C4A0693049E33
S315080083E421463046059205F0DFFA37182146054638
S315080083F4384605F0C8FA01280646059A6ED00228BA
S3150800840402D13B782E2B70D0BB19059601251E4642
S31508008414934604932146304605F0C6FA0644214697
S31508008424304605F0B0FA80B1022802D00135064478
S31508008434F0E732782E2AF9D172782E2AF6D1013D40
S31508008444F5D1B31C5A460493C9E73B785A46059EA8
S31508008454002B3FD0079B1F60130D022B51D140F20E
S31508008464FF33CBF389229A420CD00823009303F1F5
S31508008474005343EA822241464846069BFFF700FB1F
S31508008484021E27DBDDF818B009AD03E031D198F8F0
S31508008494173083B32F21384605F068FA8446BCF1B1
S315080084A4000F0CBFD4464FF0000CDFF864E04FF021
S315080084B4F0435A46414648460395CDF808E00096E7
S315080084C4CDF804C0CDE909970B96FFF791FB002870
S315080084D4DCDA024610460DB0BDE8F08F049B5B5DFE
S315080084E42E2B91D1BB19049379E77B782E2B8BD14C
S315080084F4F8E7024673E76FF0010210460DB0BDE8CF
S31508008504F08F6FF01302E5E774F2000800FC2F0001
S315080085148D6D00082DE9F04F00254FF001098346BB
S315080085248846836D99B09C4605F1010A85F00105D4
S31508008534DBE917140AE0013CCBE91724DBF864608D
S3150800854456F82000034000F05381114601F01F033A
S315080085548C4501F101024FEA511009FA03F3EAD1F5
S31508008564DBF85410002C00F02483DBF868206144FF
S31508008574106AD26AB1FBF0F700FB1711CBF8541056
S31508008584D100A1424FF0000628BF2146CBF85C6013
S31508008594CBF85810DBF86400314605F0DFF9012200
S315080085A454463746CDE91166CDE91366CDE9156615
S315080085B41096AA461646CDF85C9001237600CDE9B6
S315080085C4074A05963D46394692461E46CDF8248006
S315080085D4DBF86870DBF85430386AC31A1944B1FBFF
S315080085E4F0F400FB1411DBF85840A14212D2DBF870
S315080085F46420480952F8203001F01F0109FA01F1F4
S315080086040B4342F82030386ADBF85430179ADBF803
S315080086145840C31A1344B3FBF0F200FB1233A342C7
S315080086240BD2DBF86410580951F8202003F01F0315
S3150800863409FA03F31A4341F820204FF0FF330024C4
S315080086445846CDE90034CDE9024416AA10A9FFF725
S31508008654CFFA0346002840F03781BDF854203AB3D0
S3150800866404460827A84606969C4B584603EA8422DD
S3150800867442F000520CAB009742F0080210A9FFF72B
S31508008684FFF9031EC0F21D8140F20221B1EB135F0C
S315080086944FEA135200F02481B2F5007F00F0AA8154
S315080086A4BDF854200134A3B29A42DDD84546069E45
S315080086B41699481C03D0179A531C40F0D681DDE955
S315080086C407A5DBF82820DDF82480144652B9E4E12E
S315080086D403F49013B3F5003F00F0E2812468002CFC
S315080086E400F0DB81A379012BF8D1236B03F48812FC
S315080086F4B2F5803FECD1D4E90A76002EE8D0DBF84F
S315080087046830013ED96908398E42C0F06082B6FBEA
S31508008714F1F0013806930591F7F78AFD0599821C4D
S31508008724A6EB8202B2FBF1F31946069B186A04F11A
S315080087344003CDE9053ADBE915E2A2460795012689
S315080087440C4675463B185B1BB3FBF0F100FB113373
S3150800875493420BD20120DBF86420590903F01F0366
S31508008764984052F82130034342F82130002C00F097
S315080087741A820EAB02930023009704F001070193B3
S31508008784C7F102039B0003935A4658460599FEF718
S31508008794DBF90346002840F09780DBF868C0DBF86D
S315080087A45450DCF820000E9A411B0A44B2FBF0F13F
S315080087B400FB1121DBF8582097B991420FD2DBF858
S315080087C46420480952F8203001F01F0106FA01F125
S315080087D40B4342F82030DCF82000DBE9155201236C
S315080087E418A901EB8303023C3C4453F8287CA9E707
S315080087F4DBF868001A46DBF854300B44016AB3FB0D
S31508008804F1F401FB143348F82530DBE91634A342A6
S315080088140AD114E0DBF860109C4201F1FF31CBF871
S315080088245C40CBF860100AD0610956F8215004F070
S315080088341F0109FA01F1294204F10104EAD1BAF146
S31508008844020F4FF001057FF46EAE06461146424606
S315080088540020346A52F8083BC8F80800A34212D22A
S31508008864F469032C0FD90192042259460090029206
S315080088745846FEF7E3F8D8F808108646002840F06C
S31508008884B180DBF86860736A002B0BDD013343F0B3
S31508008894010201398B18B3FBF2F102FB11329B1A60
S315080088A4C8F8083000224FF0FF3304219646C8E979
S315080088B40313C8E90523C8F81C30704619B0BDE887
S315080088C4F08F9A1C3FF4ECAE9E460023DBF8682032
S315080088D4126ACBE91633CBF86020EEE700FCFF03F7
S315080088E4DDE90C35002D3FF4DBAEDBF86860013DAD
S315080088F4F16908398D42C0F0B680B5FBF1F001384C
S315080089040B930A91F7F794FC0A990230A5EB8005B4
S31508008914B5FBF1F50B9B326ADBE915018446104673
S315080089245A46D3469246CDE90A480EAE1C18A4EB1D
S315080089340C04B4FBF0FC00FB1C4088420CD2DAF8A9
S3150800894464404FEA501C00F01F0154F82C0009FA41
S3150800895401F1084344F82C00002D00F03E810093F1
S31508008964002305F001080193C8F102039B00039351
S315080089745246002150460296FEF7E6F803460028BA
S3150800898440F03181DAF86820DAF854C0106A0E9992
S31508008994A0EB0C040C44B4FBF0F100FB1144DAF828
S315080089A45810B8F1000F15D18C424FF0010311D2BB
S315080089B4DAF864004FEA541C50F82C1004F01F042B
S315080089C409FA04F4214340F82C10DAF854C0106A62
S315080089D4DAF8581018AA02EB8303023D53F8283C28
S315080089E44544A3E710F1540F3FF44BAF704619B052
S315080089F4BDE8F08FDBF86850DBF85430296A0C9A26
S31508008A04CB1A1A44B2FBF1F001FB1022DBF858002A
S31508008A14824212D20123DBF86410500902F01F02C5
S31508008A2403FA02F251F82030134341F82030296A38
S31508008A34DBF85430DBF85800CB1A0D9A1344B3FB11
S31508008A44F1F201FB12338342BFF42AAE0120DBF8AC
S31508008A546420590903F01F03984052F82130034350
S31508008A6442F821301CE6002555E7A94209D05145AC
S31508008A7401D1954207D0059BB34200F0C180013667
S31508008A84A6E59245F3D14FF49952614B6149624880
S31508008A9404F0C6FE6FF0530E17E7DBF858C047E537
S31508008AA4D4E90D67002E3FF419AEDBF86820013EC1
S31508008AB4D16908398E42C0F08D80B6FBF1F00138D1
S31508008AC406920591F7F7B4FB0599831CA6EB830375
S31508008AD4B3FBF1F31846069A04F14003CDE9053AC7
S31508008AE4DBE915CE4346CDE90754D84604460126A4
S31508008AF4654670469B46116A7B185B1BB3FBF1FC03
S31508008B0401FB1C3383420ED24FF0010CD8F86410D3
S31508008B14580903F01F030CFA03FC51F8203043EA02
S31508008B240C0341F82030002C63D00EAB02930023CB
S31508008B3404F0010A0193CAF102039B000393424617
S31508008B44404605990097FDF7FFFF034600284DD1D7
S31508008B54D8F86820D8F85450116A0E984F1B384430
S31508008B64B0FBF1F701FB1707D8F85800BAF1000F64
S31508008B7411D187420ED2D8F86410780951F82030FA
S31508008B8407F01F0706FA07F73B4341F82030116A36
S31508008B94D8E91550012318AA02EB8303023C53F8BB
S31508008BA4287C5444A8E75446079DDDF818A0236B8F
S31508008BB48EE508466346164C034440F2AA22154934
S31508008BC41648009404F02CFE6FF01B0E75E600227E
S31508008BD41146ABE5002318467EE75346DDE90A4805
S31508008BE4DA469B465CE58646D3466EE68646C34623
S31508008BF46BE65B46DDE906A5C346089C98466DE523
S31508008C040F46DDE9074A059EDDF82480D5E400BF52
S31508008C1458EF000878F20008E4F2000810F3000898
S31508008C242DE9F04F4FF0010B8246884697B0DAF8E3
S31508008C345870DAE917200AE00138CAE91710DAF891
S31508008C44645055F82440234200F047810A4602F04E
S31508008C541F03974202F101014FEA52140BFA03F378
S31508008C64EAD1DAF85440002800F0D082DAF868200D
S31508008C742744116AD26AB7FBF1F501FB1577D100CF
S31508008C8481424FF0000428BF0146CAF85470CAF856
S31508008C945C40CAF85810DAF86400214604F05EFE0F
S31508008CA401222146CDE90E44CDE91044CDE912440A
S31508008CB41494174644469446D04615924FF0010A32
S31508008CC4894615464FEA4C0CCDF814C0CDF810A0C9
S31508008CD40794D8F868C0D8F85430DCF82000C31ACA
S31508008CE41944B1FBF0F400FB1411D8F85840A1421A
S31508008CF413D2D8F86420480952F8203001F01F012D
S31508008D0407FA01F10B4342F82030DCF82000D8F8C2
S31508008D145430159AD8F85840C31A1344B3FBF0F2E2
S31508008D2400FB1233A342C0F014814FF0FF33002432
S31508008D344046CDE90034CDE9024414AA0EA9FEF74B
S31508008D4457FF0346002840F0F980BDF84C203AB393
S31508008D5404464FF0080A0695C34B404603EA8422A4
S31508008D6442F000520AABCDF800A042F008020EA960
S31508008D74FEF786FE031EC0F2DE8040F20221B1EB46
S31508008D84135F4FEA135200F0F180B2F5007F00F04A
S31508008D946D81BDF84C200134A3B29A42DCD8069DF5
S31508008DA41499481C03D0159A531C40F09881C2465E
S31508008DB4DAF82820DDF81C80164652B937E702F49B
S31508008DC49012B2F5003F00F0A5813668002E3FF4F4
S31508008DD42EAFB379012BF8D1326B02F48813B3F5AD
S31508008DE4803FECD1D6E90A34002CE8D0DAF868706A
S31508008DF4013CFD69083DAC42C0F01A82B4FBF5F0AB
S31508008E0401380493F7F714FA821CA4EB8204B4FB22
S31508008E14F5F4049BDAE915021146D7F820E0012592
S31508008E24724600278E4606F1400904969918091ACF
S31508008E34B1FBF2F002FB101171450CD20122DAF8EB
S31508008E4464004E0901F01F0102FA01F150F82620C8
S31508008E540A4340F82620002C00F0D581009304F03C
S31508008E6401060CABCDE90173C6F102039B0003931B
S31508008E74524649465046FDF767FE0346002840F029
S31508008E84D481DAF868C0DAF85400DCF820200C99A2
S31508008E94A2EB000E8E44BEFBF2F102FB11E1DAF8F6
S31508008EA458E096B971450FD2DAF86420480952F8A1
S31508008EB4203001F01F0105FA01F10B4342F8203076
S31508008EC4DCF82020DAE9150E012316A901EB830341
S31508008ED4023C53F8283C3444A8E7DAF85430D1461F
S31508008EE41A44DAF868301B6AB2FBF3F103FB112261
S31508008EF4C8F80020DAE91603984216D0012409E0D6
S31508008F04D9F86020834202F1FF32C9F85C30C9F807
S31508008F1460200AD05A0955F8221003F01F0204FAF1
S31508008F2402F20A4203F10103EAD14FF0000A50465D
S31508008F3417B0BDE8F08F9A1C3FF42BAF9A46C1468A
S31508008F440023C9E91633D9F86820136AC9F86030CA
S31508008F54EDE7D8F86410580951F8202003F01F03E8
S31508008F6407FA03F31A4341F82020DEE6DDE90A3658
S31508008F74002E3FF40EAFD8F86850013EE969083967
S31508008F848E426FD3B6FBF1F0013809930891F7F7CF
S31508008F944FF908990230A6EB8006B6FBF1F6099B51
S31508008FA4CDE90849D8E91521C1469446286A0CAD85
S31508008FB41C18A4EB0C04B4FBF0FC00FB1C40884210
S31508008FC40CD2D9F864404FEA501C00F01F0154F83B
S31508008FD42C0007FA01F1084344F82C00002E00F08F
S31508008FE429810093002306F001080193C8F10203BE
S31508008FF49B0003934A46002148460295FDF7A4FDC3
S315080090040346002840F01281D9F86820D9F854C0DC
S31508009014106A0C99A0EB0C040C44B4FBF0F100FBA9
S315080090241144D9F85810B8F1000F13D18C424FF0F7
S3150800903401030FD2D9F864004FEA541C50F82C10D7
S3150800904404F01F0407FA04F4214340F82C10106AAC
S31508009054D9E915C116AA02EB8303023E53F8283C44
S315080090644644A5E700269BE700FCFF03D8F868609A
S31508009074D8F85430316A0A9ACB1A1A44B2FBF1F07A
S3150800908401FB1022D8F85800824212D20123D8F8DC
S315080090946410500902F01F0203FA02F251F8203054
S315080090A4134341F82030316AD8F85430D8F85800B8
S315080090B4CB1A0B9A1344B3FBF1F201FB1233834226
S315080090C4BFF467AE0120D8F86420590903F01F03DA
S315080090D4984052F82130034342F8213059E649456D
S315080090E40BD0A94201D1914509D0DDE90430984253
S315080090F400F0AA8001330493EBE59542F1D14FF4CD
S315080091049952534B53495448C14604F089FB6FF0AE
S31508009114530A15E7D6E90D47002C3FF456AEDAF89C
S315080091246890013CD9F81C50083DAC427BD3B4FB8B
S31508009134F5F00138F7F77CF8831CA4EB8304B4FB39
S31508009144F5F4DAE9151E06F14003CDE9043643467B
S31508009154D9F820C0D0464FF00009012560469A4642
S315080091643B185B1AB3FBF0F100FB113373450BD2C2
S315080091740126D8F86410580903F01F039E4051F8D5
S315080091842030334341F82030002C58D00CAB04F07F
S315080091940106CDE90193C6F102039B0003934246F7
S315080091A4404604990097FDF7CFFC034600287FF450
S315080091B4C5AED8F86820D8F85410106A0C9FA0EBEE
S315080091C4010EBE44BEFBF0F700FB17E7D8F858E0DB
S315080091D48EB977450ED2D8F86410780951F820303C
S315080091E407F01F0705FA07F73B4341F82030106AD2
S315080091F4D8E9151E012316AA02EB8303023C53F889
S31508009204287C3444ACE7049E326BD8E53B461048C8
S3150800921440F2AA2200900F491048234404F000FBA8
S315080092246FF01B0A83E600248BE7D1469A4687E645
S315080092340024EFE5C846089CDDF82490A9E55346C2
S31508009244059EC2469846C0E5DDF814C0079C35E578
S3150800925458EF000878F20008E4F2000810F3000852
S315080092642DE9F04F814689B00C46484607A9FFF711
S31508009274D7FC0746E8B9D9F868000799C368984738
S315080092840746D8B110F1540F13D15C4D40F69352EA
S31508009294079B5B495B48009504F0C2FA4FF0FF331D
S315080092A44846C9F8103007A9FFF7BAFC074600284C
S315080092B4E1D03D46284609B0BDE8F08FE36B002BA4
S315080092C400F099803E460597226BA3EB0608D30265
S315080092D440D5D9F86830B4F804A0DA694A49731C49
S315080092E4934204F1080B41EA8A2A00F28180236C2E
S315080092F4E26C023306D1D4E911130B44B34201D903
S31508009304B14269D96FF00103D9F8681023644B692F
S31508009314D1F828C05D1E45443544B5FBF3F703FB75
S315080093241757B6FBF3FEED1B654528BF654603FBD9
S315080093341E63F31A00925946C4E911355246484643
S315080093440195FEF737F90028D1DA0546284609B00B
S31508009354BDE8F08F0127A26B0DF11B050092434669
S315080093644A464846CDE9016504F140010397FDF7ED
S31508009374EBFB0028E9D101274A464846CDE90065B2
S31508009384079B09F110010297FDF744FE58BBE36BEE
S315080093940136B34298D84F46059DBB6EF9699A6A59
S315080093A4E06C04F094FBD7E90413BA69C4E9101312
S315080093B4BB6EA2649A6AFF21F86904F0CFFA4FF0EB
S315080093C4FF312846236B079A43F400333961A263B5
S315080093D4236309B0BDE8F08F711A535C0DF11B05C0
S315080093E48DF81B30C7E710F1540F3FF44EAFACE7C6
S315080093F46FF05300A9E705464F46CEE758EF000835
S3150800940478F2000838F30008000010202DE9F04F20
S3150800941499460B6B8A46DC02804615468FB019D5E9
S31508009424846E4F6BCA6A07EB090CA06C944538BF67
S315080094349446A16A002840F0EF80E269D00840F219
S31508009444FE328A4228BF0A46824228BF024662453D
S31508009454C0F03581B9F1000F00F098814F461A46DD
S315080094640AF14006CDF81890900300F1878012F4AB
S31508009474801340F0BF80DAF834E0BEF1000F40F004
S315080094844F81D8F86830089777461B6ACDE9046A8D
S31508009494DAF838B0C8F86030099540460CA9FFF7E1
S315080094A4BFFB00285FD1D8F868000C9DC36829461D
S315080094B49847002840F0F180D8F86810002F00F08B
S315080094C46781D1F81CA07C1EAAF10806B442C0F034
S315080094D4AA80B4FBF6F001380791F6F7A9FE023024
S315080094E4A4EB8004B4FBF6F42046F6F7A1FEA7EB3A
S315080094F4800304FB1636B245079900F00381002E53
S3150800950400F0F28000244FF001090DF1340A0797A0
S3150800951405E0BE42D8F8681040F2E6803C460B6A7D
S31508009524671C9B45A6EB040280F0F580CB699F4235
S3150800953400F2F1805B4641464046CDE901A9009414
S31508009544FDF77CFA78B92B4642464046CDE901A98F
S3150800955404990094FDF75EFD0028DAD010F1540F43
S31508009564079F00F09E80DDF814A0DAF8303043F443
S315080095740023CAF830300FB0BDE8F08FD8F8683049
S31508009584DAF83C90D869814548D0DAF83830A0EB47
S315080095940900B84228BF3846044648460AE010F18E
S315080095A4540FE2D151464046FFF75AFE0028DCD153
S315080095B4DAE90E300090424631464046CDE9015478
S315080095C4FDF728FD0028EAD1D8F868303F1B1A6A47
S315080095D4DAF8343025442344CAF83430DAF83C300F
S315080095E42344CAF83C30C8F8602000F0CD80DAF885
S315080095F4302039E7D8F86830D8696FF00103DAF80B
S315080096043490CAF83830CAF83C90A0EB090042F402
S315080096140032CAF83020BCE7C00810E7D102ECD4FF
S31508009624DAF834E02FE7BA455CD10123814607937B
S31508009634CDF834B0CDF828B000244FF0040ADDF88C
S315080096441CB00DAE0B9718E04C4504F1010412D07A
S31508009654D8F86820106A83425DD2D2698A425AD3FE
S31508009664042241464046CDE9016A0097FDF7E6F92A
S3150800967400287FF478AFA34573D0A7002B46049936
S3150800968442464046CDE9016A0097FDF7C3FC0D9BA7
S31508009694391D0028D8D0DDE90AB710F1540F7FF434
S315080096A462AF424A2B460092414940F63D42414840
S315080096B404F0B6F84FF0FF33059A1364EDE6236A0F
S315080096C4CAF83C705146C8F860304046FFF7C8FDF2
S315080096D4DAF8303000287FF44AAF23F48013CAF846
S315080096E43030B7E63E460DE7B146DDE9046A2B4657
S315080096F4CAE90E39C869089F099DDAF83020A0EB33
S31508009704090084E7621C92FAA2F9B9FA89F909F1FF
S31508009714010307938CE76FF05300DDF814A024E7E0
S315080097240D930EF1FF3300930DAB02930AF1380340
S3150800973401933146DAE90A234046FDF77BFB002804
S315080097447FF413AFD8F86830FF219A6ADAF84C0028
S3150800975404F004F94FF0FF33DAF834E0CAF840307D
S315080097648FE62B46079ADDF814A04FEA8209CAE960
S315080097740E39D8F86820089FD069049E099DDAF83E
S315080097843020A0EB090042E7DDF818904846F2E6D7
S31508009794BE462B46DDF814A0F146CAE90E3E089FDC
S315080097A4049E099DC869DAF8302030E758EF0008A6
S315080097B478F2000838F300082DE9F0470B6B0546E4
S315080097C458030C4698B008D5D90258BF4FF0FF3253
S315080097D423F4802358BF226423639A0303D4002006
S315080097E418B0BDE8F08713F48011666BD4F82C80A2
S315080097F456D1542203A804F0B1F801234FF0FF37D9
S315080098040F93A36A0DF14C0CB0450D93CDF838802F
S3150800981495E80F0010968CE80F002F601AD90123DB
S3150800982428460DF10B0203A9FDF784FF0028D7DBB0
S315080098340123214628460DF10B02FFF7E7FD002810
S31508009844CEDB2B68626B0133E36A37D09A421397EF
S315080098542F60E4D3DFF86CA0DFF86C90DFF86C8037
S3150800986404F1400711E010F1540FB9D1CDF800A066
S3150800987449464FF45F624046A36B03F0D1FF214685
S315080098842846FFF7EDFC0028AAD101232A463946C3
S315080098942846FDF74FFB0028E5D1D4E90C3203E04E
S315080098A4B045424638BF3246A16B23F4003343F42D
S315080098B48033C4E90A12C4E90C3690E79A42AED357
S315080098C4C8E700BF58EF000878F2000838F3000824
S315080098D441F309032DE9F04FB3F1FF3F14BF88465E
S315080098E401F10108D0F804B09146DBF80430DBF83E
S315080098F414200433C8F3090843449342066889B01C
S3150800990459D8DBF8083021F000456B401BBA079399
S315080099140C4604235946304607AAFDF747FD8246F6
S3150800992480BB002C32DAB8F1000F37D054460DF15B
S315080099341B07059501E0A04536D0B16ED9F800306D
S31508009944086AD9F8045083422544A8EB040205F1B1
S31508009954010E04F101042BD2C9698E4528D84FF0AB
S31508009964010C31463046CDE9017C0095FDF766F8D1
S3150800997438B901233A4659463046FDF717FD0028FB
S31508009984D9D08246504609B0BDE8F08F43464A46C8
S3150800999430465946FDF70AFD0028F2D1CBF808509F
S315080099A4504609B0BDE8F08F059DCBF80850F7E797
S315080099B46FF0530AE6E76FF01B0AE3E74B68826E1B
S315080099C42DE9F04F83468A46D2E9060103F11404C9
S315080099D4421E8C4294BF12195218B2FBF0F100FBD6
S315080099E41121521A93B09342059280F0E981043A00
S315080099F40A9200220B92089240F2FE310A9A03F167
S31508009A040408D21A8A4294BF90448844059A904519
S31508009A14C0F03B81FF238DF83730DBF86810D1E9B5
S31508009A240672D31B434580F04981DAE901314FF0C8
S31508009A34A04010ACA8F10402D31A034343F47F27C9
S31508009A4447F4406787EA01031BBA21460422DAF879
S31508009A540C001093069402F09BFFDAE900540346BF
S31508009A64DBF868000BF11002816A4FF00809CAF89E
S31508009A740C3011930026DBF8103009920CE0826949
S31508009A84CBF81050B4FBF2F302FB1343E31ACBF8FA
S31508009A9414302B46CBF818609D42F0D1DBF814300D
S31508009AA49C4203EB0102EAD39442E8D2121B4A45CC
S31508009AB428BF4A46DBF81C00E31A0699184407929D
S31508009AC404F005F8DBE905320799DBF868000C446D
S31508009AD4E31A934238BF1346826AA9EB01099342F3
S31508009AE4CBF818300AD0B9F1000F15D0DDE90632E3
S31508009AF413440693816ADBF81030CDE700235A46EF
S31508009B0458460999FDF716FA002840F0D280DBF882
S31508009B146800B9F1000FE9D1089B33B9DAF80430C3
S31508009B24DAF80C2004330B9208939DF837304FF07B
S31508009B34FF32DB431B0603F000437B40CAF80830B8
S31508009B44059BCAF804804345CAF80C2007D9DBF8F4
S31508009B541430826A1344434501D943464CE74FF00F
S31508009B64FF34DBF81010CBF80040CB1C1FD8DBF809
S31508009B741830856923442B44B3FBF5F205FB1232EE
S31508009B849B1A00938568DBF81C30DBF81420A84779
S31508009B94002840F08E80DBF86830FF219A6ADBF8EB
S31508009BA41C0003F0DBFEDBF86800CBF81040036901
S31508009BB4984700287DD1DAF80430059A9A423FF688
S31508009BC41BAF089B1A4603F1040CDAF810304FF061
S31508009BD4FF37B2EB0309DAF8008005932DD0CDF8E8
S31508009BE418A00026E24610ADDBF86830A9EB060497
S31508009BF4186A059A082C28BF0824804502EB060132
S31508009C04AAEB06023BD2DB6960189842264436D88A
S31508009C140091434659465846CDE90154FCF70EFFD0
S31508009C24002846D138462946224602F0B1FEB145F7
S31508009C340746D9D8D446DDF818A00B9BBB421ED1DB
S31508009C44DBF86820DAF80030116A8B4217D2D26939
S31508009C54624514D30424089A10AD0092594658460E
S31508009C64224601950294FCF7E9FE034610BB0590CB
S31508009C74224629460B9802F08BFE059BD0B16FF05D
S31508009C845303184613B0BDE8F08F1146143A9045AD
S31508009C9428BF9046FF2288458DF83720BFF4BDAE0D
S31508009CA44FF0A040DAF8081010ACC3E610F1540FD0
S31508009CB450D00346184613B0BDE8F08FDAF8009082
S31508009CC40B6A994519D208F101039A4215D3012161
S31508009CD402910DF1370101914B463A4659465846C9
S31508009CE4CDF80080FCF7AAFE10B110F1540FE0D1AC
S31508009CF4DBF86810DAF800908F694FF0FF330E9797
S31508009D040F933FB3002510AC01E0DBF868107A1B0B
S31508009D140B6A082A164628BF0826994508EB050C37
S31508009D2418D2C96906EB0C038B42354412D84B4644
S31508009D3459465846CDE90146CDF800C0FCF77EFEE3
S31508009D440028B3D1214632460F9802F021FEAF42CD
S31508009D540F90DAD8DAF80430DAF814200C33934280
S31508009D642BD8DAF8083010AC83F0BF4383F4FF032A
S31508009D7483F4F84383F008031BBA1093224604239A
S31508009D8451465846FDF712FB002892D1082351463E
S31508009D9458460EAAFDF70AFB00288AD19DF8370013
S31508009DA40B4BC043C0F3C01000F5A0601946CAF8AF
S31508009DB408300005DAF804303CE66FF01B0379E74F
S31508009DC400234FF0040C1A460B930893FDE600BFD4
S31508009DD408FCFF5F2DE9F04F0546806E9846436AF6
S31508009DE417468A6899B0002B0C46BDF88CA0BDF8B6
S31508009DF490B0496802F1010207DD013343F001031B
S31508009E04B2FBF3F603FB1626E6B14FF000094E46FD
S31508009E14A2604FF0000C4FF0FF32836CCDE9142298
S31508009E241291CDF84CC0CDF858C083B3083B1793AC
S31508009E34C368984700283FD010F1540F2CD019B0A6
S31508009E44BDE8F08F2368A260012B22D9012920D905
S31508009E544FF0FF332B614FF00109D4E90023012A9F
S31508009E6440F2CC80012B40F2C9802846211DFEF71A
S31508009E74D7FE30B110F11C0FE1D1B9F1000F00F093
S31508009E84C5804FF0000901266168A86EC1E7C36959
S31508009E94CCE74FF00109BCE74FF0FF332B61636849
S31508009EA4B9F1000FD7D16F4A6F4900926F4840F64F
S31508009EB4630203F0B5FCD0E70423284612A904F18B
S31508009EC40802FDF773FA0028B6D112AB0D93684B56
S31508009ED402460693674B28460293CAF100031BB24F
S31508009EE405930CAB0793CDE903AB4FF0FF33CDE9EC
S31508009EF4007822990C95FDF7DFF800289CD1A36910
S31508009F04013300F08680E369013300F08280139BF5
S31508009F1417990C338B42E27D78D8574B02F5C06209
S31508009F2443EA0252149B099253401BBA0E930EAB92
S31508009F341A4608932846042312A9FDF737FA002877
S31508009F447FF47AAF0823284612A904F11802FDF70C
S31508009F542DFA00287FF470AF099A1492089A002300
S31508009F640E93C2E901335EB9296BEB6B6A6C4B40FD
S31508009F740E93696B2B6C4B400F93AB6B534010934A
S31508009F840E9AAB6CE96C534023F47F7323F00303F6
S31508009F940E93DDE90F234A400F922A6D214653405A
S31508009FA42846089A1093FDF781FA00287FF447AFEC
S31508009FB4DDE90E231343109A13432ED1284612A91A
S31508009FC4FFF7FCFC00287FF437AFD4E90012149B92
S31508009FD4C4E90021139AABEB0A0AA4F814A0236176
S31508009FE4E260C5E91200286536B905F13C03303547
S31508009FF495E8070083E80700304620E7194C40F641
S3150800A004690219491D48009403F00AFC6FF01B0005
S3150800A01415E70EAB1A460893A1E7139B179A103354
S3150800A0249342F3D8149B284683F0FF4383F4FF0333
S3150800A03483F4F84383F00C031BBA0B9312A9042385
S3150800A0440BAAFDF7B3F900287FF4F6AE0C232846CD
S3150800A054089A12A9FDF7AAF900287FF4EDAE084B71
S3150800A0641493ABE758EF000878F2000838F30008B1
S3150800A074D598000800FC0F4008FC0F005CF30008A4
S3150800A0840CFCFF7F2DE9F04F83469246A7B0BDF836
S3150800A094C460DFF844921EAF0A910993012E40F278
S3150800A0A4858100243546A04613E040089269531E6C
S3150800A0B40344B3FBF2F002FB10301B1A8B4228BF91
S3150800A0C40B461E9A934228D204EB5504351B012DE0
S3150800A0D423D9A1B281484A4212B2CDE9052009988A
S3150800A0E4CDE90316CDE900A04FF0FF330022584608
S3150800A0F430990797CDF80890CDF87880FCF7DCFFFF
S3150800A104B8B9FE2DE0D8DBF86820D369906CA3F1C2
S3150800A11428010028C9D15808C8E7002C00F0468150
S3150800A12439465846FEF7F6F930B110F11C0F00F01F
S3150800A1342F8127B0BDE8F08FA5B2CDE90156309B33
S3150800A1440A9C0093E37D52468DF88F30E3693946BD
S3150800A1542593A36958462493099BFFF73BFE0028D9
S3150800A164E3DB01231E991F9AA161E261DBF8200053
S3150800A174E375236883420AD06668DBF82440A6425E
S3150800A18405D0A34203D0B04201D02E4686E7002D5F
S3150800A194FBD1CBE90812DBF868305B6A002B40F385
S3150800A1A4EB800A980133826843F001030132B2FB5B
S3150800A1B4F3F103FB1122002A40F0DE8003682BB179
S3150800A1C44268012A02D9012B40F0D68000230122D5
S3150800A1D40B9598461546D9465746CDE91F33CDE91A
S3150800A1E42133CDE9233312931E9325926D00164627
S3150800A1F41C464FF0010AAB464FF0FF33129A484605
S3150800A20402321292CDE90288CDF8048024AA1EA946
S3150800A2140093FDF7EDFC002840F0CD80BDF88C30A6
S3150800A2241BB3CDF830B00546A346082300932C4B40
S3150800A234484603EA852242F0005242F0080214AB6B
S3150800A2441EA9FDF71DFC0028C0F2B28040F20223C5
S3150800A254B3EB105F00F03C82BDF88C200135ABB23D
S3150800A2649A42E2D85C46DDF830B0249B5A1C03D0E7
S3150800A274259A551C40F02284D9F82840CB46BA467C
S3150800A2840B9D5CB900F026BC00F49010B0F5003FB5
S3150800A29400F038842468002C00F01C84A379012B70
S3150800A2A4F8D1206B00F48813B3F5803FECD1D4E9D8
S3150800A2B40A37DFF830C012AE04F14001002FE3D0AC
S3150800A2C45A465846CDE901C60097FCF717FD0028FB
S3150800A2D474D1206BD8E700BF00FC0F40D969000889
S3150800A2E400FCFF03F9690008DBF86840636A002B81
S3150800A2F40ADD013343F001035A1E6244B2FBF3F14B
S3150800A30403FB1123D21A1892309B042200930023CC
S3150800A3140193ADF86C308DF86E304FF0FF330A9C1C
S3150800A32402951A93E37D19928DF86F30E3695246C4
S3150800A3341D93A36958461C9316A9099BFFF74AFD62
S3150800A3440028C0F25A820123169AE375179BA26164
S3150800A354E3612568DBF82000854200F0EE82616837
S3150800A364DBF82440A14200F0E882A54200F0E58229
S3150800A374884200F0E28200250024309B524600936E
S3150800A3845846099B0A9902950194FFF723FDD0E6DE
S3150800A3940A9940F6B8024B68C8480093C84B354634
S3150800A3A401930B68C74903F03BFAF4E63546F2E62F
S3150800A3B4831C3FF451AFCB46BA460B9D0028FFF6E3
S3150800A3C4B8AEDBF868301B6AB0EB530FD4D200275B
S3150800A3D4D946BB4B40F6CF0200930A9BB9499B6802
S3150800A3E4B94803F01DFADBE915E3DBF86000CDF89C
S3150800A3F42CA007F1010B87F00107AA46B846754653
S3150800A4045F46CB469E46DBF85C2012E04FF0010C13
S3150800A4140138CBE91710DBF86460530956F8233082
S3150800A42402F01F040CFA04F414EA030C00F09981F0
S3150800A4340A46964502F10101E8D17346002800F060
S3150800A4447583DBF868202B44116AD26AB3FBF1F5ED
S3150800A45401FB1533CBF85430D30083424FF0000484
S3150800A46428BF03462146CBF85830DBF86400CBF8FE
S3150800A4745C4003F073FA012321461A4699463E4680
S3150800A484CDE91E44CDE92044CDE9224424942593FC
S3150800A494CDF830A014464FF0010A354647464FEA30
S3150800A4A449090D91DBF86860DBF85430306AC31A41
S3150800A4B41944B1FBF0FC00FB1C1CDBF858108C4556
S3150800A4C414D20122DBF864104FEA5C100CF01F0367
S3150800A4D402FA03F351F820201A4341F82020306A7F
S3150800A4E4DBF85430259ADBF85810C31A1344B3FB27
S3150800A4F4F0F200FB12338B420CD20122DBF8641013
S3150800A504580903F01F0302FA03F351F820201A43EB
S3150800A51441F8202000264FF0FF335846CDE902665D
S3150800A524CDE9003624AA1EA9FDF762FB8646002853
S3150800A53440F0B082BDF88C303BB30646A84612AB51
S3150800A5440E9308230093614B584603EA862242F089
S3150800A55400520E9B42F008021EA9FDF791FA002844
S3150800A564C0F2578140F20222B2EB105F4FEA105351
S3150800A57400F05D81B3F5007F00F0E682BDF88C201B
S3150800A5840136B3B29A42DCD845462499481C03D00E
S3150800A594259A531C40F0DB81B8462F46DBF8285031
S3150800A5A4DDF830A0002D00F0F8810D9709E003F4DA
S3150800A5B49013B3F5003F00F0F5812D68002D00F0E7
S3150800A5C4EB81AB79012BF8D12B6B03F48812B2F526
S3150800A5D4803FECD1D5E90A64002CE8D0DBF8687032
S3150800A5E4013CFA69A2F108094C45C0F05982B4FB4A
S3150800A5F4F9F00138F5F71CFE821CA4EB8204B4FBBF
S3150800A604F9F4DBE915104FF0010905F140030C9341
S3150800A6143A6A531A3344B3FBF2F102FB1133834209
S3150800A6240BD20122DBF86410580903F01F039A4081
S3150800A63451F82030134341F82030002C00F02E82C4
S3150800A64414AB02930023009604F001060193C6F1A5
S3150800A65402039B005A4658460C990393FCF774FA6E
S3150800A6648646002840F00F82DBF86870DBF8541041
S3150800A674386A149A431A1344B3FBF0F200FB1233F4
S3150800A684DBF858008EB983420DD2DBF864105809FA
S3150800A69451F8202003F01F0309FA03F31A4341F87B
S3150800A6A42020DBE915104FF0010E26AB03EB8E0EC6
S3150800A6B4023C34445EF8486CAAE700BF94F30008E9
S3150800A6C458EF000878F20008C4F3000800FCFF03FA
S3150800A6D4DDE91424002C3FF4BFADD9F8683012998B
S3150800A6E4DB69013C083B9C4201F10101C0F01F8172
S3150800A6F4B4FBF3F00138CDE90E210D93F5F798FD77
S3150800A7040F990D9B1291811CA4EB81018B42B1FB1D
S3150800A714F3F43FF6A1AD0E9A13464A46B9462F46B8
S3150800A724009316AB0293002304F001050193C5F1C7
S3150800A73402039B001046002103930D92FCF704FACA
S3150800A7440D9A002840F0F580129B002D40F0F88001
S3150800A7540233023C1293179BE2D13D464F4691467B
S3150800A7647AE5D9467346AE4626ACBB4604EB88075B
S3150800A774D9F868407244D4F820805546B2FBF8FAF2
S3150800A78408FB1A22994247F8402C05D110E00138F3
S3150800A7949942C9E917100BD04FF0010A4A0956F82D
S3150800A7A4227001F01F020AFA02F23A425144EED12B
S3150800A7B4BBF1020F4FF001077FF41BAE0021169B75
S3150800A7C4CB464345DDF82CA01891BFF48FADE2695A
S3150800A7D4032A7FF68BAD0422009118A901914846F5
S3150800A7E449460292FCF72AF9DDF860C000283FF4CE
S3150800A7F47BAD10F1540F3FF477AD10F11C0F7FF4C5
S3150800A80498AC40F6DA02BB4BBB49BC4803F008F8DF
S3150800A814B2E5821C3FF4B2AEDDE90BA50023DBF8F2
S3150800A8246820126ACBE91633CBF86020E5E7DDE940
S3150800A8341235002D3FF4A2AEDBF86820013DD1693C
S3150800A84408398D42C0F03881B5FBF1F00138CDE9FD
S3150800A85410230F91F5F7ECFCDDE910230F9902306C
S3150800A864A5EB8005B5FBF1F5D2F820C0DBE9152187
S3150800A8748E4611465A46D346B2460F9403EB0C004D
S3150800A884411AB1FBFCF00CFB101171450CD20120E6
S3150800A894546E4FEA511C01F01F0100FA01F154F8F5
S3150800A8A42C00084344F82C00002D00F00081009386
S3150800A8B414AB0293002305F001040193C4F10203C7
S3150800A8C49B001046002103931092FCF73DF9109A59
S3150800A8D4002840F0E780966E516DD6F820C0149B88
S3150800A8E4ACEB010E9E44BEFBFCF30CFB13E3D2F85F
S3150800A8F458E0A4B9734511D24FF0010C516E5809AA
S3150800A90403F01F030CFA03FC51F8203043EA0C0346
S3150800A91441F82030D6F820C0D2E9151E012026AB0E
S3150800A92403EB8000023D50F8483C2544A6E7129103
S3150800A93492E49346CA460B9D40E5CBE908231AE5FB
S3150800A9440133013C1293169B7FF4EAAE05E70D9B8F
S3150800A954994209D0A14202D10D9B934206D0D14512
S3150800A96417D00AF1010A9DE59442F3D14FF499529E
S3150800A974604B6149624802F053FF0023DBF8682004
S3150800A984126ACBE91633CBF860206FF05300FFF751
S3150800A994D0BB2E46B8467DE50D9FDBF86000DBE9A3
S3150800A9A415532FE5D5E90D46002C3FF406AEDBF822
S3150800A9B46870013CFA69A2F108094C4568D3B4FBEE
S3150800A9C4F9F00138F5F734FC821CA4EB8204B4FBD5
S3150800A9D4F9F4DBE915104FF0010905F140030C936E
S3150800A9E43A6A531A3344B3FBF2F102FB1133834236
S3150800A9F40BD20122DBF86410580903F01F039A40AE
S3150800AA0451F82030134341F82030002C3FF4D5ADDB
S3150800AA1414AB02930023009604F001060193C6F1D1
S3150800AA2402039B005A4658460C990393FCF78CF884
S3150800AA34864640BBDBF86870DBF85410386A149A0B
S3150800AA44431A1344B3FBF0F200FB1233DBF8580045
S3150800AA548EB983420DD2DBF86410580951F82020C8
S3150800AA6403F01F0309FA03F31A4341F82020DBE92C
S3150800AA7415104FF0010E26AB03EB8E0E023C344440
S3150800AA845EF8486CACE755467046DDF82CA0C5E67A
S3150800AA9400249EE77046DDE90BA5BFE62B6B86E529
S3150800AAA40024AEE593460C9DDDF82CA0B6E6564682
S3150800AAB40F9CDA46934661E50025D5E6A3420BD0FA
S3150800AAC4B34201D1944209D0D3450FD00AF1010A01
S3150800AAD4FFF792BB129871E49642F1D14FF499525A
S3150800AAE4044B0549064802F09BFE4EE75D46FFF710
S3150800AAF47DBB00BF58EF000878F20008F4F300089D
S3150800AB04E4F200082B4F12AE04F14001D4E90D0318
S3150800AB1400283FF4BFAB00905A465846CDE9017663
S3150800AB24FCF7ECF800283FF4B5AB47E4AE46224AF6
S3150800AB3422490092734440F2AA2221485546DDF878
S3150800AB442CA002F06DFE5CE6DBF86850DBF85420B6
S3150800AB54286A1299831A0B44B3FBF0F100FB1133EC
S3150800AB64DBF858108B420ED20120DBF86420590911
S3150800AB7403F01F03984052F82130034342F821306A
S3150800AB84286ADBE91521831A139A1344B3FBF0F2F6
S3150800AB9400FB123399427FF6F1AC0120DBF86420FE
S3150800ABA4590903F01F03984052F82130034342F829
S3150800ABB42130E3E4F969000858EF000878F2000840
S3150800ABC410F300082DE9F04F9BB09846249B0646DF
S3150800ABD40F460892002B00F0998040F20141D8F8FC
S3150800ABE40030C3F30A528A424FEA135000F0B88180
S3150800ABF440F2FF418A4200F0C38100F4E063B3F5F2
S3150800AC04C06F08D1D8F8043000F001001A68BA6198
S3150800AC145B68F875FB61249B012B18BF002275D06D
S3150800AC2440F20140D8F80830C3F30A5181424FEA8A
S3150800AC34135400F0998140F2FF40814200F02182CA
S3150800AC4404F4E063B3F5C06F08D1D8F80C3004F007
S3150800AC5401041968B9615B68FC75FB61249B022BC6
S3150800AC644FDD40F20140D8F81030C3F30A5181424F
S3150800AC744FEA135400F07C8140F2FF40814200F011
S3150800AC840A8204F4E063B3F5C06F08D1D8F8143027
S3150800AC9404F001041968B9615B68FC75FB61249BBF
S3150800ACA4032B2EDD40F20140D8F81830C3F30A51BD
S3150800ACB481424FEA135400F05F8140F2FF4081421B
S3150800ACC400F02E8204F4E063B3F5C06F00F09F81B0
S3150800ACD4249B052B15D140F20140D8F82030C3F344
S3150800ACE40A5181424FEA135400F0C78140F2FF40EB
S3150800ACF4814200F0308204F4E063B3F5C06F00F0DB
S3150800AD04B2811AB1BB8A002B00F04481BB7D002BAB
S3150800AD1400F082804FF0FF33B06E17933B68FA68F1
S3150800AD241493816C3B69159218921693002900F0C6
S3150800AD34848000250839199124993046CDE9008183
S3150800AD44AA49CDE9045506910EA90791CDE90255FC
S3150800AD54394614AC0E960F94FCF7AEF9034648B17F
S3150800AD6413F11C0F58D013F1540F55D018461BB0C5
S3150800AD74BDE8F08FF26B336BB16B5340726C306C79
S3150800AD845140B26C5340726B23F47F734240F06CAB
S3150800AD9423F003034240306D119241400A431A439B
S3150800ADA41093129140F0818121463046FEF706FE43
S3150800ADB403460028D4D1169A06F13C043A61159A3A
S3150800ADC48346FA6006F1300207CA84E80700C6E932
S3150800ADD412333365089BB46AD3E900230A93B4B1E2
S3150800ADE44FF0FF3900259646CDF82CB00997A3688D
S3150800ADF49E4524D0E2680A99914220D099421ED0F1
S3150800AE0496451CD02468002CF1D1DDF82CB05B469D
S3150800AE1418461BB0BDE8F08F4FF0FF330097336137
S3150800AE24BB8A4246019339463046249BFFF72AF9E2
S3150800AE34B0F1000BCEDA5B46EAE7C16979E704F1BB
S3150800AE44080CE246DDF824B0A788BBE80F00ACE896
S3150800AE540F009BE80F008CE80F00089B9A451CD14D
S3150800AE643A4604F1200B774610E0E37F9BB1A180B4
S3150800AE744FF0FF335A4651463046CDE90255CDE9DF
S3150800AE840095FCF7B5FE002865D1A288A38B9342EA
S3150800AE94A2EB0301E9D9BE46B4E7249B002BDFD015
S3150800AEA440F2FF41D8F80030C3F30A528A4200F050
S3150800AEB4268140F201418A4279D0249B012BCFD0C6
S3150800AEC440F2FF41D8F80830C3F30A528A4200F028
S3150800AED4318140F201418A4278D0249B022BBFD0AB
S3150800AEE440F2FF41D8F81030C3F30A528A4200F000
S3150800AEF4368140F201418A427AD0249B032BAFD093
S3150800AF0440F2FF41D8F81830C3F30A528A4200F0D7
S3150800AF14378140F201418A4200F09580249B052B33
S3150800AF249ED140F2FF41D8F82030C3F30A528A4230
S3150800AF3477D040F201418A4292D1C3F38923BB42B6
S3150800AF448ED8A3790137BFB2022BA78088D1A36A0A
S3150800AF540133A36284E7034618461BB0BDE8F08FA5
S3150800AF64BB8A0133BB8256E6BB8A0133BB8275E6CC
S3150800AF74BB8A0133BB8292E6BB8A0133BB82A7E64E
S3150800AF84BB8A013BBB82249B012B18BF01227FF499
S3150800AF9447AEB7E639463046259AFDF7A5F903467E
S3150800AFA4002800F0FE80821C7FF4E0AEAEE6C3F310
S3150800AFB48923BB4281D8A3790137BFB2022BA78064
S3150800AFC47FF47BAFA36A0133A36276E7C3F38923CD
S3150800AFD49F4282D3A3790137BFB2022BA7807FF49D
S3150800AFE47CAFA36A0133A36277E700BFD59800084C
S3150800AFF4C3F389239F4280D3A3790137BFB2022BB7
S3150800B004A7807FF47AAFA36A0133A36275E7D8F8F9
S3150800B0141C3004F001041968B9615B68FC75FB61AE
S3150800B02456E6C3F38923BB4200F0D780BFF418AFB2
S3150800B034A379013FBFB2022BA7807FF411AFA36A9D
S3150800B044013BA3620CE7C3F389239F42FFF466AF6F
S3150800B054A3790137BFB2022BA7807FF45FAFA36A37
S3150800B0640133A3625AE7D8F8243004F001041968B6
S3150800B074B9615B68FC75FB6143E6BB8A0133BB8235
S3150800B0843FE6BB8A013BBB82249B022BC8BF012235
S3150800B0943FF7E7AD36E6BB8A013BBB82249B032B0D
S3150800B0A4C8BF01223FF7FEAD2CE63946304610AA42
S3150800B0B4FCF7FCF9034600287FF458AE159B199A49
S3150800B0C4103393423FF6A8AE169B464D21466B4075
S3150800B0D41BBA0D93304604230DAAFCF767F90346F9
S3150800B0E400287FF43DAE0C232146304610AAFCF70F
S3150800B0F45DF9034600287FF433AE169554E6C3F388
S3150800B1048923BB4255D0BFF4D8AEA379013FBFB259
S3150800B114022BA7807FF4D1AEA36A013BA362CCE6D7
S3150800B124BB8A013BBB82249B052B08BF01223FF443
S3150800B134D2ADE7E5C3F389239F423FD07FF6CDAE70
S3150800B144A379013FBFB2022BA7807FF4C6AEA36AD8
S3150800B154013BA362C1E6BB8A013BBB82D2E5C3F3CA
S3150800B16489239F422FD07FF6C8AEA379013FBFB289
S3150800B174022BA7807FF4C1AEA36A013BA362BCE697
S3150800B184C3F389239F4223D07FF6C8AEA379013F30
S3150800B194BFB2022BA7807FF4C1AEA36A013BA362A8
S3150800B1A4BCE6259BDB7D002B3FF4B0AD4FF0020BCC
S3150800B1B410E64FF0FF33C4E902337EE64FF0FF335F
S3150800B1C4C4E9023389E64FF0FF33C4E9023394E64F
S3150800B1D44FF0FF33C4E90233A0E64FF0FF33C4E966
S3150800B1E402333DE60CFCFF7F2DE9F04F40F20144A3
S3150800B1F499461B689BB00892C3F30A52A2420646B4
S3150800B2040F4600F02F8140F2FF40824210D0190DFC
S3150800B21401F4E063B3F5C06F08D1D9F8043001F03E
S3150800B22401011A68BA615B68F975FB61002403E0D9
S3150800B23401248B8A013B8B8240F20141D9F80830FC
S3150800B244C3F30A528A424FEA135000F0108140F2BF
S3150800B254FF418A4200F0CD8000F4E063B3F5C06F85
S3150800B26400F00E81002C40F0C780BB7D002B62D015
S3150800B2743B68B06E14934FF0FF33FA681793816CEA
S3150800B2843B6915921892169301B9C169083919913F
S3150800B29400210220CDE90411CDE90211A949019042
S3150800B2A406910EA9079130463946CDF8009014AC9C
S3150800B2B40E960F94FBF700FF034648B113F11C0FD3
S3150800B2C439D013F1540F36D018461BB0BDE8F08FA9
S3150800B2D4326BF36BB16B5340726C706B5140B26C4A
S3150800B2E45340326C23F47F734240F06C23F003031B
S3150800B2F44240306D119241400A431A431093129109
S3150800B30440F0F68021463046FEF758FB03460028EF
S3150800B314D4D1169A06F148053A61159A06F13C0401
S3150800B324FA6006F13002834607CA84E80700B36464
S3150800B334C5E901330EE04FF0FF340097BB8A4A464D
S3150800B34401933946022330463461FEF79BFEB0F179
S3150800B354000B1CDB089BB46AD3E90021BCB1CDF809
S3150800B3642CB04FF0FF38002593468E46CDE909796F
S3150800B374A3689B4510D0E26896450DD09E450BD030
S3150800B384934509D02468002CF2D1DDF82CB05B462D
S3150800B39418461BB0BDE8F08F04F1080CE146DDF849
S3150800B3A424A0A788BAE80F00ACE80F009AE80F00B3
S3150800B3B48CE80F00089B4B452ED13B4604F1200A26
S3150800B3C4774611E0E17F91B19B1AA38052464FF06C
S3150800B3D4FF3349463046CDE90255CDE90085FCF7E9
S3150800B3E407FC002847D1A388A28B9A42EAD9BE460D
S3150800B3F4C8E7BB8A013BBB82BA8A002A7FF435AF09
S3150800B40439463046FCF770FF0346002800F09E8054
S3150800B414821C7FF459AF28E740F2FF410A9B1B6858
S3150800B424C3F30A528A4254D040F201418A4231D0C7
S3150800B43440F2FF410A9B9B68C3F30A528A4237D0FB
S3150800B44440F201418A42B8D1C3F38923BB42B4D836
S3150800B454A3790137BFB2022BA780AED1A36A013301
S3150800B464A362AAE78B8A002401338B82E4E6BB8AAB
S3150800B4740133BB82F6E6034618461BB0BDE8F08FD7
S3150800B484D9F80C3000F001001A68BA615B68F875DF
S3150800B494FB61E7E6C3F38923BB42C9D8A37901371D
S3150800B4A4BFB2022BA780C3D1A36A0133A362BFE745
S3150800B4B4C3F38923BB424BD0BFF47FAFA379013FC3
S3150800B4C4BFB2022BA7807FF478AFA36A013BA362BD
S3150800B4D473E7C3F38923BB423FD0A9D2A379013FBB
S3150800B4E4BFB2022BA780A3D1A36A013BA3629FE73D
S3150800B4F43946304610AAFBF7D9FF034600287FF4DD
S3150800B504E3AE159B199A103393423FF614AF169B74
S3150800B5140D4D21466B401BBA0D93304604230DAAE4
S3150800B524FBF744FF034600287FF4C8AE0C232146E4
S3150800B534304610AAFBF73AFF034600287FF4BEAE4E
S3150800B5441695DFE6D59800080CFCFF7FDB7DFFDE49
S3150800B5544FF0FF33C4E902332FE74FF0FF33C4E952
S3150800B564023365E72DE9F04F856A06460F4692468B
S3150800B57498460C689FB055B935E0E9687A688A42F6
S3150800B5840CD09A420AD0A14208D02D685DB305F1C1
S3150800B59408039F42F9D0AB68A342EED1AB79012BDD
S3150800B5A4F3D12B6BDA02F0D5B16EEA6A8B6A9A424A
S3150800B5B4EBD90B6A6A6B2946EA6330463366FDF7AC
S3150800B5C44FFE002840F0CF802B6B294623F48013C6
S3150800B5D430462B63FEF7F0F8002840F0C4802D6847
S3150800B5E43C68002DD3D1BE460DF1380CE146CDF8A2
S3150800B5F400800DF158087D68CDF80480BEE80F0078
S3150800B604ACE80F009EE80F008CE80F0053463A4654
S3150800B6144946304606940795FFF7D4FAB0F1000B6D
S3150800B624C0F29D803B68A34206D07A68954203D04F
S3150800B6349D4201D0A24209D1BE46CA46BAE80F00C5
S3150800B644AEE80F009AE80F008EE80F00BBF1020F70
S3150800B65400F05E81BBF1010F7FD10023DFF894A2CD
S3150800B66405930F9B40F6EE12CDE9023A0E9BA249CA
S3150800B674CDE90053A148234602F0D2F8336AA3421F
S3150800B68479D0726AAA4276D0A24274D0AB4272D0FA
S3150800B694B36A03B3DDE90E7001E01B68DBB19A688F
S3150800B6A4A24265D0D968A94262D0A14260D0AA4212
S3150800B6B45ED09A79022AF0D1DA6AA24206D0196BC8
S3150800B6C4A94203D0A14201D0AA42E6D1C3E90B702C
S3150800B6D41B68002BE3D14246304606A9FCF7A0FDB9
S3150800B6E4071EC0F28980336B169C03F1010BCBF35A
S3150800B6F40903003B18BF01232BF0004B4BEAC37325
S3150800B7041A0D12F4E06FBB46179D336378D10023F4
S3150800B714CDE9084500220A930B92414630460AAB06
S3150800B72408AACDF830B0CDF83490FFF75DFD071EB2
S3150800B734C0F2D880012F00F0C8804FF0FF3442468B
S3150800B744304606A9FCF7D0FDD0B110F1020F8346A6
S3150800B75405D1059B002B40F0CA804FF0000B5846D4
S3150800B7641FB0BDE8F08F834658461FB0BDE8F08F7A
S3150800B774C3E902709DE70F9B73620E9B336287E7EA
S3150800B784336BC3F3090252B12344C3F30902003AE3
S3150800B79418BF012223F0004343EAC27333631A0D28
S3150800B7A412F4E06F169C179D5DD1002306940A9344
S3150800B7B400230B939DF86F30514A03F5C06342EAA0
S3150800B7C403530C934146304606AA0AAB0795CDF8AF
S3150800B7D43490FFF709FD071EC0F28480CC46C6469E
S3150800B7E4BEE80F00ACE80F009EE80F00012F8CE8B6
S3150800B7F40F003FF436AFACE7BB1C73D100249EE7B9
S3150800B804726BA24207D0B16BA94204D0AA4202D0F5
S3150800B814A1427FF47CAFC3F389231A4636490493BD
S3150800B8240192234637481446009540F62222CDF85D
S3150800B83408A001F0F5FF0023316B334AC6E90D333E
S3150800B8440A403263C7F38922A24240F2FF3134D94F
S3150800B854169C179DA7F5806B089409952B4B049A9B
S3150800B86443EA822356E7726BA24206D0B16BA94219
S3150800B87403D0AA4201D0A14297D1C3F3892740F63F
S3150800B8845B2223461C490095CDE9017A1D4801F03F
S3150800B894C7FF40F2FF310023306B8F421A4AC6E9CC
S3150800B8A40D33169C18BF194B02EA0002179D326322
S3150800B8B4069418BF43EA872379E7049A169C179DCA
S3150800B8C48A4208940995C9D124E7C446CDE9057482
S3150800B8D4BCE80F004F460FC79CE80F00079587E89A
S3150800B8E40F00BEE6BB4658461FB0BDE8F08F4FF0C2
S3150800B8F4030B34E758EF000878F2000820F4000830
S3150800B90408FC0F005CF40008FF0300800000F04FF9
S3150800B9143946304606F14802FBF7C8FD8346002837
S3150800B9247FF41DAF01210190FA7D104B02F5C06228
S3150800B93443EA0253169C179D0A93009130464146E2
S3150800B94418370AAB06AA0B9706940795FFF73AF930
S3150800B954B0F1000BFFF603AF4F46C646BEE80F002C
S3150800B9640FC79EE80F0087E80F0073E608FC0F0070
S3150800B974036BC3F30903002B00F001812DE9F0479B
S3150800B9844FF00008054689464446A2B0012300271D
S3150800B9944FF0FF36CDE90A44CDE90C440F940E94D2
S3150800B9A410948DF83F3011934FF0FF332846CDE9B4
S3150800B9B40244CDE9006410AA12A9FCF719F9002873
S3150800B9C45FD19DF83F30BBB10DF1280C0DF1480E3F
S3150800B9D4BEE80F00ACE80F009EE80F008CE80F00E5
S3150800B9E4109B013302D0119B0133DDD1002F00F0E7
S3150800B9F4B0804FF00008C9E71AAA284610A9FCF730
S3150800BA040FFC021E40DBB8F1000FDDD1C2F30903B7
S3150800BA140093284604AB1AA9FBF77AFF002830DB03
S3150800BA24DDE91031049A0598934200F088808A4229
S3150800BA3400F08B80DFF84CA1CDE90120009141F29A
S3150800BA448F4251495148CDF80CA001F0E9FE2A6B02
S3150800BA54130D13F4E06F48D100230022069304ABB8
S3150800BA6409934B4B2846CDE907230AA9022306AABC
S3150800BA74FFF778FD002804DB032808BF0127AFE792
S3150800BA84104622B0BDE8F087911CF9D1B8F1000F31
S3150800BA949AD0B9F1000F97D0119B41F2BC4200939A
S3150800BAA4384B394901933B48109B01F0B9FE2846A7
S3150800BAB412A905F14802FBF7F9FC0028E1D19DF823
S3150800BAC45F20354B02F5C06243EA025318AA06936F
S3150800BAD40792012328460AA906AAFFF743FD002868
S3150800BAE4CFDB032808BF4F467AE7686BDDE90A31DE
S3150800BAF4984207D0D5F838C08C4503D0884201D07F
S3150800BB046345A9D1CDF808A0C2F3892A009141F268
S3150800BB149B421D492148CDF804A001F081FE40F25C
S3150800BB24FF310022286B1E4B8A4503EA0003C5E948
S3150800BB340C32AA6390D01B4B43EA8A238DE78142D1
S3150800BB443FF442AF8A427FF475AF83427FF472AF03
S3150800BB543AE7B8F1000F02D14FF0010816E72A6B4D
S3150800BB64002053425BB21344C3F30902003A18BFD8
S3150800BB74012223F0004343EAC2732B6381E70020C2
S3150800BB84704700BF58EF000878F20008A0F40008D0
S3150800BB9408FC0F602CF5000808FC0F00E4F4000804
S3150800BBA4FF0300800000F04F30B5036B04469B0585
S3150800BBB495B02AD4E16B0A0D12F4E06F06D101217F
S3150800BBC4204615B0BDE83040FFF7D2BE606C3E4D46
S3150800BBD4C1F38921236C41F23942CDE9011500905C
S3150800BBE43A493B4801F01CFE00254FF0FF33204636
S3150800BBF4CDE90255CDE900350CA904F14002FBF75D
S3150800BC04F7FF00283AD015B030BD406A2E49236A9A
S3150800BC1441F21142019100902C492E4801F000FE90
S3150800BC2400254FF0FF332046CDE90255CDE900350E
S3150800BC340CA904F12002FBF7DBFF0028E3D1A36E6D
S3150800BC44254A0CA90692D3E90702E36E0790CDE9C3
S3150800BC540823D4E91C23CDE90A23204A06A8CDE9FA
S3150800BC6404200123204604AAFFF77CFC0028CADB2B
S3150800BC7422D1236B23F4007323639BE7C4E90D00E5
S3150800BC840790174A206BE36B02402263154AC3F3F5
S3150800BC94892C42EA8C220692012320460CA906AA7C
S3150800BCA4FFF760FC0028AEDB89D029462046FFF75B
S3150800BCB45FFE002883D0A6E729462046FFF758FEEC
S3150800BCC40028D6D09FE700BF58EF000878F200088E
S3150800BCD490F500085CF50008010002001800102021
S3150800BCE4FF0300800000F04F2DE9F0479E078AB055
S3150800BCF41D4607460C46039204D5FFF755FF06462C
S3150800BD0400287AD14FF00009129B04F1080823652C
S3150800BD14414638462563231D03AAC4F83490C4F85B
S3150800BD243C90C4F84C90FCF741FB061E69DB0123E2
S3150800BD34A371BB6AA8052360BC6200F1B080360D06
S3150800BD44012E4BD1A2886B054FEA822240F1E1808D
S3150800BD54236B42F0005943F4803349F48019236372
S3150800BD64216D8B68002B00F0A1800025236B14E05D
S3150800BD749A0705EB450005F101050AD54A6802EB61
S3150800BD84800290687A6F904200F2BF8043F4803351
S3150800BD9423638A68AA4240F28980DE07E8D54A689E
S3150800BDA405EB450102EB810312F821009968A28884
S3150800BDB400F5407041EA8222C1F309015B6842EA50
S3150800BDC40052009138464146FBF7A2FD061E236B36
S3150800BDD4216DCDDAB01CCBD0BA6A17E06FF0140621
S3150800BDE4236B216D43F400232246236307F12803BA
S3150800BDF412681A600B68002B4AD030460AB0BDE8B0
S3150800BE04F087B11CBA6A13D0236B216D43F400235F
S3150800BE142363002AEED0944202D1E7E79442E7D09E
S3150800BE2413461268002AF9D10B68002BE5D12FE0D6
S3150800BE3440F2FF33B4F804A09A45E5D00123226002
S3150800BE44EA05A371BC6244D5039D2846F4F7E8F9CC
S3150800BE54FB6E834242D340EA8A2343F48013CDE936
S3150800BE640593514B414643EA8A2304934F4B38467C
S3150800BE7443EA8A23089304AA03230795CDF8249052
S3150800BE84FFF770FB061E39DB31D1DFF8209167E72F
S3150800BE94E06C01F04DFB30460AB0BDE8F087236B31
S3150800BEA46FF01006216D43F400239DE7BB6E086806
S3150800BEB49A6A00286AD0E064FF2101F04FFD40F237
S3150800BEC401234FF0FF32B3EB195F226435D0002605
S3150800BED493E7236B216D43F4002385E7236B2246FE
S3150800BEE443F400236FF02306216D236393E7494641
S3150800BEF43846FFF73DFD06460028C6D016F11C0F46
S3150800BF0408BF6FF02306BA6A7EE76FF01B06BA6AA3
S3150800BF147CE7082542F00052414638462A4304F194
S3150800BF2428030095FBF7ACFDB0F10009BFF618AF7E
S3150800BF344E46236B216DBA6A68E76FF00102002149
S3150800BF44A262C4E91021226BC9F3090342F48012E0
S3150800BF542263BA6EE362926AA264002BB7D040F2F7
S3150800BF64FE35954228BF1546A688E36C45EA86221F
S3150800BF74C5F3090541463846009542F00052FBF7D9
S3150800BF847FFD061EA3DA236B216D25E71046029270
S3150800BF9401F0C6FA029AE06400288DD16FF00B0608
S3150800BFA4236B216DBA6A31E70000104000001020A7
S3150800BFB4F0B50E6B8F6A0D4604469BB08166002E5B
S3150800BFC400F0A780C6606B6B002B00F0B280E361BB
S3150800BFD44FF0FF353A46FF21304601F0BFFCA36E09
S3150800BFE4FF219A6AE069256001F0B8FCA66E25610E
S3150800BFF4B06B002800F0A5806066F26B0025002A65
S3150800C00408BFFF22E266326C40F2FE3EAA4208BF2F
S3150800C0146FF000422267726C4FF0FF37AA4208BFDE
S3150800C0247246C4E9087704F13C0C6267F26A294649
S3150800C034C4E90A55E563CCE90155C4E90C55C4E9D4
S3150800C0441255A563256501F089FCA36E20461A6A74
S3150800C054DB6A6565DB00934228BF1346E5652266FD
S3150800C06412A9A365FCF756FA064660B1A36E1A6BC5
S3150800C074002A49D05A6B002A6BD09B6B002B6DD0D3
S3150800C08430461BB0F0BDA36E3E4A0D900692D3E926
S3150800C0940712E36E0791CDE90823D4E91C23CDE9F9
S3150800C0A40A23394A394B0C920E93394A03F18153C0
S3150800C0B41033CDE90F2306AA1192032320460CAAAE
S3150800C0C412A9FFF74FFA061ED0DB4BD100252046EE
S3150800C0D42B462A4612A98DF85E50FFF743FA061E28
S3150800C0E4C4DB47D100224FF0FF3300260127CDE9F0
S3150800C0F40222CDE90032204612A904AACDE9046732
S3150800C104FBF776FD0646B1E7E06801F011FAA36E7F
S3150800C114B0E7384601F004FA0646E06000287FF4E2
S3150800C12452AF6FF00B062046FAF76AFC30461BB08E
S3150800C134F0BD384601F0F4F9E06100287FF448AF11
S3150800C144EFE7F06A01F0ECF9606600287FF455AF72
S3150800C154E7E7E06901F0ECF9A36E8EE7606E01F09B
S3150800C164E7F98DE729462046FFF702FC064600282C
S3150800C174ACD07BE729462046FFF7FAFB064600289B
S3150800C184B0D073E701000200000010400800F00F69
S3150800C194C4F500082DE9F04F0E6BD1F828800D463A
S3150800C1A4044697B08166002E00F05581C6606B6B15
S3150800C1B4002B00F03B81E3614FF0FF374246FF2135
S3150800C1C4304601F0CBFBA36EFF219A6AE06927602B
S3150800C1D401F0C4FBA56E2761AB6B002B00F033811D
S3150800C1E46366E86B0023002808BFFF200122E06687
S3150800C1F4286C40F2FE3C984208BF6FF00040924615
S3150800C2042067686C4FF0FF3704F13C0904F13006E7
S3150800C214984208BF604615929B464A46B14656461A
S3150800C224CDE90E33CDE91033CDE91233C4E90A3327
S3150800C234C4E91033C4E90C33C4E91233C4E90877F2
S3150800C2441493E3636067A363236505AF4FF001089E
S3150800C25415464FEA4A0AA14B20460293A04B039778
S3150800C2640093A04B14AA06930823079300230EA948
S3150800C27401939D4B0594FBF7BBFC0028C0F2F480A0
S3150800C2843CD040F30900013038D0182300930F9BA3
S3150800C294204663620E9B954A23620EA908ABFBF7F8
S3150800C2A437FB0028C0F2E08008990B0C022B8AB2EF
S3150800C2B47BD1012A79D8002A00F0A2800B9820B1F4
S3150800C2C4E16E884200F2F480E0660C9820B1216F92
S3150800C2D4884200F2218120670D9820B1616F884257
S3150800C2E400F2F1806067A36E0A9A196A8A4240F0DE
S3150800C2F4BD80D9690998884240F0C3804A462046D9
S3150800C3040EA9FBF7D3F8002840F0AE80149B591CFD
S3150800C31402D015994A1C26D1236A4E460133A946EA
S3150800C324054652D0636A01334FD0D4E90D10236B06
S3150800C33443EA00020A4340F0AF80A36E02EBD272CE
S3150800C3441F6AE36A2263B3FBF7F24FF0000C07FB9C
S3150800C354123396E8070089E80700C4E9153C2766FE
S3150800C364C4F85CC01DE05B4509D0B34201D18B45D6
S3150800C37407D0C24500F0DB8008F101086BE78E425E
S3150800C384F3D141F23D225A4B5A495B4801F048FA27
S3150800C3946FF05305A36E1A6BEAB15A6B12B39B6B13
S3150800C3A43BB3284617B0BDE8F08F18460126022588
S3150800C3B44F4B89B203930091034641F26922CDE9B2
S3150800C3C401564C494D4801F02BFAA36E6FF015053A
S3150800C3D41A6B002AE1D1E06801F0AAF8A36E5A6B39
S3150800C3E4002ADCD1E06901F0A3F8A36E9B6B002B4D
S3150800C3F4D7D1606E01F09CF8284617B0BDE8F08FD7
S3150800C404012202923A4A89B2CDE9001303923949C4
S3150800C41441F275223A4801F003FA236B0B9843F468
S3150800C4240073236300283FF450AF49E7404601F000
S3150800C43477F8E06100287FF4BFAE2046FAF7E0FA01
S3150800C4446FF00B05ADE7E86A01F06AF86066002844
S3150800C4547FF4C7AEF1E7404601F062F80646E060AD
S3150800C46400287FF4A4AEE8E7054693E72048134678
S3150800C474CDE9001041F2A4221E49224801F0D0F960
S3150800C484A3E71B4D0346CDE9001541F2AB22194932
S3150800C4941D4801F0C5F998E7154ACDE9001002923E
S3150800C4A4144941F2C322194801F0BAF9226B44E748
S3150800C4B40F4D0346CDE9001541F282220D49144871
S3150800C4C401F0AEF981E70A4D0346CDE9001541F2BC
S3150800C4D49A2208490F4801F0A3F976E78D6D0008FA
S3150800C4E40800F00FC4F5000800FCFF7F18001020B0
S3150800C4F458EF000878F20008E4F20008D0F50008BE
S3150800C50408F60008E4F6000818F7000848F70008D3
S3150800C51448F60008B0F60008074D0346CDE90015AD
S3150800C52441F28E220549064801F07AF94DE72A4672
S3150800C5340E469B468AE600BF58EF000878F20008C4
S3150800C5447CF60008F0B5036B9DB09B05044605917F
S3150800C55475D4E16B0A0D12F4E06F35D1012120463A
S3150800C564FFF706FA074668BB034605AA20460AA942
S3150800C574FBF71CFF002825DB40F2FF32C0F38923B2
S3150800C584934200F0D180050D9E02A36A022D1293F0
S3150800C59400F08E80002746F09F460123204646F485
S3150800C5A4E0060AA906AA06960797FEF7DBFF0028FF
S3150800C5B4C0F2B78040F0AE80129B022DA36200F051
S3150800C5C4BD8000201DB0F0BD606C7B4DC1F3892190
S3150800C5D4236C41F23942CDE9011500907749784830
S3150800C5E401F01EF900254FF0FF332046CDE9025528
S3150800C5F4CDE9003512A904F14002FBF7F9FA00283F
S3150800C604E0D1C4E90D000B906E4A206BE36B02403F
S3150800C61422636D4AC3F3892642EA86220A920123D3
S3150800C624204612A90AAAFEF79DFF0028CADB95D060
S3150800C63429462046FFF79CF900288FD0C2E7406AAE
S3150800C6445D49236A41F21142019100905B495F48B2
S3150800C65401F0E6F800254FF0FF332046CDE90255F0
S3150800C664CDE9003512A904F12002FBF7C1FA002826
S3150800C674A8D1A36E564A12A90A92D3E90702E36E11
S3150800C6840B90CDE90C23D4E91C23CDE90E23514A9A
S3150800C6940AA8CDE908200123204608AAFEF762FF66
S3150800C6A400288FDB43D1236B23F40073236350E7FD
S3150800C6B4082346F0005200931A43204608AB0AA9F9
S3150800C6C4FBF7DEF90028FFF67DAF4FF0FF3320466F
S3150800C6D4CDE9027708AA019714A90093FBF788FA0B
S3150800C6E400287FF46FAF199B33F47F0360D18DF86C
S3150800C6F44E30ADF84C30236B12AA0133A262C3F351
S3150800C7040902003A18BF012223F0004343EAC27320
S3150800C71423633FE739462046FFF72AF900283FF402
S3150800C7244BAF129BA3624DE76FF015004AE7294603
S3150800C7342046FFF71DF90028B5D043E7236B2046AA
S3150800C744013BC3F30905003D18BF012523F0004347
S3150800C75443EAC5730AAA14A92363FBF7C5FD00288F
S3150800C7647FF430AF204614A904F14802FAF79EFE76
S3150800C77400287FF427AF9DF86730174A03F5C0638E
S3150800C78442EA03520892012320460AA91AAD08AAC6
S3150800C7940995FEF7E7FE0028FFF614AF3FF411AF3C
S3150800C7A400212046FFF7E4F800283FF40AAF09E71A
S3150800C7B46FF0260006E700BF58EF000878F2000875
S3150800C7C490F50008FF0300800000F04F5CF50008B0
S3150800C7D4010002001800102008FC0F0010B5034CD5
S3150800C7E482B00094FFF780FA02B010BD80F7000803
S3150800C7F470B50B6B0C461E03054686B012D500268B
S3150800C804AB6A43B19C4202D143E09C4243D01A46E8
S3150800C8141B68002BF9D1236D1B68002B41D03046C9
S3150800C82406B070BDFCF7C8FF236B0646002846D140
S3150800C834DA03E4D5A2680132E1D0E2680132DED037
S3150800C844DB0240D46B4604F1280292E8030083E82D
S3150800C854030008211E4A206D11430393D0E90132CF
S3150800C864A088059342EA802241EA802142F0815257
S3150800C874029104920223284602AA04F10801FEF74B
S3150800C88471FE061E1ADB12D1236B23F4803323634D
S3150800C894B5E705F128021B681360236D1B68002B96
S3150800C8A4BDD1E06C00F044FE304606B070BD0021F0
S3150800C8B42846FFF75DF806460028E5D0236B43F4BF
S3150800C8C4002323639CE7E36CE16A024AC3E700BFDB
S3150800C8D400002020000010202DE9F0411E460B6BB5
S3150800C8E407469B0315460C4602D5FCF765FF38B97F
S3150800C8F433462A4621463846BDE8F041FAF71ABFB8
S3150800C904BDE8F0812DE9F0430D6B90466A030646AF
S3150800C9141F460C4683B032D42B05D4F8349028D459
S3150800C924336F07EB09029A422FD815F4003511D153
S3150800C934E36A4B450ED263630123214630460DF163
S3150800C94407028DF80750FCF761FD00280EDB636BC0
S3150800C9544B45F1D33B46424621463046FCF756FD45
S3150800C964002803DB236B23F40023236303B0BDE809
S3150800C974F083E36A4B4584BF99466363D0E7FCF7C3
S3150800C9841BFF0028F2D1256BC6E76FF01A00EDE706
S3150800C994DAB110B4013A0D4C01F1FF3C11441CF80C
S3150800C9A4013F83EA000202F00F0254F8222061458F
S3150800C9B482EA101080EA131303F00F0354F82330A5
S3150800C9C483EA1010EBD110BC704770478CF7000847
S3150800C9D42DE9F041254F84B0384600224FF48051A2
S3150800C9E4F4F7B4FC64259F20A526214C0DF10F020B
S3150800C9F40DF10E0100958DF80E0001232046F5F77A
S3150800CA04E3FE00950DF10F020DF10E0101232046F8
S3150800CA148DF80E60F5F7D8FE00950DF10F020DF1AD
S3150800CA240E01012320469DF80F808DF80E60F5F758
S3150800CA34CBFE012300950DF10F020DF10E012046E0
S3150800CA448DF80E609DF80F40F5F7BEFE38460122B4
S3150800CA544FF480519DF80F50F4F778FC200240EA11
S3150800CA640840284304B0BDE8F08100BF000C01402B
S3150800CA74780100202DE9F041002284B04FF480515A
S3150800CA8421486425F4F762FC4FF04B0C1F48012338
S3150800CA940DF10F020DF10E0100950424A527064693
S3150800CAA48DF80EC0F5F790FE012330460DF10F02FE
S3150800CAB40DF10E0100958DF80E70F5F785FE631ECF
S3150800CAC413F0FF04F0D14FF0A5086427104C0F4E5D
S3150800CAD404F10805012330460DF10F020DF10E018C
S3150800CAE400978DF80E80F5F76FFE9DF80F3004F861
S3150800CAF4013FAC42EED101224FF48051024804B002
S3150800CB04BDE8F041F4F722BC000C0140780100208E
S3150800CB1430080020F0B5012085B0F4F735F8002276
S3150800CB244FF480511A48F4F711FC4FF0640C0525AC
S3150800CB34184801230DF10F020DF10E01CDF800C0BE
S3150800CB44A5270646144C8DF80E50F5F73DFE6425C8
S3150800CB5401230DF10F020DF10E01304600958DF8F3
S3150800CB640E70F5F731FE9DF80F30012084F8243055
S3150800CB74F4F70AF894F82430DB07E8D401224FF4D2
S3150800CB848051034805B0BDE8F040F4F7DFBB00BFA9
S3150800CB94000C014078010020300800200123F0B57C
S3150800CBA4814C85B084F8273002E00120F3F7ECFFC6
S3150800CBB4F3F7E4FF6328F8D901224FF480517B4840
S3150800CBC4F4F7C4FB6420F3F7DFFFFFF701FFC0B2F5
S3150800CBD411380F2800F29480DFE800F0979EA6AE7D
S3150800CBE4B7C0C908DC929292929292D208254FF461
S3150800CBF480724FF480414FF480304FF4805325708F
S3150800CC04E2614FF480554FF4807263614FF48033C8
S3150800CC14E060A361216262812561FFF72BFF002290
S3150800CC2429466248F4F792FB64260523A5278DF85E
S3150800CC340E300DF10F0201230DF10E015C4800962A
S3150800CC44F5F7C2FD01230DF10F020DF10E01584847
S3150800CC5400968DF80E70F5F7B7FD9DF80F30012292
S3150800CC642946524884F82430F4F770FB00222946F2
S3150800CC744E48F4F76BFB35230DF10F028DF80E3091
S3150800CC840DF10E0101234A480096F5F79DFD01238F
S3150800CC940DF10F020DF10E01454800968DF80E7040
S3150800CCA4F5F792FD9DF80F30012229463F4884F88E
S3150800CCB42530F4F74BFB002229463C48F4F746FB9B
S3150800CCC415230DF10F028DF80E300DF10E01012317
S3150800CCD437480096F5F778FD01230DF10F020DF19B
S3150800CCE40E01334800968DF80E70F5F76DFD9DF824
S3150800CCF40F30012229462D4884F82630F4F726FBFE
S3150800CD04002084F8270005B0F0BD01250222802101
S3150800CD144FF40070202372E7022504224FF4807131
S3150800CD244FF4806040236AE7032508224FF4007114
S3150800CD344FF40060802362E7042510224FF48061D3
S3150800CD444FF480504FF4807359E7052520224FF499
S3150800CD5400614FF400504FF4007350E70625402253
S3150800CD644FF480514FF480404FF4806347E707251A
S3150800CD7480224FF400514FF400404FF400633EE71D
S3150800CD840A254FF480624FF480314FF480204FF423
S3150800CD94804334E709254FF400724FF400414FF4F9
S3150800CDA400304FF400532AE730080020000C0140F5
S3150800CDB478010020F0B5454C054694F8273085B02F
S3150800CDC4012B06D10120F3F7DFFE94F82730012B57
S3150800CDD4F8D0012684F82760FFF79CFE2369002211
S3150800CDE44FF480513A4803FB05F56427F4F7AEFA85
S3150800CDF406230DF10E018DF80E300DF10F023346A0
S3150800CE0434480097F5F7E0FC32464FF48051304831
S3150800CE14F4F79CFA3046F3F7B7FE00224FF4805134
S3150800CE242B48F4F793FA23782D01082B00974AD94F
S3150800CE34DC230DF10F028DF80E30264833460DF12A
S3150800CE440E01F5F7C1FC334600972A0E64268DF8C1
S3150800CE540E200DF10E010DF10F021E48F5F7B4FC74
S3150800CE642B0C8DF80E300DF10F020DF10E01012376
S3150800CE7400961848F5F7A8FC2F0A0DF10F020DF1D4
S3150800CE840E010123009613488DF80E70F5F79CFCE5
S3150800CE9401230DF10F020DF10E0100960D488DF8D0
S3150800CEA40E50F5F791FC01224FF480510848F4F727
S3150800CEB44DFAFFF72FFE0120F3F766FE002084F8EB
S3150800CEC4270005B0F0BD3346D822BFE73008002056
S3150800CED4000C0140780100202DE9F043524C8046AD
S3150800CEE494F827C00F46BCF1010F15461E4685B0B7
S3150800CEF407D10120F3F748FE94F827C0BCF1010FC7
S3150800CF04F7D0012384F82730638972199A4200F20C
S3150800CF148680002E00F08380FFF7FCFD00224FF484
S3150800CF2480514248F4F712FA4FF0640906230DF1CA
S3150800CF340F028DF80E300DF10E0101233C48CDF891
S3150800CF440090F5F741FC01224FF480513748F4F775
S3150800CF54FDF90120F3F718FE00224FF480513348F7
S3150800CF64F4F7F4F9638907FB03552378CDF80090A1
S3150800CF74082B56D912232E488DF80E300DF10F02C0
S3150800CF8401230DF10E01F5F71FFCCDF800902B0EC9
S3150800CF9464278DF80E300DF10F020DF10E010123F1
S3150800CFA42348F5F711FC4FEA154C0DF10F020DF164
S3150800CFB40E01012300971E488DF80EC0F5F704FCF0
S3150800CFC44FEA152C0DF10F020DF10E0101230097FE
S3150800CFD417488DF80EC0F5F7F7FB0DF10F020DF1A2
S3150800CFE40E010123009712488DF80E50F5F7ECFB55
S3150800CFF43B464146B2B20E48F5F7C6FA01224FF44B
S3150800D00480510A48F4F7A2F9FFF784FD0120F3F7E3
S3150800D014BBFD002084F8270005B0BDE8F0835E1B3D
S3150800D0247AE70223B4E700BF30080020000C014069
S3150800D034780100202DE9F041DFF864800746D8F826
S3150800D04418609E4227D31D46002B08BF35469642D4
S3150800D05423D9AB189E42B8F80A3038BFB51A01FB73
S3150800D06406F6B2FBF3F1B6FBF3F603FB11240E4402
S3150800D0742B46224631463846FFF72EFFB8F80A20D3
S3150800D0840136A31A121B00241D44A5421744EFDCDB
S3150800D0942046BDE8F0813546D9E74FF0FF30F8E77A
S3150800D0A4300800202DE9F04F4C4C824694F827C0EE
S3150800D0B40F46BCF1010F15461E4685B007D101205F
S3150800D0C4F3F762FD94F827C0BCF1010FF7D00123EA
S3150800D0D484F827306389B34274D3002E08BF1E46EA
S3150800D0E4721993424FF480514FF000023C4838BFFE
S3150800D0F45E1B07FB0355F4F729F92378082B63D934
S3150800D1044FF064094FF00C0C0DF10F080DF10E07E2
S3150800D1140123424639463348CDF800908DF80EC0AF
S3150800D124F5F752FB2B0ECDF800908DF80E304FF024
S3150800D13464094FF0000B4246394601232948F5F79E
S3150800D14443FB4FEA154C424639460123CDF8009075
S3150800D15424488DF80EC0F5F737FB4FEA152C4246DE
S3150800D16439460123CDF800901E488DF80EC0F5F710
S3150800D1742BFB424639460123CDF8009019488DF811
S3150800D1840E50F5F721FB424639460123CDF80090A7
S3150800D19414488DF80EB0F5F717FB4B465146B2B254
S3150800D1A41048F5F75BFC01224FF480510C48F4F75C
S3150800D1B4CDF80120F3F7E8FC584684F827B005B003
S3150800D1C4BDE8F08F1E468BE70B2364228DF80E30DC
S3150800D1D400920DF10F080DF10E07A8E7300800209C
S3150800D1E4000C0140780100202DE9F041DFF8648045
S3150800D1F40746D8F818609E4227D31D46002B08BF59
S3150800D2043546964223D9AB189E42B8F80A3038BF39
S3150800D214B51A01FB06F6B2FBF3F1B6FBF3F603FB0C
S3150800D22411240E442B46224631463846FFF73AFF68
S3150800D234B8F80A200136A31A121B00241D44A54275
S3150800D2441744EFDC2046BDE8F0813546D9E74FF0B0
S3150800D254FF30F8E73008002010B5064C01222046B6
S3150800D2640549F8F71DFB18B9012304F8043C10BD59
S3150800D274012010BD5C08002058EF000838B5084D99
S3150800D284012208492846F8F751FB04462846F8F7C8
S3150800D294ABFC2043C0B2003818BF012038BD00BF1C
S3150800D2A48C0A002018F20008012208B5034904482C
S3150800D2B4F8F73CFB003818BF012008BD18F200082F
S3150800D2C48C0A00200346034A0020D2F840241A6038
S3150800D2D4704700BF580800208C4608B58646134692
S3150800D2E4714662460348F8F74FFC003818BF012018
S3150800D2F408BD00BF8C0A002008B50348F8F774FC7B
S3150800D304003818BF012008BD8C0A00202DE9F04F0B
S3150800D31480460F4615462C4901222C4885B0F8F755
S3150800D32405FB814630B1B9F1000018BF012005B0EC
S3150800D334BDE8F08F264B274E5A6942F040025A61DF
S3150800D3445B6903F040030293029B3379012B37D0C0
S3150800D354316830718B683A4643F001038B60DFF815
S3150800D3646CA00146404600F0F9FACDF8049001ABEA
S3150800D3743A4641465046F8F707FC019BD3B1444662
S3150800D3844FF0000B63782178E2781B0443EA0163C3
S3150800D394A178134343EA01230122304603A90393E0
S3150800D3A4F3F7E0FC019B0BF1040B5B4504F1040461
S3150800D3B42860E7D89F42DAD00448F8F715FCB2E7A4
S3150800D3C4022005B0BDE8F08F18F200088C0A002088
S3150800D3D400100240FC00002010B548B1F3F732F9FA
S3150800D3E4BDE8104001224FF480710748F3F7AEBF39
S3150800D3F404460648F5F79AF82246BDE810404FF465
S3150800D40480710148F3F7A2BF000C0140780100209F
S3150800D41408B501210248F3F785FF024B185C08BDDD
S3150800D424000C014004F800082DE9F04182B0FFF72A
S3150800D4343BFF0446F9F7C8F9044314F0FF0407D080
S3150800D444FFF75AFFF9F7E2F9204602B0BDE8F08182
S3150800D45468460094FFF736FFA0460546009F164E19
S3150800D4644FF440420021304600F078FA4FF4404128
S3150800D47401AA3046CDF80480FFF72EFF034601992A
S3150800D48430461D43F9F7B2F9B7F5404F40EA0400B0
S3150800D494EDB2C4B204D3A7F54047F8F7BBFFDFE7FC
S3150800D4A42C43F8F7B7FFFFF727FFF9F7AFF920463C
S3150800D4B402B0BDE8F08100BFE40E002030B50023B9
S3150800D4C4054683B02B704FF440416A461248CDE9AD
S3150800D4D40033FFF71BFF4FF44041044601AA0E48E8
S3150800D4E4F9F7AEF944EA000313F0FF0402D0204624
S3150800D4F403B030BDDDE9002320460849F8F732FFBA
S3150800D504DDE900239A4208BF012320460CBF2B708D
S3150800D5142C7003B030BD00BFE40E0020CCF7000821
S3150800D524024B0146186800F02DB800BF74000020AD
S3150800D534024B0146186800F0D9BA00BF74000020EF
S3150800D54470B50F4E0C463168054611B900F070FAED
S3150800D55430602146284600F06BFA431C03D14FF08D
S3150800D564FF34204670BDC41C24F00304A042F8D03E
S3150800D574211A284600F05CFA0130F2D1EFE700BF21
S3150800D584E4CE00202DE9F843CD1C25F00305083523
S3150800D5940C2D38BF0C25002D064601DBA94204D9FB
S3150800D5A40C2333600020BDE8F883DFF8D48000F04C
S3150800D5B469F8D8F800301C4644BB29463046FFF7BC
S3150800D5C4BFFF431C044658D1D8F800402746002F0D
S3150800D5D443D1002C4BD023683946304604EB030963
S3150800D5E400F026FA814542D1216830466D1A29464B
S3150800D5F4FFF7A6FF01303AD023682B442360D8F8F6
S3150800D60400305A6862BBC8F800700FE02268521BE3
S3150800D61420D40B2A17D96119A342256018BF59606B
S3150800D624636808BFC8F8001062514B60304600F0C2
S3150800D6342FF804F10B00231D20F00700C21A1CBFA3
S3150800D6441B1AA350AFE76268A3420CBFC8F80020B0
S3150800D6545A60EBE723466468AEE73C467F68B6E75C
S3150800D6641A465B68A342FBD100235360DEE70C230A
S3150800D6743046336000F00CF894E70560D6E700BF3F
S3150800D684E8CE0020014800F020BA00BF2CD00020C4
S3150800D694014800F01BBA00BF2CD00020002310B5A7
S3150800D6A40446C0E90033C0E90433836081814366D4
S3150800D6B4C2818361194608225C3000F04FF90D4B8C
S3150800D6C4246263620C4BA3620C4BE3620C4B236328
S3150800D6D40C4B9C4206D003F16802944202D0D03324
S3150800D6E49C4205D104F15800BDE8104000F0ECB99D
S3150800D6F410BD00BF49D800086BD80008A3D8000895
S3150800D704C7D80008ECCE0020024A0349034800F0B3
S3150800D71469B800BF68000020D5E400087800002036
S3150800D72441680C4B10B59942044601D000F0D0FE6E
S3150800D734A168094B994202D0204600F0C9FEE16867
S3150800D744064B994204D02046BDE8104000F0C0BEFE
S3150800D75410BD00BFECCE002054CF0020BCCF002063
S3150800D76410B50B4B0B4C0C4A20461A6004210022B8
S3150800D774FFF794FF04F1680001220921FFF78EFFE1
S3150800D78404F1D0000222BDE810401221FFF786BF3B
S3150800D79424D00020ECCE00200DD70008014800F064
S3150800D7A494B900BF2DD00020014800F08FB900BFFE
S3150800D7B42DD0002010B50446FFF7F0FF236A1BB1ED
S3150800D7C4BDE81040FFF7F0BF044B2362044B1B6807
S3150800D7D4002BF5D1FFF7C4FFF2E700BF25D70008F1
S3150800D7E424D000202DE9F843074688461446002627
S3150800D7F4D4E90195B9F1010905D52468002CF7D1B6
S3150800D8043046BDE8F883AB89012B07D9B5F90E3044
S3150800D814013303D029463846C04706436835E9E745
S3150800D8240FB407B5064904AB086853F8042B816896
S3150800D834019300F023FB03B05DF804EB04B07047D2
S3150800D8447400002010B50C46B1F90E1000F0DEF88D
S3150800D8540028ABBF636DA3891B1823F48053ACBFA0
S3150800D8646365A38110BD2DE9F0411F468B890546E2
S3150800D874DB050C46164605D502230022B1F90E101F
S3150800D88400F0B2F8A389324623F48053A3812846CC
S3150800D8943B46B4F90E10BDE8F04100F0D9B810B50E
S3150800D8A40C46B1F90E1000F09FF8431CA38915BF66
S3150800D8B4606523F4805343F48053A38118BFA3817E
S3150800D8C410BDB1F90E1000F07FB830B51446002C1F
S3150800D8D405461A469BB005DA8B2303604FF0FF30E2
S3150800D8E41BB030BD4FF40273ADF80C300CBF2346A1
S3150800D8F404F1FF33029305934FF6FF7300910491E5
S3150800D904ADF80E3069461E9B00F094F9431CBCBF63
S3150800D9148B232B60002CE3D00022009B1A70DFE7D0
S3150800D92407B5009313460A46014603480068FFF7FD
S3150800D934CCFF03B05DF804FB7400002010B5013970
S3150800D9440244904201D1002005E0037811F8014F02
S3150800D954A34201D0181B10BD0130F2E70346024466
S3150800D964934200D1704703F8011BF9E70346C9B28D
S3150800D974184613F8012B12B18A42F9D170470029C7
S3150800D98418BF00207047034670B51E4613F8014BAE
S3150800D99444B14A1E01E0A54204D012F8015F002DE5
S3150800D9A4F9D1F2E7301A70BD034670B51E4613F86E
S3150800D9B4014B3CB14A1E01E0A542F7D012F8015FBB
S3150800D9C4002DF9D1301A70BD38B50023054D04462B
S3150800D9D408462B60F2F754FF431C02D12B6803B1A7
S3150800D9E4236038BD28D0002038B5044608461146B9
S3150800D9F40022054D2A601A46F2F74EFF431C02D14F
S3150800DA042B6803B1236038BD28D0002038B50446F6
S3150800DA14084611460022054D2A601A46F2F714FFF5
S3150800DA24431C02D12B6803B1236038BD28D00020DB
S3150800DA3438B50023054D044608462B60F2F72EFF39
S3150800DA44431C02D12B6803B1236038BD28D00020BB
S3150800DA5438B50446084611460022054D2A601A467A
S3150800DA64F2F700FF431C02D12B6803B1236038BDCB
S3150800DA7428D00020014B1868704700BF74000020A6
S3150800DA8470B500260C4D0D4C641BA410A64209D192
S3150800DA9400F0BCFE00260A4D0A4C641BA410A642DC
S3150800DAA405D170BD55F8043B98470136EEE755F89D
S3150800DAB4043B98470136F2E744F8000844F800089E
S3150800DAC444F8000848F800087047704770470A4445
S3150800DAD4914200F1FF3300D1704710B511F8014B9C
S3150800DAE4914203F8014FF9D110BD000038B5054637
S3150800DAF4002940D051F8043C0C1F002BB8BFE41889
S3150800DB04FFF7C0FD1C4A136833B9636014602846DE
S3150800DB14BDE83840FFF7BCBDA34208D920682118E0
S3150800DB248B4201BF19685B6809182160EDE71A463C
S3150800DB345B680BB1A342FAD911685018A0420BD1FD
S3150800DB4420680144501883421160E0D118685B6864
S3150800DB54084410605360DAE702D90C232B60D6E731
S3150800DB64206821188B4201BF19685B68091821606F
S3150800DB7463605460CBE738BDE8CE00202DE9F04752
S3150800DB841F468E688246BE420C4690460B682DD8C0
S3150800DB94B1F90C2012F4906F26D06569096905EB72
S3150800DBA44505A3EB010905EBD5757B1C4B446D10A4
S3150800DBB49D4238BF1D46530527D52946FFF7E2FC83
S3150800DBC4064660B34A462169FFF781FFA38923F411
S3150800DBD4906343F08003A38126614E4426603E4643
S3150800DBE46561A5EB0905A560BE4200D93E463246E5
S3150800DBF44146206800F028FD0020A3689B1BA3600B
S3150800DC04236833442360BDE8F0872A4600F044FDC0
S3150800DC1406460028E0D150462169FFF767FF0C2322
S3150800DC24CAF80030A3894FF0FF3043F04003A381BC
S3150800DC34E9E700002DE9F04F98468B8907461B064D
S3150800DC440D4614469DB010D50B6973B94021FFF7EC
S3150800DC5499FC2860286130B90C233B604FF0FF30EB
S3150800DC641DB0BDE8F08F40236B6100230993202380
S3150800DC748DF8293030234FF00109CDF80C80DFF8F0
S3150800DC8498818DF82A3023469A4613F8012B0AB14F
S3150800DC94252AF9D1BAEB040B0BD05B462246294652
S3150800DCA43846FFF76BFF013000F0A780099A5A44FB
S3150800DCB409929AF80030002B00F09F8000234FF059
S3150800DCC4FF32CDE905230AF1010A049307938DF877
S3150800DCD453301A935446052214F8011B4E4800F093
S3150800DCE4CDFC049AD8B9D00644BF20238DF8533006
S3150800DCF4110744BF2B238DF853309AF800302A2B8A
S3150800DD0415D0544600204FF00A0C079A214611F8FC
S3150800DD14013B303B092B4BD9B0B1079214E0A0EB79
S3150800DD24080309FA03F31343A2460493D2E7039BB1
S3150800DD34191D1B680391002BBBBF5B4242F002020C
S3150800DD4407930793B8BF049223782E2B0AD16378D6
S3150800DD542A2B32D1039B02341A1D1B68039243EA09
S3150800DD64E3730593DFF8B4A003225046217800F044
S3150800DD7485FC38B14022049BA0EB0A008240134379
S3150800DD840134049314F8011B062225488DF828103B
S3150800DD9400F074FC002836D0224B1BBB039B0733C8
S3150800DDA423F0070308330393099B334409936AE76B
S3150800DDB40C4601200CFB0232A8E700234FF00A0C9C
S3150800DDC4194601340593204610F8012B303A092ADE
S3150800DDD403D9002BC6D00591C4E7044601230CFBDE
S3150800DDE40121F0E703AB00932A4638460E4B04A9F3
S3150800DDF4AFF30080421C0646D6D1AB895B063FF5D5
S3150800DE042DAF09982CE703AB00932A463846064BF0
S3150800DE1404A900F0BDF9EDE706F800080CF80008B7
S3150800DE2410F800080000000081DB0008936810B4AD
S3150800DE34013B002B936007DA9469A34201DB0A29A4
S3150800DE4402D110BC00F06CBB1368581C1060197022
S3150800DE54084610BC7047F8B506460F461446D5184A
S3150800DE64AC4201D1002007E03A46304614F8011BBB
S3150800DE74FFF7DCFF431CF3D1F8BD00002DE9F04F92
S3150800DE840D461446984606469DB018B1036A0BB962
S3150800DE94FFF790FC6B6ED90705D4AB899A0502D4B3
S3150800DEA4A86DFFF712FEAB891B0701D52B699BB931
S3150800DEB42946304600F072FB70B16B6EDC0704D558
S3150800DEC44FF0FF301DB0BDE8F08FAB899805F7D445
S3150800DED4A86DFFF7FBFDF3E70023099320238DF8CC
S3150800DEE4293030234FF00109CDF80C80DFF8A881DA
S3150800DEF48DF82A3023469A4613F8012B0AB1252AA7
S3150800DF04F9D1BAEB040B0BD05B46224629463046B8
S3150800DF14FFF7A1FF013000F0A780099A5A44099235
S3150800DF249AF80030002B00F09F8000234FF0FF3250
S3150800DF34CDE905230AF1010A049307938DF85330B2
S3150800DF441A935446052214F8011B534800F096FB0D
S3150800DF54049AD8B9D10644BF20238DF85330130741
S3150800DF6444BF2B238DF853309AF800302A2B15D04A
S3150800DF74544600204FF00A0C079A214611F8013B33
S3150800DF84303B092B4BD9B0B1079214E0A0EB080338
S3150800DF9409FA03F31343A2460493D2E7039B191D14
S3150800DFA41B680391002BBBBF5B4242F00202079336
S3150800DFB40793B8BF049223782E2B0AD163782A2BA9
S3150800DFC432D1039B02341A1D1B68039243EAE37396
S3150800DFD40593DFF8C8A003225046217800F04EFBCB
S3150800DFE438B14022049BA0EB0A0082401343013453
S3150800DFF4049314F8011B062229488DF8281000F00A
S3150800E0043DFB00283FD0274B1BBB039B073323F05C
S3150800E014070308330393099B3B4409936AE70C46B1
S3150800E02401200CFB0232A8E700234FF00A0C19461C
S3150800E03401340593204610F8012B303A092A03D9EE
S3150800E044002BC6D00591C4E7044601230CFB012125
S3150800E054F0E703AB00932A463046134B04A9AFF303
S3150800E06400800746781CD6D16B6ED90705D4AB89D0
S3150800E0749A0502D4A86DFFF729FDAB895B063FF51F
S3150800E0841FAF09981EE703AB00932A463046064B92
S3150800E09404A900F07DF8E4E706F800080CF800087F
S3150800E0A410F80008000000005BDE00082DE9F047C0
S3150800E0B4164698468A680B6907469342B8BF1346BC
S3150800E0C4336091F843200C46DDF820900AB10133F9
S3150800E0D433602368990642BF336802333360256880
S3150800E0E415F0060506D104F1190AE36832689B1A85
S3150800E0F4AB422BDC94F843302268003B18BF01235B
S3150800E104920630D44146384604F14302C8470130E2
S3150800E11423D02368226903F00603042B14BF0025C1
S3150800E12433684FF0000608BFE56804F11A0408BF0F
S3150800E134ED1A54F8123C08BF25EAE5759342C4BFA4
S3150800E1449B1AED18B5421AD1002008E0012352465D
S3150800E15441463846C847013003D14FF0FF30BDE881
S3150800E164F0870135C1E73020E11881F843005A1CCD
S3150800E17494F845102244023382F84310C2E7012377
S3150800E184224641463846C8470130E6D00136D9E723
S3150800E1942DE9FF470F7E9146782F80460C469A460E
S3150800E1A40C9E01F1430207D8622F0AD8002F00F00B
S3150800E1B4D380582F00F0BA8004F1420684F84270DE
S3150800E1C43AE0A7F16303152BF6D801A151F823F019
S3150800E1D42DE2000841E20008BDE10008BDE100089F
S3150800E1E4BDE10008BDE1000841E20008BDE1000800
S3150800E1F4BDE10008BDE10008BDE1000843E30008ED
S3150800E2046BE20008FDE20008BDE10008BDE1000874
S3150800E21465E30008BDE100086BE20008BDE10008FB
S3150800E224BDE1000805E3000833681A1D1B6832605F
S3150800E23404F1420684F8423001239EE033682068DC
S3150800E244191D3160060601D51D6803E04506FBD590
S3150800E254B3F90050002D03DA2D236D4284F84330B8
S3150800E2640A23594811E021683368080653F8045B01
S3150800E27402D4490648BFADB26F2F336014BF0A23D0
S3150800E28408235148002184F843106668002EA8BF65
S3150800E2942168A660A4BF21F0040121600DB9002EEF
S3150800E2A44BD01646B5FBF3F103FB1157C75D06F8C9
S3150800E2B4017D2F46BB420D46F4D9082B0BD12368A2
S3150800E2C4DF0708D5236961689942DEBF302306F85B
S3150800E2D4013C06F1FF36921B22614B462146404615
S3150800E2E4CDF800A003AAFFF7E1FE01304AD14FF0AA
S3150800E2F4FF3004B0BDE8F087236843F020032360A9
S3150800E3047827324884F84570236831681F0651F81F
S3150800E314045B02D45F0648BFADB23160D90744BF77
S3150800E32443F0200323601DB11023ABE72648E9E731
S3150800E334236823F020032360F6E71646BDE733680F
S3150800E3442568181D616930602E061B6801D5196099
S3150800E35402E06806FBD51980002316462361BCE74C
S3150800E364336800211A1D32601E686268304600F060
S3150800E37485F908B1801B606063682361002384F80B
S3150800E3844330AAE73246494640462369D047013016
S3150800E394ADD023689B0713D4E068039B9842B8BFA3
S3150800E3A41846A6E70123324649464046D047013077
S3150800E3B49DD00135E36803995B1AAB42F2DCEBE7BF
S3150800E3C4002504F11906F5E717F8000828F80008E7
S3150800E3D4B1F90C20F8B5160705460C4654D44B6813
S3150800E3E4002B02DC0B6C002B48DDE66A002E45D0B8
S3150800E3F4002312F480522F68216A2B6030D0626D94
S3150800E404A389590705D56368D21A636B0BB1236CC4
S3150800E414D21A00232846E66A216AB047431CA38910
S3150800E42406D129681D292BD8284A0A41D60727D494
S3150800E434002262602269D904226004D5421C01D1F3
S3150800E4442B6803B96065616B2F60B9B104F14403A5
S3150800E454994202D02846FFF749FB002363630DE07F
S3150800E46401232846B0470246501CC9D12B68002B05
S3150800E474C6D01D2B01D0162B1DD12F60002021E0FC
S3150800E48443F040031BB21AE00F69002FF6D0930736
S3150800E49418BF00230E6808BF4B69F61B0F608B6014
S3150800E4A4002EEBDD33463A462846216AD4F828C0BE
S3150800E4B4E047002807DCB4F90C3043F040034FF07A
S3150800E4C4FF30A381F8BD0744361AE9E7FEFFBFDF2C
S3150800E4D438B50B6905460C4613B90025284638BDD8
S3150800E4E418B1036A0BB9FFF765F9B4F90C30002BB8
S3150800E4F4F3D0626ED00704D4990502D4A06DFFF751
S3150800E504E4FA28462146FFF763FF636E0546DA07F1
S3150800E514E4D4A3899B05E1D4A06DFFF7D7FADDE718
S3150800E524F8B50E461446054618B1036A0BB9FFF743
S3150800E53441F9A369A360A3891A0701D5236943B9D5
S3150800E5442146284600F02AF818B14FF0FF37384616
S3150800E554F8BD23682269F6B2981A63693746834276
S3150800E56405DC21462846FFF7B3FF0028EDD1A3684A
S3150800E574013BA36023685A1C22601E706269431C0F
S3150800E5849A4204D0A389DB07E1D50A2EDFD12146B6
S3150800E5942846FFF79DFF0028D9D0D6E738B5294B7A
S3150800E5A4054618680C4618B1036A0BB9FFF702F951
S3150800E5B4B4F90C30190722D4DA0607D409222A60DA
S3150800E5C443F040034FF0FF30A38133E0580712D5D8
S3150800E5D4616B41B104F14403994202D02846FFF71E
S3150800E5E485FA00236363A38923F02403A381002304
S3150800E5F4636023692360A38943F00803A38123691D
S3150800E6044BB9A38903F42073B3F5007F03D02146DD
S3150800E614284600F094F8B4F90C3013F001020AD035
S3150800E6240022A26062695242A261226942B913F0C9
S3150800E6348000C5D138BD990758BF6269A260F4E75E
S3150800E6440020F7E774000020884210B501EB0204A5
S3150800E65402D98442234607D8431EA14208D011F89A
S3150800E664012B03F8012FF8E7014602448A4200D138
S3150800E67410BD13F8014D02F8014DF7E7034610B52E
S3150800E684C9B202449342184601D1002003E0047833
S3150800E69401338C42F6D110BD2DE9F041804615466A
S3150800E6A40C4621B91146BDE8F041FEF76BBF2AB9FD
S3150800E6B4FFF71CFA00242046BDE8F08100F09EF816
S3150800E6C48542064602D8B5EB500FF4D8294640468B
S3150800E6D4FEF758FF07460028ECD0B5422A462146DD
S3150800E6E428BF3246FFF7F3F921464046FFF7FEF9FD
S3150800E6F43C46E0E770B50C46B1F90E1015460029FC
S3150800E7041E4696B00CDAA389002113F0800F14BFB5
S3150800E71440234FF48063002031602B6016B070BD2F
S3150800E7246A4600F049F80028EDDB019901F47041C6
S3150800E734A1F50053594259414FF48063EBE78B899D
S3150800E744F7B59D0706460C4607D504F1470323602B
S3150800E75423610123636103B0F0BD6A4601ABFFF789
S3150800E764C9FF009F054639463046FEF70BFF48B9F0
S3150800E774B4F90C309A05EED423F0030343F00203EC
S3150800E784A381E2E7A389C4E9040743F08003A381CC
S3150800E794019B20605BB13046B4F90E1000F01EF8F8
S3150800E7A428B1A38923F0030343F00103A381A389B2
S3150800E7B41D43A581CFE7000038B50023064D04465E
S3150800E7C4084611462B60F2F75FF8431C02D12B6802
S3150800E7D403B1236038BD00BF28D0002038B5002314
S3150800E7E4054D044608462B60F2F754F8431C02D13B
S3150800E7F42B6803B1236038BD28D0002051F8043CA7
S3150800E804181F002BBCBF0B58C0187047F8B500BFBB
S3150800E814F8BC08BC9E467047F8B500BFF8BC08BCEF
S3090800E8249E46704747
S3150800E828FFFFFFFFFFFFFFFF4E41000048414C5F17
S3150800E83846756E6374696F6E00000000000000007C
S3150800E848010203040000000000000000010203049E
S3150800E858060708092E2E2F447269766572732F5398
S3150800E868544D3332463178785F48414C5F44726973
S3150800E8787665722F5372632F73746D3332663178E7
S3150800E888785F68616C5F636F727465782E630000E1
S3150800E8982E2E2F447269766572732F53544D333270
S3150800E8A8463178785F48414C5F4472697665722FBD
S3150800E8B85372632F73746D3332663178785F686183
S3150800E8C86C5F6372632E63002E2E2F447269766519
S3150800E8D872732F53544D3332463178785F48414C1A
S3150800E8E85F4472697665722F5372632F73746D333A
S3150800E8F832663178785F68616C5F6770696F2E6316
S3150800E908000000002E2E2F447269766572732F5305
S3150800E918544D3332463178785F48414C5F447269C2
S3150800E9287665722F5372632F73746D333266317836
S3150800E938785F68616C5F6932632E63002E2E2F44F8
S3150800E9487269766572732F53544D33324631787827
S3150800E9585F48414C5F4472697665722F5372632F1C
S3150800E96873746D3332663178785F68616C5F726389
S3150800E978632E63000102000002030405060708095E
S3150800E9880A0B0C0D0E0F10102E2E2F447269766581
S3150800E99872732F53544D3332463178785F48414C59
S3150800E9A85F4472697665722F5372632F73746D3379
S3150800E9B832663178785F68616C5F7263635F657821
S3150800E9C82E63000001020000020304050607080971
S3150800E9D80A0B0C0D0E0F10102E2E2F447269766531
S3150800E9E872732F53544D3332463178785F48414C09
S3150800E9F85F4472697665722F5372632F73746D3329
S3150800EA0832663178785F68616C5F7274632E63006A
S3150800EA182E2E2F447269766572732F53544D3332EE
S3150800EA28463178785F48414C5F4472697665722F3B
S3150800EA385372632F73746D3332663178785F686101
S3150800EA486C5F7274635F65782E6300002E2E2F4400
S3150800EA587269766572732F53544D33324631787816
S3150800EA685F48414C5F4472697665722F5372632F0B
S3150800EA7873746D3332663178785F68616C5F73706A
S3150800EA88692E63002E2E2F447269766572732F538A
S3150800EA98544D3332463178785F48414C5F44726941
S3150800EAA87665722F5372632F73746D3332663178B5
S3150800EAB8785F68616C5F74696D2E63002E2E2F442B
S3150800EAC87269766572732F53544D333246317878A6
S3150800EAD85F48414C5F4472697665722F5372632F9B
S3150800EAE873746D3332663178785F68616C5F746900
S3150800EAF86D5F65782E6300002E2E2F447269766541
S3150800EB0872732F53544D3332463178785F48414CE7
S3150800EB185F4472697665722F5372632F73746D3307
S3150800EB2832663178785F68616C5F756172742E63D6
S3150800EB3800000000222A2B2C3A3B3C3D3E3F5B5DF9
S3150800EB487C7F0000809A90B68EB78F80D2D3D4D8AF
S3150800EB58D7DE8E8F909292E299E3EAEB59999A9DBD
S3150800EB689C9D9E9FB5D6E0E9A5A5A6A7A8A9AAAB88
S3150800EB78AC21AEAFB0B1B2B3B4B5B6B7B8B9BABBD3
S3150800EB88BCBDBEBFC0C1C2C3C4C5C7C7C8C9CACB36
S3150800EB98CCCDCECFD0D1D2D3D4D5D6D7D8D9DADB27
S3150800EBA8DCDDDEDFE0E1E2E3E5E5E6E7E7E9EAEB17
S3150800EBB8EDEDEEEFF0F1F2F3F4F5F6F7F8F9FAFB06
S3150800EBC8FCFDFEFF00000000000001010001020034
S3150800EBD80103000104000105000106000107000100
S3150800EBE801010102010103010104010105010106F0
S3150800EBF801010701010102010202010302010402DF
S3150800EC0801050201060201070201010301020301C7
S3150800EC1803030104030105030106030107030101B0
S3150800EC28040102040103040104040105040106049D
S3150800EC3801070400FFFFFFFF050000000A000000A7
S3150800EC481400000028000000000000010000000170
S3150800EC580000000101010001000100010101010194
S3150800EC68000C014010000000000C014008000000DC
S3150800EC78000C0140200000000010014000080000B8
S3150800EC8800100140001000000010014000040000B8
S3150800EC98000100000D0A20466173616C2E20477238
S3150800ECA86F77204D6F72652C2047726F7720426503
S3150800ECB874746572210D0A20576F6C6B757320542E
S3150800ECC86563686E6F6C6F677920536F6C757469C6
S3150800ECD86F6E732050726976617465204C696D6928
S3150800ECE87465642C2042616E67616C6F72652C20AE
S3150800ECF8496E6469612E00000D0A204465766963C9
S3150800ED08653A2048572076657273696F6E3A2025EA
S3150800ED18642E25642C2046572076657273696F6EB3
S3150800ED283A2025642E25640031363A35313A353588
S3150800ED380000000044656320203620323032340053
S3150800ED480D0A2042696E617269657320636F6D707A
S3150800ED58696C6564206F6E2025732061742025739D
S3150800ED68000000000D0A204275696C6420666F72FF
S3150800ED7820466173616C20466C617368657220422F
S3150800ED886F617264000000000D0A3E3E20507265ED
S3150800ED98737320466C61736820427574746F6E20AD
S3150800EDA8666F7220496E6974696174696E67205462
S3150800EDB872616E73666572000D0A3E3E20445554AC
S3150800EDC820466C6173682053657475702025730036
S3150800EDD80D0A3E3E205472616E73666572204D6F49
S3150800EDE864653A205344206361726420746F206610
S3150800EDF86C6173682073656C6563746564000000EC
S3150800EE080D0A3E3E205472616E73666572204D6F18
S3150800EE1864653A20582D4D6F64656D20746F2066B9
S3150800EE286C6173682073656C6563746564000000BB
S3150800EE380D0A3E3E2053442D4361726420496E698B
S3150800EE4874202573000000000D0A3E3E20476F6CAB
S3150800EE5864656E20496D61676520696E2053442D87
S3150800EE684361726420737461747573202573000096
S3150800EE780D0A3E3E205472616E7366657272696E3B
S3150800EE886720476F6C64656E20496D616765206603
S3150800EE98696C652066726F6D2053442D43617264F0
S3150800EEA820746F20466C6173682E20457374696DEB
S3150800EEB8617465642054696D6520746F20436F6DAD
S3150800EEC8706C6574696F6E3A203330730000000001
S3150800EED80D0A3E3E2046696C65205472616E73665B
S3150800EEE865722066726F6D2053442D4361726420E3
S3150800EEF8746F20466C617368202573000D0A3E3EC0
S3150800EF082053656E6420476F6C64656E20496D6191
S3150800EF186765206F76657220582D6D6F64656D205C
S3150800EF28666F72205570646174652E20457374691E
S3150800EF386D617465642054696D6520746F20436F2C
S3150800EF486D706C6574696F6E3A20343573200D0AD6
S3150800EF58000000000D0A3E3E20436F6D7075746907
S3150800EF686E6720435243206F662066696C65732076
S3150800EF78696E205344206361726420616E6420467A
S3150800EF886C6173682073746F726167652E2E2E2004
S3150800EF98457374696D617465642054696D65207478
S3150800EFA86F20436F6D706C6574696F6E3A203573A0
S3150800EFB8000000000D0A3E3E205472616E736665B5
S3150800EFC8727265642046696C657320696E74656734
S3150800EFD872697479207665726966696564200000C5
S3150800EFE80D0A3E3E2053442D4361726420616E64C7
S3150800EFF820666C6173682066696C652043524320F5
S3150800F0086D69736D61746368200000000D0A3E3EE1
S3150800F0182046696C65207472616E73666572207322
S3150800F02875636365737366756C6C7920636F6D7049
S3150800F0386C657465212000000D0A3E3E2053442D58
S3150800F0484361726420616E642066696C6520737911
S3150800F0587374656D207365747570206661696C755F
S3150800F068726520000D0A3E3E20476F6C64656E2067
S3150800F078496D616765206E6F7420666F756E6420CA
S3150800F088696E20696E2053442D436172642100001D
S3150800F0980D0A3E3E20456E73757265204455542008
S3150800F0A8466C61736820697320636F6E6E65637456
S3150800F0B865642C20616E6420445554204D435520C0
S3150800F0C8697320656D7074792F68656C6420696E3C
S3150800F0D820726573657400000D0A3E3E2046696C09
S3150800F0E865207472616E73666572204661696C2163
S3150800F0F8000000000D0A3E3E204170706C6963618D
S3150800F10874696F6E204572726F7220436F64653A30
S3150800F1182025303458000000040B12191919191A39
S3150800F1281A1A0309090909090000000053756363D7
S3150800F138657373004661696C757265000D0A0D0A78
S3150800F1482A2A2A2A2A2A2A2A2A2A2A2A2A2A2A2A09
S3150800F1582A2A2A2A2A2A2A2A2A2A2A2A2A2A2A2AF9
S3150800F1682A2A2A2A2A2A2A2A2A2A2A2A2A2A2A2AE9
S3150800F1782A2A2A2A2A2A2A2A2A2A2A2A0D0A00006A
S3150800F1880D0A3E3E204552524F523A2048414C20DD
S3150800F1986572726F722068616E646C657220696E3A
S3150800F1A8766F6B65640000000D0A3E3E2045525294
S3150800F1B84F523A2041524D204661756C7420456E6F
S3150800F1C8636F756E74657265640000000D0A3E3ECD
S3150800F1D8204552524F523A20417373657274696FCB
S3150800F1E86E206661696C75726520696E2066696C41
S3150800F1F865202573206F6E206C696E65202564204E
S3150800F20861742066756E6374696F6E2025730000D5
S3150800F21866616C6C6261636B2E747874000000001A
S3150800F22800000000356900082D69000825690008EE
S3150800F2382169000880000000800000000000010025
S3150800F24880000000FFFFFFFF80000000100000009C
S3150800F258B007002030070020200700200000000023
S3150800F2680000000000000000000000002F00000059
S3150800F2782E2E2F557365725F46696C65732F41701C
S3150800F2887053746F726167652F417070466C61734D
S3150800F2986846532F4C6974746C6546532F6C6673AD
S3150800F2A82E63000025733A25643A6572726F723ABE
S3150800F2B820436F7272757074656420646972207071
S3150800F2C8616972206174207B3078256C782C20302F
S3150800F2D878256C787D25730A0000000025733A2581
S3150800F2E8643A7761726E3A204379636C652064657F
S3150800F2F874656374656420696E207461696C206C32
S3150800F30869737425730A000025733A25643A657289
S3150800F318726F723A204E6F206D6F7265206672653D
S3150800F3286520737061636520256C7525730A00006E
S3150800F33825733A25643A64656275673A20426164BA
S3150800F34820626C6F636B206174203078256C782591
S3150800F358730A000025733A25643A7761726E3A2073
S3150800F3685375706572626C6F636B203078256C789C
S3150800F37820686173206265636F6D6520756E7772A4
S3150800F388697461626C6525730A00000025733A255D
S3150800F398643A7761726E3A20556E61626C652074BC
S3150800F3A86F2073706C6974207B3078256C782C20F4
S3150800F3B83078256C787D25730A00000025733A2570
S3150800F3C8643A64656275673A20457870616E64695F
S3150800F3D86E67207375706572626C6F636B206174F3
S3150800F3E82072657620256C7525730A0025733A25DB
S3150800F3F8643A7761726E3A20556E61626C6520745C
S3150800F4086F20657870616E64207375706572626CBA
S3150800F4186F636B25730A000025733A25643A646599
S3150800F4286275673A2052656C6F636174696E672006
S3150800F4387B3078256C782C203078256C787D202DC3
S3150800F4483E207B3078256C782C203078256C787DA2
S3150800F45825730A0025733A25643A64656275673A1E
S3150800F46820466978696E67206D6F766520776869C2
S3150800F4786C652072656C6F636174696E67207B3092
S3150800F48878256C782C203078256C787D203078257E
S3150800F49868780A25730A000025733A25643A64656C
S3150800F4A86275673A20466978696E672068616C668E
S3150800F4B82D6F727068616E207B3078256C782C20E9
S3150800F4C83078256C787D202D3E207B3078256C7821
S3150800F4D82C203078256C787D25730A0025733A2503
S3150800F4E8643A64656275673A20466978696E672082
S3150800F4F86D6F7665207768696C6520666978696EC8
S3150800F50867206F727068616E73207B3078256C7817
S3150800F5182C203078256C787D2030782568780A255F
S3150800F528730A000025733A25643A64656275673A72
S3150800F53820466978696E67206F727068616E207BED
S3150800F5483078256C782C203078256C787D25730AD8
S3150800F5580000000025733A25643A64656275673ABF
S3150800F56820526577726974696E672073757065725B
S3150800F578626C6F636B207B3078256C782C2030782A
S3150800F588256C787D25730A0025733A25643A6465DF
S3150800F5986275673A20466978696E67206D6F766581
S3150800F5A8207B3078256C782C203078256C787D205F
S3150800F5B8307825687825730A000000006C69747429
S3150800F5C86C6566730000000025733A25643A65720F
S3150800F5D8726F723A20496E76616C69642076657234
S3150800F5E873696F6E20762568752E25687520213D06
S3150800F5F820762568752E25687525730A000000008B
S3150800F60825733A25643A64656275673A20466F75C4
S3150800F6186E64206F6C646572206D696E6F722076F1
S3150800F628657273696F6E20762568752E256875204C
S3150800F6383C20762568752E25687525730A0000000E
S3150800F64825733A25643A6572726F723A20556E7355
S3150800F6587570706F72746564206E616D655F6D6133
S3150800F668782028256C75203E20256C752925730A6F
S3150800F6780000000025733A25643A6572726F723A7B
S3150800F68820556E737570706F727465642066696C40
S3150800F698655F6D61782028256C75203E20256C7578
S3150800F6A82925730A0000000025733A25643A65720D
S3150800F6B8726F723A20556E737570706F72746564DE
S3150800F6C820617474725F6D61782028256C75203EF8
S3150800F6D820256C752925730A0000000025733A252C
S3150800F6E8643A6572726F723A20496E76616C69641B
S3150800F6F820626C6F636B20636F756E742028256CA7
S3150800F7087520213D20256C752925730A00000000FF
S3150800F71825733A25643A6572726F723A20496E768D
S3150800F728616C696420626C6F636B2073697A652003
S3150800F73828256C7520213D20256C752925730A0016
S3150800F74825733A25643A64656275673A20466F7583
S3150800F7586E642070656E64696E6720677374617479
S3150800F768652030782530386C782530386C7825301F
S3150800F778386C7825730A00000000000000000000B5
S3150800F78800000000000000006410B71DC8206E3B8A
S3150800F798AC30D9269041DC76F4516B6B5861B24D82
S3150800F7A83C7105502083B8ED44930FF0E8A3D6D6EC
S3150800F7B88CB361CBB0C2649BD4D2D38678E20AA054
S3150800F7C81CF2BDBD0D0A3E3E20435243206F6620FB
S3150800F7D8476F6C64656E20496D6167652066696C5C
S3150800F7E86520696E205344203A202558207C2046F7
S3150800F7F86C617368203A2025580000000001232D03
S3150800F808302B2000686C4C00656667454647003013
S3150800F8183132333435363738394142434445460060
S3150800F8283031323334353637383961626364656660
S3090800F83800000000BE
S30D0800F83CE809FF7F0100000046
S3090800F844090200089F
S3090800F848E5010008C0
S3150800F84C0024F40001000000100000000537000831
S3150800F85C193700082D3700083137000835370008E6
S3150800F86C010101010000000000000000000000007A
S3150800F87C0000000080EC00080000000088EC00087E
S3150800F88C0000000090EC00080000000068EC00087E
S3150800F89C0000000070EC00080000000078EC00087E
S3150800F8AC000000000100000000000000030000003A
S3150800F8BCECCE00207800002000000000ECCE0020E2
S3150800F8CC54CF0020BCCF0020000000000000000030
S3150800F8DC000000000000000000000000000000000E
S3150800F8EC00000000000000000000000000000000FE
S3150800F8FC00000000000000000000000000000000EE
S3090800F90C00000000E9
S70508000AB137
